STATO;LAVORI;NOME_LAVORO;DATA_DI_STAMPA;LARGHEZZA_cm;ALTEZZA_cm;COPIE;AREA_TOTALE_mq;STAMPANTE;SUPPORTO;RISOLUZIONE;TEMPO_RIP;TEMPO_STAMPA;INCHIOSTO_UTILIZZATO_ml;INCHIOSTRO_TOTALE;COSTO_INCHIOSTRO;NUMERO_ORDINE;SCOIETA;CLIENTE;NOTE;PERSONALIZZATO_01;PERSONALIZZATO_02;DUE_PRINT;DUE_DATE;ID_TAGLIO;
ERROR;Ard_6x3.JPG;;10/10/2023 10:22:22;568,00;280,00;3;47,7500;DGen Papyrus G5;BB Inchiostrazione elevata [Solutioncare];720x600;00:00:24;00:02:56;;0,00;€0,00;;;;;;;0;;;
OK;Ard_6x3.JPG;;10/10/2023 10:28:29;568,00;280,00;1;15,9500;DGen Papyrus G5;BB Inchiostrazione elevata [Solutioncare];720x600;00:00:24;00:07:43;;0,00;€0,00;;;;;;;0;;;
OK;Expert_6x3_Bielle.JPG;;10/10/2023 13:09:13;568,00;280,00;2;31,8500;DGen Papyrus G5;BB Inchiostrazione elevata [Solutioncare];720x600;00:00:21;01:34:51;;0,00;€0,00;;;;;;;0;;;
OK;Expert-TP_6x3.JPG;;10/10/2023 13:33:03;568,00;280,00;3;47,7500;DGen Papyrus G5;BB Inchiostrazione elevata [Solutioncare];720x600;00:00:19;01:34:51;;0,00;€0,00;;;;;;;0;;;
OK;GED_140x200_Camilliani-434.JPG;;10/10/2023 14:23:24;131,00;194,00;2;5,1000;DGen Papyrus G5;BB Inchiostrazione elevata [Solutioncare];720x600;00:00:09;01:34:51;;0,00;€0,00;;;;;;;0;;;
OK;GED_140x200_DaVinci-419.JPG;;10/10/2023 14:28:58;131,00;194,00;3;7,6500;DGen Papyrus G5;BB Inchiostrazione elevata [Solutioncare];720x600;00:00:09;01:34:51;;0,00;€0,00;;;;;;;0;;;
OK;GED_140x200_DaVinci-432.JPG;;10/10/2023 14:37:25;131,00;194,00;2;5,1000;DGen Papyrus G5;BB Inchiostrazione elevata [Solutioncare];720x600;00:00:08;01:34:51;;0,00;€0,00;;;;;;;0;;;
OK;N_1_MANIF_71X105_OTTICA_LOMBARDO_misurazione_vista_gratis.JPG;;10/10/2023 14:59:20;105,05;71,05;1;0,7500;DGen Papyrus G5;BB Inchiostrazione elevata [Solutioncare];720x600;00:00:05;00:00:11;;0,00;€0,00;;;;;;;0;;;
OK;N_1_MANIFESTO_CM_120X80_ARNOLD_SOG_1.JPG;;10/10/2023 14:59:23;120,05;80,00;1;1,0000;DGen Papyrus G5;BB Inchiostrazione elevata [Solutioncare];720x600;00:00:05;00:00:11;;0,00;€0,00;;;;;;;0;;;
OK;N_1_MANIFESTO_CM_120X80_ARNOLD_SOG_2.JPG;;10/10/2023 14:59:27;120,05;80,00;1;1,0000;DGen Papyrus G5;BB Inchiostrazione elevata [Solutioncare];720x600;00:00:05;00:00:11;;0,00;€0,00;;;;;;;0;;;
OK;Ard_6x3_Marsala.JPG;;10/10/2023 16:15:37;568,00;280,00;1;15,9500;DGen Papyrus G5;BB Inchiostrazione elevata [Solutioncare];720x600;00:00:22;00:07:37;;0,00;€0,00;;;;;;;0;;;
OK;CC_280x200_1.JPG;;10/10/2023 16:27:33;270,05;194,00;1;5,2500;DGen Papyrus G5;BB Inchiostrazione elevata [Solutioncare];720x600;00:00:15;00:02:06;;0,00;€0,00;;;;;;;0;;;
OK;Eurospin_6x3_Ingham.JPG;;10/10/2023 16:35:23;568,00;280,00;1;15,9500;DGen Papyrus G5;BB Inchiostrazione elevata [Solutioncare];720x600;00:00:14;00:49:37;;0,00;€0,00;;;;;;;0;;;
OK;EuroSpin_12x3.JPG;;10/10/2023 16:46:51;1.180,00;278,00;1;32,8500;DGen Papyrus G5;BB Inchiostrazione elevata [Solutioncare];720x600;00:00:39;00:49:37;;0,00;€0,00;;;;;;;0;;;
OK;Eurospin_6x3_MMarine-Dx.JPG;;11/10/2023 08:21:51;568,00;280,00;1;15,9500;DGen Papyrus G5;BB Inchiostrazione elevata [Solutioncare];720x600;00:00:15;00:29:24;;0,00;€0,00;;;;;;;0;;;
OK;Eurospin_6x3_MMarine-Sx.JPG;;11/10/2023 08:29:28;568,00;280,00;1;15,9500;DGen Papyrus G5;BB Inchiostrazione elevata [Solutioncare];720x600;00:00:14;00:29:24;;0,00;€0,00;;;;;;;0;;;
OK;Eurospin_280x200.JPG;;11/10/2023 08:45:41;270,05;194,00;1;5,2500;DGen Papyrus G5;BB Inchiostrazione elevata [Solutioncare];720x600;00:00:19;00:29:24;;0,00;€0,00;;;;;;;0;;;
OK;6X4_TRAPANI_TEL.JPG;;11/10/2023 09:03:44;568,00;390,00;1;22,2000;DGen Papyrus G5;BB Inchiostrazione elevata [Solutioncare];720x600;00:00:28;00:13:56;;0,00;€0,00;;;;;;;0;;;
OK;IlCentesimo_6x3_Base.JPG;;11/10/2023 12:13:22;568,00;280,00;5;79,5500;DGen Papyrus G5;BB Inchiostrazione elevata [Solutioncare];720x600;00:00:16;01:43:49;;0,00;€0,00;;;;;;;0;;;
OK;IlCentesimo_140x200_1.JPG;;11/10/2023 13:28:11;134,00;194,00;2;5,2000;DGen Papyrus G5;BB Inchiostrazione elevata [Solutioncare];720x600;00:00:08;01:43:49;;0,00;€0,00;;;;;;;0;;;
OK;IlCentesimo_140x200_2.JPG;;11/10/2023 13:33:50;134,00;194,00;2;5,2000;DGen Papyrus G5;BB Inchiostrazione elevata [Solutioncare];720x600;00:00:08;01:43:49;;0,00;€0,00;;;;;;;0;;;
OK;IlCentesimo_140x200_3.JPG;;11/10/2023 13:39:26;134,00;194,00;3;7,8000;DGen Papyrus G5;BB Inchiostrazione elevata [Solutioncare];720x600;00:00:09;01:43:49;;0,00;€0,00;;;;;;;0;;;
OK;IlCentesimo_140x200_4.JPG;;11/10/2023 13:48:44;134,00;194,00;3;7,8000;DGen Papyrus G5;BB Inchiostrazione elevata [Solutioncare];720x600;00:00:09;01:43:49;;0,00;€0,00;;;;;;;0;;;
OK;IlCentesimo_6x3_Base.JPG;;12/10/2023 08:05:34;568,00;280,00;4;63,6500;DGen Papyrus G5;BB Inchiostrazione elevata [Solutioncare];720x600;00:00:16;00:37:47;;0,00;€0,00;;;;;;;0;;;
OK;distribution580x275.JPG;;12/10/2023 08:21:37;575,00;285,00;1;16,4000;DGen Papyrus G5;BB Inchiostrazione elevata [Solutioncare];720x600;00:00:23;00:37:47;;0,00;€0,00;;;;;;;0;;;
OK;IlCentesimo_6x3_Base.JPG;;12/10/2023 09:10:50;143,50;141,00;4;8,1000;DGen Papyrus G5;BB Inchiostrazione elevata [Solutioncare];720x600;00:00:16;00:00:28;;0,00;€0,00;;;;;;;0;;;
OK;IlCentesimo_6x3_Base.JPG;;12/10/2023 09:21:13;568,00;280,00;4;63,6500;DGen Papyrus G5;BB Inchiostrazione elevata [Solutioncare];720x600;00:00:16;00:58:39;;0,00;€0,00;;;;;;;0;;;
OK;IlCentesimo_6x3_Base.JPG;;12/10/2023 10:36:47;568,00;280,00;8;127,2500;DGen Papyrus G5;BB Inchiostrazione elevata [Solutioncare];720x600;00:00:16;02:05:26;;0,00;€0,00;;;;;;;0;;;
OK;IlCentesimo_6x3_Base.JPG;;12/10/2023 13:13:02;568,00;280,00;4;63,6500;DGen Papyrus G5;BB Inchiostrazione elevata [Solutioncare];720x600;00:00:16;00:58:36;;0,00;€0,00;;;;;;;0;;;
OK;IlCentesimo_6x3_Base.JPG;;12/10/2023 14:26:08;568,00;280,00;6;95,4500;DGen Papyrus G5;BB Inchiostrazione elevata [Solutioncare];720x600;00:00:16;01:32:16;;0,00;€0,00;;;;;;;0;;;
OK;IlCentesimo_6x3_Base.JPG;;12/10/2023 16:06:55;568,00;280,00;1;15,9500;DGen Papyrus G5;BB Inchiostrazione elevata [Solutioncare];720x600;00:00:16;00:09:02;;0,00;€0,00;;;;;;;0;;;
OK;PaghiPoco_12x3.JPG;;12/10/2023 16:45:30;1.180,00;278,00;3;98,4500;DGen Papyrus G5;BB Inchiostrazione elevata [Solutioncare];720x600;00:00:46;11:06:20;;0,00;€0,00;;;;;;;0;;;
OK;PaghiPoco_140x200_PA_A.JPG;;12/10/2023 18:28:10;131,00;194,00;19;48,3000;DGen Papyrus G5;BB Inchiostrazione elevata [Solutioncare];720x600;00:00:11;11:06:20;;0,00;€0,00;;;;;;;0;;;
OK;PaghiPoco_140x200_PA_B.JPG;;12/10/2023 19:23:11;131,00;194,00;18;45,7500;DGen Papyrus G5;BB Inchiostrazione elevata [Solutioncare];720x600;00:00:13;11:06:20;;0,00;€0,00;;;;;;;0;;;
OK;Todis_6x3_ME_S_Martino.JPG;;12/10/2023 19:42:50;568,00;280,00;1;15,9500;DGen Papyrus G5;BB Inchiostrazione elevata [Solutioncare];720x600;00:00:20;11:06:20;;0,00;€0,00;;;;;;;0;;;
OK;PaghiPoco_140x200_Partinico_A.JPG;;12/10/2023 20:19:24;131,00;194,00;2;5,1000;DGen Papyrus G5;BB Inchiostrazione elevata [Solutioncare];720x600;00:00:08;11:06:20;;0,00;€0,00;;;;;;;0;;;
OK;PaghiPoco_140x200_Partinico_B.JPG;;12/10/2023 20:25:03;131,00;194,00;2;5,1000;DGen Papyrus G5;BB Inchiostrazione elevata [Solutioncare];720x600;00:00:08;11:06:20;;0,00;€0,00;;;;;;;0;;;
OK;PaghiPoco_140x200_TP_A.JPG;;12/10/2023 20:30:35;131,00;194,00;17;43,2500;DGen Papyrus G5;BB Inchiostrazione elevata [Solutioncare];720x600;00:00:08;11:06:20;;0,00;€0,00;;;;;;;0;;;
OK;PaghiPoco_140x200_TP_B.JPG;;12/10/2023 21:20:14;131,00;194,00;17;43,2500;DGen Papyrus G5;BB Inchiostrazione elevata [Solutioncare];720x600;00:00:08;11:06:20;;0,00;€0,00;;;;;;;0;;;
OK;Todis_6x3_PA_ViaCasella.JPG;;12/10/2023 22:23:54;568,00;280,00;1;15,9500;DGen Papyrus G5;BB Inchiostrazione elevata [Solutioncare];720x600;00:00:21;11:06:20;;0,00;€0,00;;;;;;;0;;;
OK;Todis_6x3_PA_ViaCorbino.JPG;;12/10/2023 22:40:16;568,00;280,00;2;31,8500;DGen Papyrus G5;BB Inchiostrazione elevata [Solutioncare];720x600;00:00:21;11:06:20;;0,00;€0,00;;;;;;;0;;;
OK;Todis_6x3_PA_ViaGeremia.JPG;;12/10/2023 23:14:18;568,00;280,00;2;31,8500;DGen Papyrus G5;BB Inchiostrazione elevata [Solutioncare];720x600;00:00:22;11:06:20;;0,00;€0,00;;;;;;;0;;;
OK;Todis_6x3_PA_ViaTricomi.JPG;;12/10/2023 23:47:57;568,00;280,00;1;15,9500;DGen Papyrus G5;BB Inchiostrazione elevata [Solutioncare];720x600;00:00:20;11:06:20;;0,00;€0,00;;;;;;;0;;;
OK;Todis_6x3_PA_ViaRudinì1.JPG;;13/10/2023 00:05:04;568,00;280,00;2;31,8500;DGen Papyrus G5;BB Inchiostrazione elevata [Solutioncare];720x600;00:00:21;11:06:20;;0,00;€0,00;;;;;;;0;;;
OK;Todis_6x3_PA_ViaRudinì2.JPG;;13/10/2023 00:38:48;568,00;280,00;3;47,7500;DGen Papyrus G5;BB Inchiostrazione elevata [Solutioncare];720x600;00:00:22;11:06:20;;0,00;€0,00;;;;;;;0;;;
OK;ParcHotelItalia_6x3.JPG;;13/10/2023 01:29:27;568,00;280,00;2;31,8500;DGen Papyrus G5;BB Inchiostrazione elevata [Solutioncare];720x600;00:00:20;11:06:20;;0,00;€0,00;;;;;;;0;;;
OK;Remax_6x3_Maurizio.JPG;;13/10/2023 02:03:10;568,00;280,00;4;63,6500;DGen Papyrus G5;BB Inchiostrazione elevata [Solutioncare];720x600;00:00:24;11:06:20;;0,00;€0,00;;;;;;;0;;;
OK;Remax_140x200_Maurizio.JPG;;13/10/2023 03:10:46;131,00;194,00;14;35,6000;DGen Papyrus G5;BB Inchiostrazione elevata [Solutioncare];720x600;00:00:11;11:06:20;;0,00;€0,00;;;;;;;0;;;
OK;PaghiPoco_6x3_Siracusa.JPG;;13/10/2023 08:38:58;568,00;280,00;5;79,5500;DGen Papyrus G5;BB Inchiostrazione elevata [Solutioncare];720x600;00:00:21;01:16:02;;0,00;€0,00;;;;;;;0;;;
ERROR;Manifesto_2x1.JPG;;13/10/2023 10:08:33;100,05;200,05;1;2,0500;DGen Papyrus G5;BB Inchiostrazione elevata [Solutioncare];720x600;00:00:10;00:04:17;;0,00;€0,00;;;;;;;0;;;
ERROR;PaghiPoco_6x3_Trapani.JPG;;13/10/2023 10:08:43;568,00;280,00;6;95,4500;DGen Papyrus G5;BB Inchiostrazione elevata [Solutioncare];720x600;00:00:21;00:04:17;;0,00;€0,00;;;;;;;0;;;
OK;PaghiPoco_6x3_CT_Besana.JPG;;13/10/2023 10:13:05;568,00;280,00;1;15,9500;DGen Papyrus G5;BB Inchiostrazione elevata [Solutioncare];720x600;00:00:22;00:10:00;;0,00;€0,00;;;;;;;0;;;
OK;Manifesto_2x1.JPG;;13/10/2023 10:39:16;100,05;200,05;1;2,0500;DGen Papyrus G5;BB Inchiostrazione elevata [Solutioncare];720x600;00:00:10;02:43:27;;0,00;€0,00;;;;;;;0;;;
OK;PaghiPoco_6x3_Trapani.JPG;;13/10/2023 10:39:26;568,00;280,00;6;95,4500;DGen Papyrus G5;BB Inchiostrazione elevata [Solutioncare];720x600;00:00:21;02:43:27;;0,00;€0,00;;;;;;;0;;;
OK;Unieuro_6x3_1.JPG;;13/10/2023 12:14:38;568,00;570,00;1;32,4000;DGen Papyrus G5;BB Inchiostrazione elevata [Solutioncare];720x600;00:00:42;02:43:27;;0,00;€0,00;;;;;;;0;;;
OK;Unieuro_6x3_2.JPG;;13/10/2023 12:48:48;568,00;570,00;1;32,4000;DGen Papyrus G5;BB Inchiostrazione elevata [Solutioncare];720x600;00:00:43;02:43:27;;0,00;€0,00;;;;;;;0;;;
OK;SposaInLove_6x3.JPG;;13/10/2023 13:55:20;568,00;280,00;5;79,5500;DGen Papyrus G5;BB Inchiostrazione elevata [Solutioncare];720x600;00:00:17;01:16:10;;0,00;€0,00;;;;;;;0;;;
OK;SposaInLove_12x3.JPG;;13/10/2023 15:16:54;1.180,00;278,00;1;32,8500;DGen Papyrus G5;BB Inchiostrazione elevata [Solutioncare];720x600;00:00:32;00:31:14;;0,00;€0,00;;;;;;;0;;;
OK;IlCentesimo_100x140.JPG;;16/10/2023 08:19:36;131,00;95,00;5;6,2500;DGen Papyrus G5;BB Inchiostrazione elevata [Solutioncare];720x600;00:00:04;00:00:21;;0,00;€0,00;;;;;;;0;;;
OK;IlCentesimo_140x200.JPG;;16/10/2023 08:30:04;131,00;194,00;32;81,3500;DGen Papyrus G5;BB Inchiostrazione elevata [Solutioncare];720x600;00:00:08;00:42:23;;0,00;€0,00;;;;;;;0;;;
OK;N_1_MANIF_CM_80X80_ARNOLD.JPG;;16/10/2023 09:13:28;80,00;80,00;1;0,6500;DGen Papyrus G5;BB Inchiostrazione elevata [Solutioncare];720x600;00:00:03;00:00:02;;0,00;€0,00;;;;;;;0;;;
OK;IlCentesimo_6x3.JPG;;16/10/2023 09:15:04;568,00;280,00;4;63,6500;DGen Papyrus G5;BB Inchiostrazione elevata [Solutioncare];720x600;00:00:18;00:34:43;;0,00;€0,00;;;;;;;0;;;
OK;SposaInLove_6x6.JPG;;16/10/2023 10:03:13;568,00;570,00;1;32,4000;DGen Papyrus G5;BB Inchiostrazione elevata [Solutioncare];720x600;00:00:32;00:24:50;;0,00;€0,00;;;;;;;0;;;
OK;SposaInLove_6x6.JPG;;16/10/2023 10:39:04;568,00;570,00;1;32,4000;DGen Papyrus G5;BB Inchiostrazione elevata [Solutioncare];720x600;00:00:32;00:24:48;;0,00;€0,00;;;;;;;0;;;
OK;SposaInLove_6x6.JPG;;16/10/2023 11:30:56;568,00;570,00;1;32,4000;DGen Papyrus G5;BB Inchiostrazione elevata [Solutioncare];720x600;00:00:32;01:56:27;;0,00;€0,00;;;;;;;0;;;
OK;SposaInLove_12x6.JPG;;16/10/2023 11:56:48;1.185,00;575,00;1;68,1500;DGen Papyrus G5;BB Inchiostrazione elevata [Solutioncare];720x600;00:00:57;01:56:27;;0,00;€0,00;;;;;;;0;;;
OK;Famila_140x200.JPG;;16/10/2023 16:18:17;131,00;194,00;125;317,7000;DGen Papyrus G5;BB Inchiostrazione elevata [Solutioncare];720x600;00:00:08;13:20:12;;0,00;€0,00;;;;;;;0;;;
OK;N_1_MANIFESTO_CM_80X80_KEVIN_SOG_2.JPG;;16/10/2023 19:07:37;80,00;80,00;1;0,6500;DGen Papyrus G5;BB Inchiostrazione elevata [Solutioncare];720x600;00:00:05;13:20:12;;0,00;€0,00;;;;;;;0;;;
OK;Famila_100x140.JPG;;16/10/2023 22:01:59;131,00;95,00;6;7,5000;DGen Papyrus G5;BB Inchiostrazione elevata [Solutioncare];720x600;00:00:05;13:20:12;;0,00;€0,00;;;;;;;0;;;
OK;YoYoMinicar_102x142_A.JPG;;16/10/2023 22:10:06;142,00;102,00;55;79,7000;DGen Papyrus G5;BB Inchiostrazione elevata [Solutioncare];720x600;00:00:05;13:20:12;;0,00;€0,00;;;;;;;0;;;
OK;YoYoMinicar_102x142_B.JPG;;16/10/2023 23:34:30;142,00;102,00;55;79,7000;DGen Papyrus G5;BB Inchiostrazione elevata [Solutioncare];720x600;00:00:05;13:20:12;;0,00;€0,00;;;;;;;0;;;
OK;YoYoMinicar_6x3_A.JPG;;17/10/2023 00:58:46;568,00;280,00;5;79,5500;DGen Papyrus G5;BB Inchiostrazione elevata [Solutioncare];720x600;00:00:34;13:20:12;;0,00;€0,00;;;;;;;0;;;
OK;YoYoMinicar_6x3_B.JPG;;17/10/2023 02:22:39;568,00;280,00;5;79,5500;DGen Papyrus G5;BB Inchiostrazione elevata [Solutioncare];720x600;00:00:33;13:20:12;;0,00;€0,00;;;;;;;0;;;
OK;YoYoMinicar_6x6.JPG;;17/10/2023 03:47:13;568,00;565,00;1;32,1000;DGen Papyrus G5;BB Inchiostrazione elevata [Solutioncare];720x600;00:00:36;13:20:12;;0,00;€0,00;;;;;;;0;;;
OK;YoYoMinicar_12x6.JPG;;17/10/2023 04:21:20;1.185,05;575,00;1;68,1500;DGen Papyrus G5;BB Inchiostrazione elevata [Solutioncare];720x600;00:01:24;13:20:12;;0,00;€0,00;;;;;;;0;;;
OK;N_1_MANIFESTO_CM_80X80_KEVIN.JPG;;17/10/2023 04:34:49;80,00;80,00;1;0,6500;DGen Papyrus G5;BB Inchiostrazione elevata [Solutioncare];720x600;00:00:06;13:20:12;;0,00;€0,00;;;;;;;0;;;
ERROR;distribution_point_16-10.PDF;;17/10/2023 08:04:39;585,00;275,00;4;64,3500;DGen Papyrus G5;BB Inchiostrazione elevata [Solutioncare];720x600;00:00:47;01:42:23;;0,00;€0,00;;;;;;;0;;;
OK;SicilyByCar_100x140.JPG;;17/10/2023 09:55:27;131,00;95,00;60;74,7000;DGen Papyrus G5;BB Inchiostrazione elevata [Solutioncare];720x600;00:00:06;01:11:29;;0,00;€0,00;;;;;;;0;;;
OK;SicilyByCar_100x140.JPG;;17/10/2023 11:14:47;131,00;95,00;30;37,3500;DGen Papyrus G5;BB Inchiostrazione elevata [Solutioncare];720x600;00:00:06;00:32:44;;0,00;€0,00;;;;;;;0;;;
OK;SicilyByCar_100x140.JPG;;17/10/2023 12:41:53;131,00;95,00;25;31,1500;DGen Papyrus G5;BB Inchiostrazione elevata [Solutioncare];720x600;00:00:06;00:23:49;;0,00;€0,00;;;;;;;0;;;
OK;SicilyByCar_12x3.JPG;;17/10/2023 13:09:25;1.180,00;278,00;1;32,8500;DGen Papyrus G5;BB Inchiostrazione elevata [Solutioncare];720x600;00:00:37;00:33:40;;0,00;€0,00;;;;;;;0;;;
OK;Eurospar_6x3_1.JPG;;17/10/2023 14:04:16;568,00;280,00;2;31,8500;DGen Papyrus G5;BB Inchiostrazione elevata [Solutioncare];720x600;00:00:20;00:57:52;;0,00;€0,00;;;;;;;0;;;
OK;Eurospar_6x3_2.JPG;;17/10/2023 14:29:20;568,00;280,00;1;15,9500;DGen Papyrus G5;BB Inchiostrazione elevata [Solutioncare];720x600;00:00:20;00:57:52;;0,00;€0,00;;;;;;;0;;;
OK;Vitabile_6x3.JPG;;17/10/2023 14:45:41;568,00;280,00;1;15,9500;DGen Papyrus G5;BB Inchiostrazione elevata [Solutioncare];720x600;00:00:21;00:57:52;;0,00;€0,00;;;;;;;0;;;
ERROR;B-FORM_6x3.JPG;;17/10/2023 15:05:01;568,00;280,00;1;15,9500;DGen Papyrus G5;BB Inchiostrazione elevata [Solutioncare];720x600;00:00:18;00:20:59;;0,00;€0,00;;;;;;;0;;;
OK;Eurospar_6x3_2.JPG;;17/10/2023 15:33:04;568,00;280,00;1;15,9500;DGen Papyrus G5;BB Inchiostrazione elevata [Solutioncare];720x600;00:00:20;00:24:02;;0,00;€0,00;;;;;;;0;;;
OK;Vitabile_6x3.JPG;;17/10/2023 15:40:46;568,00;280,00;1;15,9500;DGen Papyrus G5;BB Inchiostrazione elevata [Solutioncare];720x600;00:00:21;00:24:02;;0,00;€0,00;;;;;;;0;;;
OK;SicilyByCar_6x3.JPG;;17/10/2023 17:19:00;568,00;280,00;51;811,1000;DGen Papyrus G5;BB Inchiostrazione elevata [Solutioncare];720x600;00:00:20;14:11:26;;0,00;€0,00;;;;;;;0;;;
OK;SicilyByCar_12x3.JPG;;18/10/2023 08:06:59;1.180,00;278,00;1;32,8500;DGen Papyrus G5;BB Inchiostrazione elevata [Solutioncare];720x600;00:00:37;00:28:43;;0,00;€0,00;;;;;;;0;;;
OK;SposaInLove_140x200.JPG;;18/10/2023 08:48:03;134,00;194,00;4;10,4000;DGen Papyrus G5;BB Inchiostrazione elevata [Solutioncare];720x600;00:00:08;00:03:27;;0,00;€0,00;;;;;;;0;;;
OK;SposaInLove_140x200.JPG;;18/10/2023 09:11:00;134,00;194,00;30;78,0000;DGen Papyrus G5;BB Inchiostrazione elevata [Solutioncare];720x600;00:00:08;01:16:55;;0,00;€0,00;;;;;;;0;;;
OK;SposaInLove_140x200.JPG;;18/10/2023 10:37:23;134,00;194,00;6;15,6000;DGen Papyrus G5;BB Inchiostrazione elevata [Solutioncare];720x600;00:00:08;00:09:57;;0,00;€0,00;;;;;;;0;;;
OK;SposaInLove_140x200.JPG;;18/10/2023 11:18:41;134,00;194,00;15;39,0000;DGen Papyrus G5;BB Inchiostrazione elevata [Solutioncare];720x600;00:00:08;00:34:23;;0,00;€0,00;;;;;;;0;;;
OK;SicilyByCar_12x3.JPG;;18/10/2023 12:20:49;1.180,00;278,00;1;32,8500;DGen Papyrus G5;BB Inchiostrazione elevata [Solutioncare];720x600;00:00:37;00:28:34;;0,00;€0,00;;;;;;;0;;;
OK;SicilyByCar_6x6.JPG;;18/10/2023 12:55:20;568,00;570,00;2;64,8000;DGen Papyrus G5;BB Inchiostrazione elevata [Solutioncare];720x600;00:00:38;01:02:50;;0,00;€0,00;;;;;;;0;;;
OK;SposaInLove_6x6.JPG;;18/10/2023 14:00:33;568,00;565,00;1;32,1000;DGen Papyrus G5;BB Inchiostrazione elevata [Solutioncare];720x600;00:00:32;00:33:09;;0,00;€0,00;;;;;;;0;;;
OK;SicilyByCar_140x200.JPG;;18/10/2023 16:33:25;131,00;194,00;115;292,2500;DGen Papyrus G5;BB Inchiostrazione elevata [Solutioncare];720x600;00:00:09;12:45:04;;0,00;€0,00;;;;;;;0;;;
OK;Agave_140x200.JPG;;18/10/2023 21:44:30;134,00;194,00;160;415,9500;DGen Papyrus G5;BB Inchiostrazione elevata [Solutioncare];720x600;00:00:10;12:45:04;;0,00;€0,00;;;;;;;0;;;
OK;StudioD_140x200.JPG;;19/10/2023 07:54:36;131,00;194,00;4;10,2000;DGen Papyrus G5;BB Inchiostrazione elevata [Solutioncare];720x600;00:00:10;00:03:08;;0,00;€0,00;;;;;;;0;;;
ERROR;eco_energia_6x3.JPG;;19/10/2023 08:21:07;568,00;280,00;3;47,7500;DGen Papyrus G5;BB Inchiostrazione elevata [Solutioncare];720x600;00:00:21;00:13:33;;0,00;€0,00;;;;;;;0;;;
OK;LucaTosto_6x3.JPG;;19/10/2023 08:37:21;568,00;280,00;2;31,8500;DGen Papyrus G5;BB Inchiostrazione elevata [Solutioncare];720x600;00:00:29;01:02:09;;0,00;€0,00;;;;;;;0;;;
OK;LucaTosto_6x6.JPG;;19/10/2023 09:05:31;568,00;565,00;1;32,1000;DGen Papyrus G5;BB Inchiostrazione elevata [Solutioncare];720x600;00:00:50;01:02:09;;0,00;€0,00;;;;;;;0;;;
OK;LaForesta_6x31.JPG;;19/10/2023 09:54:37;568,00;280,00;1;15,9500;DGen Papyrus G5;BB Inchiostrazione elevata [Solutioncare];720x600;00:00:25;00:11:49;;0,00;€0,00;;;;;;;0;;;
OK;AtelierArena_6x3.JPG;;19/10/2023 10:29:30;568,00;280,00;10;159,0500;DGen Papyrus G5;BB Inchiostrazione elevata [Solutioncare];720x600;00:00:17;02:42:39;;0,00;€0,00;;;;;;;0;;;
OK;TDCar_6x3.JPG;;19/10/2023 13:12:21;568,00;280,00;5;79,5500;DGen Papyrus G5;BB Inchiostrazione elevata [Solutioncare];720x600;00:00:23;01:24:36;;0,00;€0,00;;;;;;;0;;;
OK;Tessil_Market_6x3.JPG;;19/10/2023 14:46:13;568,00;280,00;1;15,9500;DGen Papyrus G5;BB Inchiostrazione elevata [Solutioncare];720x600;00:00:17;00:10:46;;0,00;€0,00;;;;;;;0;;;
OK;eco_energia_6x3.JPG;;19/10/2023 16:44:16;568,00;280,00;3;47,7500;DGen Papyrus G5;BB Inchiostrazione elevata [Solutioncare];720x600;00:00:21;14:53:38;;0,00;€0,00;;;;;;;0;;;
OK;AtelierArena_6x6.JPG;;19/10/2023 17:12:26;568,00;570,00;2;64,8000;DGen Papyrus G5;BB Inchiostrazione elevata [Solutioncare];720x600;00:00:38;14:53:38;;0,00;€0,00;;;;;;;0;;;
OK;Osaki_6x3_1.JPG;;19/10/2023 18:21:31;568,00;280,00;5;79,5500;DGen Papyrus G5;BB Inchiostrazione elevata [Solutioncare];720x600;00:00:21;14:53:38;;0,00;€0,00;;;;;;;0;;;
OK;Osaki_6x3_2.JPG;;19/10/2023 19:45:27;568,00;280,00;5;79,5500;DGen Papyrus G5;BB Inchiostrazione elevata [Solutioncare];720x600;00:00:21;14:53:38;;0,00;€0,00;;;;;;;0;;;
OK;Osaki_6x3_3.JPG;;19/10/2023 21:10:58;568,00;280,00;5;79,5500;DGen Papyrus G5;BB Inchiostrazione elevata [Solutioncare];720x600;00:00:21;14:53:38;;0,00;€0,00;;;;;;;0;;;
OK;Osaki_6x3_4.JPG;;19/10/2023 22:35:28;568,00;280,00;6;95,4500;DGen Papyrus G5;BB Inchiostrazione elevata [Solutioncare];720x600;00:00:21;14:53:38;;0,00;€0,00;;;;;;;0;;;
OK;Osaki_100x140_1.JPG;;20/10/2023 00:17:05;131,00;95,05;9;11,2500;DGen Papyrus G5;BB Inchiostrazione elevata [Solutioncare];720x600;00:00:05;14:53:38;;0,00;€0,00;;;;;;;0;;;
OK;Osaki_100x140_2.JPG;;20/10/2023 00:30:29;131,00;95,05;9;11,2500;DGen Papyrus G5;BB Inchiostrazione elevata [Solutioncare];720x600;00:00:07;14:53:38;;0,00;€0,00;;;;;;;0;;;
OK;Osaki_100x140_3.JPG;;20/10/2023 00:42:52;131,00;95,05;9;11,2500;DGen Papyrus G5;BB Inchiostrazione elevata [Solutioncare];720x600;00:00:05;14:53:38;;0,00;€0,00;;;;;;;0;;;
OK;Osaki_6x6-1.JPG;;20/10/2023 00:56:16;568,00;570,00;1;32,4000;DGen Papyrus G5;BB Inchiostrazione elevata [Solutioncare];720x600;00:00:47;14:53:38;;0,00;€0,00;;;;;;;0;;;
OK;Osaki_6x6-2.JPG;;20/10/2023 01:30:16;568,00;570,00;1;32,4000;DGen Papyrus G5;BB Inchiostrazione elevata [Solutioncare];720x600;00:00:48;14:53:38;;0,00;€0,00;;;;;;;0;;;
OK;TDCar_12x6.JPG;;20/10/2023 02:04:17;1.185,00;575,05;1;68,1500;DGen Papyrus G5;BB Inchiostrazione elevata [Solutioncare];720x600;00:01:32;14:53:38;;0,00;€0,00;;;;;;;0;;;
OK;TDCar_6x6.JPG;;20/10/2023 03:22:31;568,00;565,00;5;160,5000;DGen Papyrus G5;BB Inchiostrazione elevata [Solutioncare];720x600;00:01:11;14:53:38;;0,00;€0,00;;;;;;;0;;;
OK;TDCar_6x3.JPG;;20/10/2023 06:13:15;568,00;280,00;5;79,5500;DGen Papyrus G5;BB Inchiostrazione elevata [Solutioncare];720x600;00:00:23;14:53:38;;0,00;€0,00;;;;;;;0;;;
OK;Mazzara_420x200.JPG;;20/10/2023 08:24:13;405,00;194,00;11;86,4500;DGen Papyrus G5;BB Inchiostrazione elevata [Solutioncare];720x600;00:00:20;01:26:51;;0,00;€0,00;;;;;;;0;;;
OK;N_1_MANIF_CM_100X100_SOG_1.JPG;;20/10/2023 10:04:59;100,05;100,05;1;1,0500;DGen Papyrus G5;BB Inchiostrazione elevata [Solutioncare];720x600;00:00:08;00:00:08;;0,00;€0,00;;;;;;;0;;;
OK;N_1_MANIF_CM_100X100_SOG_2.JPG;;20/10/2023 10:05:03;100,05;100,05;1;1,0500;DGen Papyrus G5;BB Inchiostrazione elevata [Solutioncare];720x600;00:00:09;00:00:08;;0,00;€0,00;;;;;;;0;;;
OK;Decathlon_6x3.JPG;;20/10/2023 12:50:20;568,00;280,00;6;95,4500;DGen Papyrus G5;BB Inchiostrazione elevata [Solutioncare];720x600;00:00:19;01:32:23;;0,00;€0,00;;;;;;;0;;;
OK;Decathlon_6x3.JPG;;20/10/2023 14:41:06;568,00;280,00;4;63,6500;DGen Papyrus G5;BB Inchiostrazione elevata [Solutioncare];720x600;00:00:19;00:57:34;;0,00;€0,00;;;;;;;0;;;
ERROR;SicilTermica_6x3.JPG;;20/10/2023 16:11:22;568,00;280,00;42;668,0000;DGen Papyrus G5;BB Inchiostrazione elevata [Solutioncare];720x600;00:00:26;17:54:56;;0,00;€0,00;;;;;;;0;;;
ERROR;SicilTermica_6x6.JPG;;21/10/2023 08:44:40;568,00;570,00;1;32,4000;DGen Papyrus G5;BB Inchiostrazione elevata [Solutioncare];720x600;00:00:59;17:54:56;;0,00;€0,00;;;;;;;0;;;
ERROR;SicilTermica_12x3.JPG;;21/10/2023 09:18:49;1.180,00;278,00;1;32,8500;DGen Papyrus G5;BB Inchiostrazione elevata [Solutioncare];720x600;00:00:49;17:54:56;;0,00;€0,00;;;;;;;0;;;
ERROR;SicilTermica_280x200.JPG;;21/10/2023 09:37:21;270,05;194,00;41;214,8000;DGen Papyrus G5;BB Inchiostrazione elevata [Solutioncare];720x600;00:00:29;17:54:56;;0,00;€0,00;;;;;;;0;;;
OK;SicilTermica_12x3.JPG;;21/10/2023 10:07:12;1.180,00;278,00;1;32,8500;DGen Papyrus G5;BB Inchiostrazione elevata [Solutioncare];720x600;00:00:49;00:00:25;;0,00;€0,00;;;;;;;0;;;
ERROR;SicilTermica_420x200.JPG;;21/10/2023 11:23:47;405,00;194,00;9;70,7500;DGen Papyrus G5;BB Inchiostrazione elevata [Solutioncare];720x600;00:00:21;00:00:24;;0,00;€0,00;;;;;;;0;;;
OK;SicilTermica_280x200.JPG;;21/10/2023 11:24:36;270,05;194,00;41;214,8000;DGen Papyrus G5;BB Inchiostrazione elevata [Solutioncare];720x600;00:00:29;17:12:20;;0,00;€0,00;;;;;;;0;;;
OK;parlamento_europeo_6x3.JPG;;21/10/2023 15:12:25;568,00;280,00;48;763,4000;DGen Papyrus G5;BB Inchiostrazione elevata [Solutioncare];720x600;00:00:22;17:12:20;;0,00;€0,00;;;;;;;0;;;
OK;SicilTermica_420x200.JPG;;23/10/2023 08:02:21;405,00;194,00;3;23,6000;DGen Papyrus G5;BB Inchiostrazione elevata [Solutioncare];720x600;00:00:21;00:17:34;;0,00;€0,00;;;;;;;0;;;
OK;SicilTermica_420x200.JPG;;23/10/2023 08:35:15;405,00;194,00;2;15,7500;DGen Papyrus G5;BB Inchiostrazione elevata [Solutioncare];720x600;00:00:21;00:09:14;;0,00;€0,00;;;;;;;0;;;
OK;SicilTermica_420x200.JPG;;23/10/2023 09:16:04;405,00;194,00;1;7,9000;DGen Papyrus G5;BB Inchiostrazione elevata [Solutioncare];720x600;00:00:21;00:01:51;;0,00;€0,00;;;;;;;0;;;
OK;SicilTermica_420x200.JPG;;23/10/2023 09:30:07;405,00;194,00;3;23,6000;DGen Papyrus G5;BB Inchiostrazione elevata [Solutioncare];720x600;00:00:21;00:17:34;;0,00;€0,00;;;;;;;0;;;
OK;IlCentesimo_6x3_Base.JPG;;23/10/2023 09:49:25;568,00;280,00;4;63,6500;DGen Papyrus G5;BB Inchiostrazione elevata [Solutioncare];720x600;00:00:15;01:06:36;;0,00;€0,00;;;;;;;0;;;
OK;Eurospin_6x3_A.JPG;;23/10/2023 11:23:30;568,00;280,00;1;15,9500;DGen Papyrus G5;BB Inchiostrazione elevata [Solutioncare];720x600;00:00:13;01:36:16;;0,00;€0,00;;;;;;;0;;;
OK;Eurospin_6x3_B.JPG;;23/10/2023 11:32:29;568,00;280,00;1;15,9500;DGen Papyrus G5;BB Inchiostrazione elevata [Solutioncare];720x600;00:00:16;01:36:16;;0,00;€0,00;;;;;;;0;;;
OK;Eurospin_6x3_C.JPG;;23/10/2023 11:49:40;568,00;280,00;1;15,9500;DGen Papyrus G5;BB Inchiostrazione elevata [Solutioncare];720x600;00:00:15;01:36:16;;0,00;€0,00;;;;;;;0;;;
OK;Eurospin_6x3_D.JPG;;23/10/2023 12:05:48;568,00;280,00;1;15,9500;DGen Papyrus G5;BB Inchiostrazione elevata [Solutioncare];720x600;00:00:15;01:36:16;;0,00;€0,00;;;;;;;0;;;
OK;Eurospin_12x3.JPG;;23/10/2023 12:22:51;1.180,00;278,00;1;32,8500;DGen Papyrus G5;BB Inchiostrazione elevata [Solutioncare];720x600;00:00:31;01:36:16;;0,00;€0,00;;;;;;;0;;;
OK;Bebe_6x3.JPG;;23/10/2023 13:18:24;568,00;280,00;2;31,8500;DGen Papyrus G5;BB Inchiostrazione elevata [Solutioncare];720x600;00:00:19;00:26:14;;0,00;€0,00;;;;;;;0;;;
OK;StudioD_6x3.JPG;;23/10/2023 14:12:28;585,05;280,00;1;16,4000;DGen Papyrus G5;BB Inchiostrazione elevata [Solutioncare];720x600;00:00:22;00:12:14;;0,00;€0,00;;;;;;;0;;;
OK;StudioD_6x3.JPG;;23/10/2023 14:34:11;568,00;280,00;1;15,9500;DGen Papyrus G5;BB Inchiostrazione elevata [Solutioncare];720x600;00:00:22;00:08:58;;0,00;€0,00;;;;;;;0;;;
OK;BebeChic_140x200.JPG;;23/10/2023 14:53:59;131,00;194,00;23;58,4500;DGen Papyrus G5;BB Inchiostrazione elevata [Solutioncare];720x600;00:00:07;00:54:52;;0,00;€0,00;;;;;;;0;;;
OK;Famila_6x3-1.JPG;;23/10/2023 16:07:38;568,00;280,00;8;127,2500;DGen Papyrus G5;BB Inchiostrazione elevata [Solutioncare];720x600;00:00:22;14:59:59;;0,00;€0,00;;;;;;;0;;;
OK;Famila_6x3-2.JPG;;23/10/2023 18:13:38;568,00;280,00;8;127,2500;DGen Papyrus G5;BB Inchiostrazione elevata [Solutioncare];720x600;00:00:23;14:59:59;;0,00;€0,00;;;;;;;0;;;
OK;Famila_6x3-3.JPG;;23/10/2023 20:27:05;568,00;280,00;10;159,0500;DGen Papyrus G5;BB Inchiostrazione elevata [Solutioncare];720x600;00:00:23;14:59:59;;0,00;€0,00;;;;;;;0;;;
OK;Famila_6x3-4.JPG;;23/10/2023 23:15:07;568,00;280,00;10;159,0500;DGen Papyrus G5;BB Inchiostrazione elevata [Solutioncare];720x600;00:00:22;14:59:59;;0,00;€0,00;;;;;;;0;;;
OK;Famila_100x140_1.JPG;;24/10/2023 02:02:00;131,00;95,00;1;1,2500;DGen Papyrus G5;BB Inchiostrazione elevata [Solutioncare];720x600;00:00:06;14:59:59;;0,00;€0,00;;;;;;;0;;;
OK;Famila_100x140_4.JPG;;24/10/2023 02:03:19;131,00;95,00;1;1,2500;DGen Papyrus G5;BB Inchiostrazione elevata [Solutioncare];720x600;00:00:05;14:59:59;;0,00;€0,00;;;;;;;0;;;
OK;Famila_100x140_2.JPG;;24/10/2023 02:04:44;131,00;95,00;2;2,5000;DGen Papyrus G5;BB Inchiostrazione elevata [Solutioncare];720x600;00:00:05;14:59:59;;0,00;€0,00;;;;;;;0;;;
OK;Famila_100x140_3.JPG;;24/10/2023 02:07:25;131,00;95,00;2;2,5000;DGen Papyrus G5;BB Inchiostrazione elevata [Solutioncare];720x600;00:00:06;14:59:59;;0,00;€0,00;;;;;;;0;;;
OK;Famila_140x200-1.JPG;;24/10/2023 02:10:09;131,00;194,00;53;134,7000;DGen Papyrus G5;BB Inchiostrazione elevata [Solutioncare];720x600;00:00:09;14:59:59;;0,00;€0,00;;;;;;;0;;;
OK;Famila_140x200-2.JPG;;24/10/2023 04:42:03;131,00;194,00;53;134,7000;DGen Papyrus G5;BB Inchiostrazione elevata [Solutioncare];720x600;00:00:09;14:59:59;;0,00;€0,00;;;;;;;0;;;
OK;Famila_140x200-3.JPG;;24/10/2023 07:54:02;131,00;194,00;13;33,0500;DGen Papyrus G5;BB Inchiostrazione elevata [Solutioncare];720x600;00:00:10;00:27:15;;0,00;€0,00;;;;;;;0;;;
OK;Famila_140x200-3.JPG;;24/10/2023 08:22:05;131,00;194,00;10;25,4500;DGen Papyrus G5;BB Inchiostrazione elevata [Solutioncare];720x600;00:00:10;00:27:12;;0,00;€0,00;;;;;;;0;;;
OK;Famila_140x200-4.JPG;;24/10/2023 09:17:34;131,00;194,00;53;134,7000;DGen Papyrus G5;BB Inchiostrazione elevata [Solutioncare];720x600;00:00:09;02:17:04;;0,00;€0,00;;;;;;;0;;;
OK;Expert_6x3_Marsala.JPG;;24/10/2023 11:35:23;568,00;280,00;1;15,9500;DGen Papyrus G5;BB Inchiostrazione elevata [Solutioncare];720x600;00:00:18;00:16:43;;0,00;€0,00;;;;;;;0;;;
OK;Expert_Bielle_6x3.JPG;;24/10/2023 12:06:22;568,00;280,00;2;31,8500;DGen Papyrus G5;BB Inchiostrazione elevata [Solutioncare];720x600;00:00:20;00:26:00;;0,00;€0,00;;;;;;;0;;;
OK;GED_6x3_1-Pampers.JPG;;24/10/2023 12:40:08;568,00;280,00;1;15,9500;DGen Papyrus G5;BB Inchiostrazione elevata [Solutioncare];720x600;00:00:19;00:59:23;;0,00;€0,00;;;;;;;0;;;
OK;GED_6x3_2-Fructis.JPG;;24/10/2023 12:49:04;568,00;280,00;1;15,9500;DGen Papyrus G5;BB Inchiostrazione elevata [Solutioncare];720x600;00:00:20;00:59:23;;0,00;€0,00;;;;;;;0;;;
OK;GED_6x3_3-Borotalco.JPG;;24/10/2023 13:06:20;568,00;280,00;1;15,9500;DGen Papyrus G5;BB Inchiostrazione elevata [Solutioncare];720x600;00:00:18;00:59:23;;0,00;€0,00;;;;;;;0;;;
OK;GED_6x3_4-Vernel.JPG;;24/10/2023 13:22:27;568,00;280,00;1;15,9500;DGen Papyrus G5;BB Inchiostrazione elevata [Solutioncare];720x600;00:00:20;00:59:23;;0,00;€0,00;;;;;;;0;;;
OK;GED_6x3_Brunelleschi.JPG;;24/10/2023 14:01:55;568,00;280,00;1;15,9500;DGen Papyrus G5;BB Inchiostrazione elevata [Solutioncare];720x600;00:00:20;00:08:56;;0,00;€0,00;;;;;;;0;;;
OK;GED_6x3_Casilini.JPG;;24/10/2023 14:13:39;568,00;280,00;1;15,9500;DGen Papyrus G5;BB Inchiostrazione elevata [Solutioncare];720x600;00:00:19;00:14:52;;0,00;€0,00;;;;;;;0;;;
OK;GED_6x6_Campolo.JPG;;24/10/2023 14:37:28;568,00;570,00;1;32,4000;DGen Papyrus G5;BB Inchiostrazione elevata [Solutioncare];720x600;00:01:22;00:26:26;;0,00;€0,00;;;;;;;0;;;
OK;GED_6x6_Durante.JPG;;24/10/2023 15:04:47;568,00;570,00;1;32,4000;DGen Papyrus G5;BB Inchiostrazione elevata [Solutioncare];720x600;00:01:34;00:21:03;;0,00;€0,00;;;;;;;0;;;
OK;GED_6x6_Macaluso.JPG;;24/10/2023 15:26:06;568,00;570,00;1;32,4000;DGen Papyrus G5;BB Inchiostrazione elevata [Solutioncare];720x600;00:01:22;00:18:49;;0,00;€0,00;;;;;;;0;;;
OK;GED_6x6_Scienze.JPG;;24/10/2023 15:53:04;568,00;570,00;1;32,4000;DGen Papyrus G5;BB Inchiostrazione elevata [Solutioncare];720x600;00:01:45;00:32:39;;0,00;€0,00;;;;;;;0;;;
OK;GED_6x6_Uditore.JPG;;24/10/2023 16:06:48;568,00;570,00;1;32,4000;DGen Papyrus G5;BB Inchiostrazione elevata [Solutioncare];720x600;00:01:31;00:32:39;;0,00;€0,00;;;;;;;0;;;
ERROR;Cascino_6x3_Term1.JPG;;24/10/2023 16:34:06;568,00;280,00;1;15,9500;DGen Papyrus G5;BB Inchiostrazione elevata [Solutioncare];720x600;00:00:16;00:12:22;;0,00;€0,00;;;;;;;0;;;
ERROR;Cascino_6x3_Term2.JPG;;24/10/2023 16:38:50;568,00;280,00;1;15,9500;DGen Papyrus G5;BB Inchiostrazione elevata [Solutioncare];720x600;00:00:17;00:12:22;;0,00;€0,00;;;;;;;0;;;
ERROR;Cascino_6x3_Term2.JPG;;24/10/2023 17:20:33;568,00;280,00;1;15,9500;DGen Papyrus G5;BB Inchiostrazione elevata [Solutioncare];720x600;00:00:17;00:04:02;;0,00;€0,00;;;;;;;0;;;
OK;Cascino_6x3_Term2.JPG;;24/10/2023 17:24:56;568,00;280,00;1;15,9500;DGen Papyrus G5;BB Inchiostrazione elevata [Solutioncare];720x600;00:00:17;00:11:56;;0,00;€0,00;;;;;;;0;;;
ERROR;Cascino_6x3_Term2.JPG;;24/10/2023 17:39:02;568,00;280,00;1;15,9500;DGen Papyrus G5;BB Inchiostrazione elevata [Solutioncare];720x600;00:00:17;00:07:40;;0,00;€0,00;;;;;;;0;;;
OK;Cascino_6x3_Term2.JPG;;24/10/2023 17:50:56;568,00;280,00;1;15,9500;DGen Papyrus G5;BB Inchiostrazione elevata [Solutioncare];720x600;00:00:17;00:09:20;;0,00;€0,00;;;;;;;0;;;
OK;RED.JPG;;24/10/2023 18:04:01;140,00;200,00;1;2,8000;DGen Papyrus G5;BB Inchiostrazione elevata [Solutioncare];720x600;00:00:04;00:00:10;;0,00;€0,00;;;;;;;0;;;
ERROR;PucciScafidi_6x3.JPG;;24/10/2023 18:12:17;568,00;280,00;2;31,8500;DGen Papyrus G5;BB Inchiostrazione elevata [Solutioncare];720x600;00:00:22;00:00:46;;0,00;€0,00;;;;;;;0;;;
OK;PucciScafidi_6x3.JPG;;24/10/2023 18:14:11;568,00;280,00;2;31,8500;DGen Papyrus G5;BB Inchiostrazione elevata [Solutioncare];720x600;00:00:22;01:50:30;;0,00;€0,00;;;;;;;0;;;
OK;PucciScafidi_100x140.JPG;;24/10/2023 18:39:25;131,00;95,00;60;74,7000;DGen Papyrus G5;BB Inchiostrazione elevata [Solutioncare];720x600;00:00:06;01:50:30;;0,00;€0,00;;;;;;;0;;;
ERROR;Sisa_6x3_2.JPG;;25/10/2023 07:57:02;568,00;280,00;4;63,6500;DGen Papyrus G5;BB Inchiostrazione elevata [Solutioncare];720x600;00:00:23;00:04:59;;0,00;€0,00;;;;;;;0;;;
OK;Sisa_6x3_2.JPG;;25/10/2023 08:02:29;568,00;280,00;4;63,6500;DGen Papyrus G5;BB Inchiostrazione elevata [Solutioncare];720x600;00:00:23;00:31:15;;0,00;€0,00;;;;;;;0;;;
OK;Sisa_6x3_2.JPG;;25/10/2023 08:40:04;568,00;280,00;4;63,6500;DGen Papyrus G5;BB Inchiostrazione elevata [Solutioncare];720x600;00:00:23;00:31:25;;0,00;€0,00;;;;;;;0;;;
OK;PaghiPoco_6x3_CT_S.G.LaPunta.JPG;;25/10/2023 09:24:13;568,00;280,00;1;15,9500;DGen Papyrus G5;BB Inchiostrazione elevata [Solutioncare];720x600;00:00:21;00:13:42;;0,00;€0,00;;;;;;;0;;;
OK;PaghiPoco_6x3_CT_ViaBesana.JPG;;25/10/2023 09:28:15;568,00;280,00;1;15,9500;DGen Papyrus G5;BB Inchiostrazione elevata [Solutioncare];720x600;00:00:22;00:13:42;;0,00;€0,00;;;;;;;0;;;
OK;PaghiPoco_6x3_Misterbianco.JPG;;25/10/2023 09:51:38;568,00;280,00;1;15,9500;DGen Papyrus G5;BB Inchiostrazione elevata [Solutioncare];720x600;00:00:21;00:04:02;;0,00;€0,00;;;;;;;0;;;
OK;PaghiPoco_6x3_Caltagirone.JPG;;25/10/2023 10:06:38;568,00;280,00;2;31,8500;DGen Papyrus G5;BB Inchiostrazione elevata [Solutioncare];720x600;00:00:22;01:17:03;;0,00;€0,00;;;;;;;0;;;
OK;PaghiPoco_6x3_Messina.JPG;;25/10/2023 10:20:21;568,00;280,00;2;31,8500;DGen Papyrus G5;BB Inchiostrazione elevata [Solutioncare];720x600;00:00:23;01:17:03;;0,00;€0,00;;;;;;;0;;;
OK;PaghiPoco_6x3_Siracusa.JPG;;25/10/2023 10:37:53;568,00;280,00;5;79,5500;DGen Papyrus G5;BB Inchiostrazione elevata [Solutioncare];720x600;00:00:22;01:17:03;;0,00;€0,00;;;;;;;0;;;
OK;PaghiPoco_6x3_Bagheria.JPG;;25/10/2023 11:24:45;568,00;280,00;1;15,9500;DGen Papyrus G5;BB Inchiostrazione elevata [Solutioncare];720x600;00:00:21;00:08:25;;0,00;€0,00;;;;;;;0;;;
OK;Sisa_6x3_2.JPG;;25/10/2023 11:49:05;568,00;280,00;10;159,0500;DGen Papyrus G5;BB Inchiostrazione elevata [Solutioncare];720x600;00:00:23;01:26:10;;0,00;€0,00;;;;;;;0;;;
OK;PaghiPoco_6x3_Palermo.JPG;;25/10/2023 13:19:42;568,00;280,00;10;159,0500;DGen Papyrus G5;BB Inchiostrazione elevata [Solutioncare];720x600;00:00:21;01:30:29;;0,00;€0,00;;;;;;;0;;;
OK;PaghiPoco_140x200_A_Palermo.JPG;;25/10/2023 14:58:48;131,00;194,00;19;48,3000;DGen Papyrus G5;BB Inchiostrazione elevata [Solutioncare];720x600;00:00:09;01:41:46;;0,00;€0,00;;;;;;;0;;;
OK;PaghiPoco_140x200_B_Palermo.JPG;;25/10/2023 15:22:44;131,00;194,00;18;45,7500;DGen Papyrus G5;BB Inchiostrazione elevata [Solutioncare];720x600;00:00:09;01:41:46;;0,00;€0,00;;;;;;;0;;;
OK;PaghiPoco_140x200_A_Trapani.JPG;;25/10/2023 15:48:46;131,00;194,00;17;43,2500;DGen Papyrus G5;BB Inchiostrazione elevata [Solutioncare];720x600;00:00:10;01:41:46;;0,00;€0,00;;;;;;;0;;;
OK;PaghiPoco_140x200_B_Trapani.JPG;;25/10/2023 16:14:17;131,00;194,00;17;43,2500;DGen Papyrus G5;BB Inchiostrazione elevata [Solutioncare];720x600;00:00:09;01:41:46;;0,00;€0,00;;;;;;;0;;;
OK;PaghiPoco_6x3_Palermo.JPG;;25/10/2023 16:40:41;143,50;141,00;2;4,0500;DGen Papyrus G5;BB Inchiostrazione elevata [Solutioncare];720x600;00:00:21;00:11:27;;0,00;€0,00;;;;;;;0;;;
OK;PaghiPoco_6x3_Palermo~1.JPG;;25/10/2023 16:43:06;143,50;141,00;7;14,2000;DGen Papyrus G5;BB Inchiostrazione elevata [Solutioncare];720x600;00:00:21;00:11:27;;0,00;€0,00;;;;;;;0;;;
OK;Sisa_6x3_1.JPG;;25/10/2023 17:00:10;568,00;280,00;1;15,9500;DGen Papyrus G5;BB Inchiostrazione elevata [Solutioncare];720x600;00:00:23;00:05:01;;0,00;€0,00;;;;;;;0;;;
ERROR;Bruno_6x6.JPG;;25/10/2023 17:19:11;568,00;570,00;2;64,8000;DGen Papyrus G5;BB Inchiostrazione elevata [Solutioncare];720x600;00:00:41;00:00:33;;0,00;€0,00;;;;;;;0;;;
OK;Max_140x200.JPG;;25/10/2023 17:21:06;131,00;194,00;11;28,0000;DGen Papyrus G5;BB Inchiostrazione elevata [Solutioncare];720x600;00:00:09;03:11:50;;0,00;€0,00;;;;;;;0;;;
OK;Max_100x140.JPG;;25/10/2023 17:46:10;131,00;95,00;10;12,4500;DGen Papyrus G5;BB Inchiostrazione elevata [Solutioncare];720x600;00:00:05;03:11:50;;0,00;€0,00;;;;;;;0;;;
OK;Max_6x3_Mizzica.JPG;;25/10/2023 18:00:53;568,00;280,00;5;79,5500;DGen Papyrus G5;BB Inchiostrazione elevata [Solutioncare];720x600;00:00:21;03:11:50;;0,00;€0,00;;;;;;;0;;;
OK;Bruno_6x6.JPG;;25/10/2023 19:24:43;568,00;570,00;2;64,8000;DGen Papyrus G5;BB Inchiostrazione elevata [Solutioncare];720x600;00:00:41;03:11:50;;0,00;€0,00;;;;;;;0;;;
OK;Cina_140x200_Dx1.JPG;;26/10/2023 08:04:28;131,00;194,00;1;2,5500;DGen Papyrus G5;BB Inchiostrazione elevata [Solutioncare];720x600;00:00:09;01:32:09;;0,00;€0,00;;;;;;;0;;;
OK;Cina_140x200_Dx2.JPG;;26/10/2023 08:04:37;131,00;194,00;1;2,5500;DGen Papyrus G5;BB Inchiostrazione elevata [Solutioncare];720x600;00:00:09;01:32:09;;0,00;€0,00;;;;;;;0;;;
OK;Cina_140x200_Dx3.JPG;;26/10/2023 08:04:46;131,00;194,00;1;2,5500;DGen Papyrus G5;BB Inchiostrazione elevata [Solutioncare];720x600;00:00:09;01:32:09;;0,00;€0,00;;;;;;;0;;;
OK;Cina_140x200_Sx1.JPG;;26/10/2023 08:05:06;131,00;194,00;1;2,5500;DGen Papyrus G5;BB Inchiostrazione elevata [Solutioncare];720x600;00:00:09;01:32:09;;0,00;€0,00;;;;;;;0;;;
OK;Cina_140x200_Sx2.JPG;;26/10/2023 08:07:42;131,00;194,00;1;2,5500;DGen Papyrus G5;BB Inchiostrazione elevata [Solutioncare];720x600;00:00:09;01:32:09;;0,00;€0,00;;;;;;;0;;;
OK;Cina_140x200_Sx3.JPG;;26/10/2023 08:10:21;131,00;194,00;1;2,5500;DGen Papyrus G5;BB Inchiostrazione elevata [Solutioncare];720x600;00:00:11;01:32:09;;0,00;€0,00;;;;;;;0;;;
OK;MercatoneCeramica_140x200.JPG;;26/10/2023 08:13:01;131,00;194,00;23;58,4500;DGen Papyrus G5;BB Inchiostrazione elevata [Solutioncare];720x600;00:00:07;01:32:09;;0,00;€0,00;;;;;;;0;;;
OK;BricoCenter_595x285.JPG;;26/10/2023 09:15:54;595,00;285,05;1;17,0000;DGen Papyrus G5;BB Inchiostrazione elevata [Solutioncare];720x600;00:00:20;01:32:09;;0,00;€0,00;;;;;;;0;;;
OK;MercatoneCeramica_140x200.JPG;;26/10/2023 09:38:33;131,00;194,00;10;25,4500;DGen Papyrus G5;BB Inchiostrazione elevata [Solutioncare];720x600;00:00:07;00:25:02;;0,00;€0,00;;;;;;;0;;;
OK;MercatoneCeramica_140x200.JPG;;26/10/2023 10:20:21;131,00;194,00;40;101,7000;DGen Papyrus G5;BB Inchiostrazione elevata [Solutioncare];720x600;00:00:07;01:41:35;;0,00;€0,00;;;;;;;0;;;
OK;SISA_6x3_partinico_2.JPG;;26/10/2023 12:03:20;568,00;280,00;1;15,9500;DGen Papyrus G5;BB Inchiostrazione elevata [Solutioncare];720x600;00:00:22;00:16:54;;0,00;€0,00;;;;;;;0;;;
OK;Stellantis_6x3.JPG;;26/10/2023 13:29:34;568,00;280,00;10;159,0500;DGen Papyrus G5;BB Inchiostrazione elevata [Solutioncare];720x600;00:00:19;01:27:05;;0,00;€0,00;;;;;;;0;;;
OK;Confesercenti_140x200.JPG;;26/10/2023 14:59:00;131,00;194,00;31;78,8000;DGen Papyrus G5;BB Inchiostrazione elevata [Solutioncare];720x600;00:00:12;00:43:21;;0,00;€0,00;;;;;;;0;;;
OK;Confesercenti_100x140.JPG;;26/10/2023 15:44:31;131,00;95,00;30;37,3500;DGen Papyrus G5;BB Inchiostrazione elevata [Solutioncare];720x600;00:00:07;00:49:02;;0,00;€0,00;;;;;;;0;;;
OK;Confesercenti_6x3.JPG;;26/10/2023 16:06:18;568,00;280,00;3;47,7500;DGen Papyrus G5;BB Inchiostrazione elevata [Solutioncare];720x600;00:00:32;00:49:02;;0,00;€0,00;;;;;;;0;;;
OK;Stellantis_6x3.JPG;;26/10/2023 16:48:34;568,00;280,00;16;254,5000;DGen Papyrus G5;BB Inchiostrazione elevata [Solutioncare];720x600;00:00:19;02:21:46;;0,00;€0,00;;;;;;;0;;;
OK;PucciScafidi_100x140.JPG;;27/10/2023 10:36:50;131,00;95,00;34;42,3500;DGen Papyrus G5;BB Inchiostrazione elevata [Solutioncare];720x600;00:00:05;00:36:13;;0,00;€0,00;;;;;;;0;;;
OK;Unieuro_6x6_1.JPG;;27/10/2023 11:20:40;568,00;570,00;1;32,4000;DGen Papyrus G5;BB Inchiostrazione elevata [Solutioncare];720x600;00:00:37;01:52:00;;0,00;€0,00;;;;;;;0;;;
OK;Unieuro_6x6_2.JPG;;27/10/2023 11:47:40;568,00;570,00;1;32,4000;DGen Papyrus G5;BB Inchiostrazione elevata [Solutioncare];720x600;00:00:37;01:52:00;;0,00;€0,00;;;;;;;0;;;
OK;Eurospar_6x3-1.JPG;;27/10/2023 12:21:44;568,00;280,00;2;31,8500;DGen Papyrus G5;BB Inchiostrazione elevata [Solutioncare];720x600;00:00:22;01:52:00;;0,00;€0,00;;;;;;;0;;;
OK;Eurospar_6x3-2.JPG;;27/10/2023 12:55:16;568,00;280,00;1;15,9500;DGen Papyrus G5;BB Inchiostrazione elevata [Solutioncare];720x600;00:00:23;01:52:00;;0,00;€0,00;;;;;;;0;;;
OK;acqua_e_sapone_6x3.JPG;;27/10/2023 14:07:19;575,00;285,00;3;49,2000;DGen Papyrus G5;BB Inchiostrazione elevata [Solutioncare];720x600;00:00:19;00:48:45;;0,00;€0,00;;;;;;;0;;;
OK;BebeChic_100140.JPG;;27/10/2023 14:57:00;131,00;95,00;2;2,5000;DGen Papyrus G5;BB Inchiostrazione elevata [Solutioncare];720x600;00:00:04;00:02:00;;0,00;€0,00;;;;;;;0;;;
OK;GED_140x200_Angelico1.JPG;;27/10/2023 15:49:36;131,00;194,00;1;2,5500;DGen Papyrus G5;BB Inchiostrazione elevata [Solutioncare];720x600;00:00:10;00:24:23;;0,00;€0,00;;;;;;;0;;;
OK;GED_140x200_Angelico2.JPG;;27/10/2023 15:49:46;131,00;194,00;1;2,5500;DGen Papyrus G5;BB Inchiostrazione elevata [Solutioncare];720x600;00:00:10;00:24:23;;0,00;€0,00;;;;;;;0;;;
OK;GED_140x200_Angelico3.JPG;;27/10/2023 15:49:55;131,00;194,00;1;2,5500;DGen Papyrus G5;BB Inchiostrazione elevata [Solutioncare];720x600;00:00:10;00:24:23;;0,00;€0,00;;;;;;;0;;;
OK;GED_140x200_Angelico4.JPG;;27/10/2023 15:50:04;131,00;194,00;1;2,5500;DGen Papyrus G5;BB Inchiostrazione elevata [Solutioncare];720x600;00:00:10;00:24:23;;0,00;€0,00;;;;;;;0;;;
OK;GED_140x200_Angelico5.JPG;;27/10/2023 15:51:16;131,00;194,00;1;2,5500;DGen Papyrus G5;BB Inchiostrazione elevata [Solutioncare];720x600;00:00:11;00:24:23;;0,00;€0,00;;;;;;;0;;;
OK;GED_140x200_Angelico6.JPG;;27/10/2023 15:54:22;131,00;194,00;1;2,5500;DGen Papyrus G5;BB Inchiostrazione elevata [Solutioncare];720x600;00:00:10;00:24:23;;0,00;€0,00;;;;;;;0;;;
OK;GED_140x200_Angelico7.JPG;;27/10/2023 15:57:02;131,00;194,00;1;2,5500;DGen Papyrus G5;BB Inchiostrazione elevata [Solutioncare];720x600;00:00:10;00:24:23;;0,00;€0,00;;;;;;;0;;;
OK;GED_140x200_Angelico8.JPG;;27/10/2023 15:59:40;131,00;194,00;1;2,5500;DGen Papyrus G5;BB Inchiostrazione elevata [Solutioncare];720x600;00:00:10;00:24:23;;0,00;€0,00;;;;;;;0;;;
OK;GED_140x200_1.JPG;;27/10/2023 16:02:22;131,00;194,00;1;2,5500;DGen Papyrus G5;BB Inchiostrazione elevata [Solutioncare];720x600;00:00:10;00:24:23;;0,00;€0,00;;;;;;;0;;;
OK;GED_140x200_3.JPG;;27/10/2023 16:06:00;131,00;194,00;1;2,5500;DGen Papyrus G5;BB Inchiostrazione elevata [Solutioncare];720x600;00:00:10;00:24:23;;0,00;€0,00;;;;;;;0;;;
OK;GED_140x200_5.JPG;;27/10/2023 16:08:41;131,00;194,00;1;2,5500;DGen Papyrus G5;BB Inchiostrazione elevata [Solutioncare];720x600;00:00:11;00:24:23;;0,00;€0,00;;;;;;;0;;;
OK;GED_140x200_7.JPG;;27/10/2023 16:11:21;131,00;194,00;1;2,5500;DGen Papyrus G5;BB Inchiostrazione elevata [Solutioncare];720x600;00:00:10;00:24:23;;0,00;€0,00;;;;;;;0;;;
OK;Mangiatorella_6x3.JPG;;27/10/2023 16:28:22;568,00;280,00;31;493,0500;DGen Papyrus G5;BB Inchiostrazione elevata [Solutioncare];720x600;00:00:31;14:09:38;;0,00;€0,00;;;;;;;0;;;
OK;Mangiatorella_6x6.JPG;;28/10/2023 01:03:43;568,00;570,00;6;194,3000;DGen Papyrus G5;BB Inchiostrazione elevata [Solutioncare];720x600;00:00:44;14:09:38;;0,00;€0,00;;;;;;;0;;;
OK;Mangiatorella_140x200.JPG;;28/10/2023 04:30:30;134,00;194,05;45;117,0000;DGen Papyrus G5;BB Inchiostrazione elevata [Solutioncare];720x600;00:00:08;14:09:38;;0,00;€0,00;;;;;;;0;;;
OK;Famila_140x200_1.JPG;;29/10/2023 19:05:59;131,00;194,00;53;134,7000;DGen Papyrus G5;BB Inchiostrazione elevata [Solutioncare];720x600;00:00:10;11:22:41;;0,00;€0,00;;;;;;;0;;;
OK;Famila_140x200_2.JPG;;29/10/2023 21:23:35;131,00;194,00;53;134,7000;DGen Papyrus G5;BB Inchiostrazione elevata [Solutioncare];720x600;00:00:09;11:22:41;;0,00;€0,00;;;;;;;0;;;
OK;Famila_140x200_3.JPG;;29/10/2023 23:49:39;131,00;194,00;52;132,1500;DGen Papyrus G5;BB Inchiostrazione elevata [Solutioncare];720x600;00:00:09;11:22:41;;0,00;€0,00;;;;;;;0;;;
OK;Famila_140x200_4.JPG;;30/10/2023 02:13:14;131,00;194,00;52;132,1500;DGen Papyrus G5;BB Inchiostrazione elevata [Solutioncare];720x600;00:00:09;11:22:41;;0,00;€0,00;;;;;;;0;;;
OK;Mangiatorella_12x3.JPG;;30/10/2023 04:36:40;1.180,00;278,00;1;32,8500;DGen Papyrus G5;BB Inchiostrazione elevata [Solutioncare];720x600;00:00:52;11:22:41;;0,00;€0,00;;;;;;;0;;;
OK;Mangiatorella_12x6.JPG;;30/10/2023 05:14:00;1.185,00;575,05;1;68,1500;DGen Papyrus G5;BB Inchiostrazione elevata [Solutioncare];720x600;00:01:32;11:22:41;;0,00;€0,00;;;;;;;0;;;
OK;Todis_140X200_1.JPG;;30/10/2023 08:30:51;131,00;194,00;38;96,6000;DGen Papyrus G5;BB Inchiostrazione elevata [Solutioncare];720x600;00:00:08;00:52:42;;0,00;€0,00;;;;;;;0;;;
OK;Todis_140X200_2.JPG;;30/10/2023 09:33:21;131,00;194,00;38;96,6000;DGen Papyrus G5;BB Inchiostrazione elevata [Solutioncare];720x600;00:00:08;01:50:21;;0,00;€0,00;;;;;;;0;;;
OK;Todis_140X200_3.JPG;;30/10/2023 10:26:20;131,00;194,00;38;96,6000;DGen Papyrus G5;BB Inchiostrazione elevata [Solutioncare];720x600;00:00:09;01:50:21;;0,00;€0,00;;;;;;;0;;;
OK;GED_140x200_1.JPG;;30/10/2023 11:42:48;131,00;194,00;1;2,5500;DGen Papyrus G5;BB Inchiostrazione elevata [Solutioncare];720x600;00:00:10;00:04:31;;0,00;€0,00;;;;;;;0;;;
OK;GED_140x200_3.JPG;;30/10/2023 11:42:58;131,00;194,00;1;2,5500;DGen Papyrus G5;BB Inchiostrazione elevata [Solutioncare];720x600;00:00:10;00:04:31;;0,00;€0,00;;;;;;;0;;;
OK;GED_140x200_5.JPG;;30/10/2023 11:43:08;131,00;194,00;1;2,5500;DGen Papyrus G5;BB Inchiostrazione elevata [Solutioncare];720x600;00:00:10;00:04:31;;0,00;€0,00;;;;;;;0;;;
OK;GED_140x200_Angelico1.JPG;;30/10/2023 11:43:17;131,00;95,00;1;1,2500;DGen Papyrus G5;BB Inchiostrazione elevata [Solutioncare];720x600;00:00:09;00:04:31;;0,00;€0,00;;;;;;;0;;;
OK;GED_140x200_Angelico2.JPG;;30/10/2023 11:43:46;131,00;95,00;1;1,2500;DGen Papyrus G5;BB Inchiostrazione elevata [Solutioncare];720x600;00:00:09;00:04:31;;0,00;€0,00;;;;;;;0;;;
OK;GED_140x200_Angelico3.JPG;;30/10/2023 11:44:28;131,00;95,00;1;1,2500;DGen Papyrus G5;BB Inchiostrazione elevata [Solutioncare];720x600;00:00:09;00:04:31;;0,00;€0,00;;;;;;;0;;;
OK;GED_140x200_Angelico4.JPG;;30/10/2023 11:45:09;131,00;95,00;1;1,2500;DGen Papyrus G5;BB Inchiostrazione elevata [Solutioncare];720x600;00:00:09;00:04:31;;0,00;€0,00;;;;;;;0;;;
OK;GED_140x200_Angelico5.JPG;;30/10/2023 11:45:52;131,00;95,00;1;1,2500;DGen Papyrus G5;BB Inchiostrazione elevata [Solutioncare];720x600;00:00:10;00:04:31;;0,00;€0,00;;;;;;;0;;;
OK;GED_140x200_Angelico6.JPG;;30/10/2023 11:46:36;131,00;95,00;1;1,2500;DGen Papyrus G5;BB Inchiostrazione elevata [Solutioncare];720x600;00:00:09;00:04:31;;0,00;€0,00;;;;;;;0;;;
OK;Mangiatorella_6x3.JPG;;30/10/2023 11:55:31;568,00;280,00;1;15,9500;DGen Papyrus G5;BB Inchiostrazione elevata [Solutioncare];720x600;00:00:23;00:05:37;;0,00;€0,00;;;;;;;0;;;
OK;IoLeggo_A3_A_5_Copie.JPG;;30/10/2023 12:33:06;30,05;42,45;5;0,6500;DGen Papyrus G5;BB Inchiostrazione elevata [Solutioncare];720x600;00:00:01;00:00:05;;0,00;€0,00;;;;;;;0;;;
OK;IoLeggo_A3_B_5_Copie.jpg.JPG;;30/10/2023 12:33:09;30,05;42,45;5;0,6500;DGen Papyrus G5;BB Inchiostrazione elevata [Solutioncare];720x600;00:00:01;00:00:05;;0,00;€0,00;;;;;;;0;;;
OK;Mangiatorella_6x3.JPG;;30/10/2023 12:33:39;568,00;280,00;6;95,4500;DGen Papyrus G5;BB Inchiostrazione elevata [Solutioncare];720x600;00:00:23;01:34:31;;0,00;€0,00;;;;;;;0;;;
ERROR;n_1_MANIFESTO_CM_100X100_SOG_1.JPG;;30/10/2023 14:16:25;100,05;100,05;1;1,0500;DGen Papyrus G5;BB Inchiostrazione elevata [Solutioncare];720x600;00:00:08;01:28:01;;0,00;€0,00;;;;;;;0;;;
ERROR;N_1_MANIFESTO_CM_100X100_SOG_2.JPG;;30/10/2023 14:16:30;100,05;100,05;1;1,0500;DGen Papyrus G5;BB Inchiostrazione elevata [Solutioncare];720x600;00:00:09;01:28:01;;0,00;€0,00;;;;;;;0;;;
ERROR;IlCentesimo_6x3-1.JPG;;30/10/2023 14:16:35;568,00;280,00;2;31,8500;DGen Papyrus G5;BB Inchiostrazione elevata [Solutioncare];720x600;00:00:16;01:28:01;;0,00;€0,00;;;;;;;0;;;
ERROR;IlCentesimo_6x3-2.JPG;;30/10/2023 14:45:40;568,00;280,00;3;47,7500;DGen Papyrus G5;BB Inchiostrazione elevata [Solutioncare];720x600;00:00:15;01:28:01;;0,00;€0,00;;;;;;;0;;;
ERROR;IlCentesimo_140x200_1.JPG;;30/10/2023 15:36:27;131,00;194,00;3;7,6500;DGen Papyrus G5;BB Inchiostrazione elevata [Solutioncare];720x600;00:00:09;01:28:01;;0,00;€0,00;;;;;;;0;;;
OK;IlCentesimo_6x3-1.JPG;;30/10/2023 16:41:22;568,00;280,00;16;254,5000;DGen Papyrus G5;BB Inchiostrazione elevata [Solutioncare];720x600;00:00:16;08:48:21;;0,00;€0,00;;;;;;;0;;;
OK;IlCentesimo_6x3-2.JPG;;30/10/2023 21:01:52;568,00;280,00;16;254,5000;DGen Papyrus G5;BB Inchiostrazione elevata [Solutioncare];720x600;00:00:15;08:48:21;;0,00;€0,00;;;;;;;0;;;
OK;Findomestic_6x3.JPG;;31/10/2023 08:09:10;568,00;280,00;2;31,8500;DGen Papyrus G5;BB Inchiostrazione elevata [Solutioncare];720x600;00:00:19;00:44:51;;0,00;€0,00;;;;;;;0;;;
OK;CacciaTesoro_100x140.JPG;;31/10/2023 08:22:35;131,00;95,00;15;18,7000;DGen Papyrus G5;BB Inchiostrazione elevata [Solutioncare];720x600;00:00:03;00:44:51;;0,00;€0,00;;;;;;;0;;;
OK;OroInEuro_12x3.JPG;;31/10/2023 08:33:40;1.180,00;278,00;1;32,8500;DGen Papyrus G5;BB Inchiostrazione elevata [Solutioncare];720x600;00:00:41;00:44:51;;0,00;€0,00;;;;;;;0;;;
OK;Mangiatorella_140x200.JPG;;31/10/2023 08:59:45;131,00;95,00;25;31,1500;DGen Papyrus G5;BB Inchiostrazione elevata [Solutioncare];720x600;00:00:07;01:12:46;;0,00;€0,00;;;;;;;0;;;
OK;Mangiatorella_12x3.JPG;;31/10/2023 09:14:22;1.180,00;278,00;3;98,4500;DGen Papyrus G5;BB Inchiostrazione elevata [Solutioncare];720x600;00:00:37;01:12:46;;0,00;€0,00;;;;;;;0;;;
OK;TeatroMassimo_100x140_Biancaneve.JPG;;31/10/2023 10:21:52;131,00;95,00;29;36,1000;DGen Papyrus G5;BB Inchiostrazione elevata [Solutioncare];720x600;00:00:06;00:37:58;;0,00;€0,00;;;;;;;0;;;
OK;TeatroMassimo_100x140_Capuleti.JPG;;31/10/2023 10:38:20;131,00;95,00;29;36,1000;DGen Papyrus G5;BB Inchiostrazione elevata [Solutioncare];720x600;00:00:07;00:37:58;;0,00;€0,00;;;;;;;0;;;
OK;TeatroMassimo_6x3_Biancaneve.JPG;;31/10/2023 11:12:25;568,00;280,00;1;15,9500;DGen Papyrus G5;BB Inchiostrazione elevata [Solutioncare];720x600;00:00:20;00:04:45;;0,00;€0,00;;;;;;;0;;;
OK;TeatroMassimo_6x3_Biancaneve.JPG;;31/10/2023 11:22:00;568,00;280,00;10;159,0500;DGen Papyrus G5;BB Inchiostrazione elevata [Solutioncare];720x600;00:00:20;01:36:09;;0,00;€0,00;;;;;;;0;;;
OK;TeatroMassimo_6x3_Capuleti.JPG;;31/10/2023 13:12:47;568,00;280,00;2;31,8500;DGen Papyrus G5;BB Inchiostrazione elevata [Solutioncare];720x600;00:00:21;00:26:11;;0,00;€0,00;;;;;;;0;;;
OK;ImmobiliareBasile_140x200.JPG;;31/10/2023 13:43:48;131,00;194,05;3;7,6500;DGen Papyrus G5;BB Inchiostrazione elevata [Solutioncare];720x600;00:00:10;00:03:24;;0,00;€0,00;;;;;;;0;;;
OK;ImmobiliareBasile_6x3.JPG;;31/10/2023 14:06:10;568,00;280,00;2;31,8500;DGen Papyrus G5;BB Inchiostrazione elevata [Solutioncare];720x600;00:00:22;00:59:22;;0,00;€0,00;;;;;;;0;;;
OK;CentroLegno_6x3_MacchinaCaffe.JPG;;31/10/2023 14:32:13;568,00;280,00;1;15,9500;DGen Papyrus G5;BB Inchiostrazione elevata [Solutioncare];720x600;00:00:20;00:59:22;;0,00;€0,00;;;;;;;0;;;
OK;CentroLegno_6x3_TV.JPG;;31/10/2023 14:49:24;568,00;280,00;1;15,9500;DGen Papyrus G5;BB Inchiostrazione elevata [Solutioncare];720x600;00:00:19;00:59:22;;0,00;€0,00;;;;;;;0;;;
OK;TeatroMassimo_6x3_Capuleti.JPG;;31/10/2023 15:07:59;568,00;280,00;2;31,8500;DGen Papyrus G5;BB Inchiostrazione elevata [Solutioncare];720x600;00:00:21;00:32:27;;0,00;€0,00;;;;;;;0;;;
ERROR;TeatroMassimo_6x3_Capuleti.JPG;;31/10/2023 15:40:42;568,00;280,00;2;31,8500;DGen Papyrus G5;BB Inchiostrazione elevata [Solutioncare];720x600;00:00:21;00:07:22;;0,00;€0,00;;;;;;;0;;;
OK;A_-_SERRAINO_-_manifesto_70_x_100_cm_-_UNA_copia_-_Carlo_Sigmund.PDF;;31/10/2023 15:53:31;70,00;100,00;1;0,7000;DGen Papyrus G5;BB Inchiostrazione elevata [Solutioncare];720x600;00:00:06;00:00:15;;0,00;€0,00;;;;;;;0;;;
OK;B_-_SERRAINO_-_manifesto_70_x_100_cm_-_UNA_copia_-_DalMoro.PDF;;31/10/2023 15:53:31;70,00;100,00;1;0,7000;DGen Papyrus G5;BB Inchiostrazione elevata [Solutioncare];720x600;00:00:06;00:00:15;;0,00;€0,00;;;;;;;0;;;
OK;C_-_SERRAINO_-_manifesto_70_x_100_cm_-_UNA_copia_-_Daniele_Borgogni.PDF;C - SERRAINO - manifesto 70 x 100 cm - UNA copia - Daniele Borgogni;31/10/2023 15:53:36;70,00;100,00;1;0,7000;DGen Papyrus G5;BB Inchiostrazione elevata [Solutioncare];720x600;00:00:06;00:00:15;;0,00;€0,00;;;;;;;0;;;
OK;D_-_SERRAINO_-_manifesto_70_x_100_cm_-_UNA_copia_-_Gorla.PDF;;31/10/2023 15:53:36;70,00;100,00;1;0,7000;DGen Papyrus G5;BB Inchiostrazione elevata [Solutioncare];720x600;00:00:06;00:00:15;;0,00;€0,00;;;;;;;0;;;
OK;E_-_SERRAINO_-_manifesto_70_x_100_cm_-_UNA_copia_-_Salvatore_Lombardo.PDF;E - SERRAINO - manifesto 70 x 100 cm - UNA copia - Salvatore Lombardo;31/10/2023 15:53:41;70,00;100,00;1;0,7000;DGen Papyrus G5;BB Inchiostrazione elevata [Solutioncare];720x600;00:00:05;00:00:15;;0,00;€0,00;;;;;;;0;;;
OK;TeatroMassimo_6x3_Capuleti.JPG;;31/10/2023 16:55:11;568,00;280,00;6;95,4500;DGen Papyrus G5;BB Inchiostrazione elevata [Solutioncare];720x600;00:00:21;14:43:40;;0,00;€0,00;;;;;;;0;;;
OK;ExpertMarsala_6x3_2.JPG;;31/10/2023 18:28:21;568,00;280,00;2;31,8500;DGen Papyrus G5;BB Inchiostrazione elevata [Solutioncare];720x600;00:00:21;14:43:40;;0,00;€0,00;;;;;;;0;;;
OK;ExpertMarsala_6x3_11.JPG;;31/10/2023 19:01:16;568,00;280,00;2;31,8500;DGen Papyrus G5;BB Inchiostrazione elevata [Solutioncare];720x600;00:00:20;14:43:40;;0,00;€0,00;;;;;;;0;;;
OK;FCF_6x31.JPG;;31/10/2023 19:34:27;568,00;280,00;16;254,5000;DGen Papyrus G5;BB Inchiostrazione elevata [Solutioncare];720x600;00:00:19;14:43:40;;0,00;€0,00;;;;;;;0;;;
OK;Bruno_6x3_Melilli-1.JPG;;01/11/2023 00:03:27;568,00;280,00;2;31,8500;DGen Papyrus G5;BB Inchiostrazione elevata [Solutioncare];720x600;00:00:22;14:43:40;;0,00;€0,00;;;;;;;0;;;
OK;Bruno_6x3_Melilli-2.JPG;;01/11/2023 00:36:59;568,00;280,00;2;31,8500;DGen Papyrus G5;BB Inchiostrazione elevata [Solutioncare];720x600;00:00:22;14:43:40;;0,00;€0,00;;;;;;;0;;;
OK;Bruno_6x3_Melilli-3.JPG;;01/11/2023 01:10:09;568,00;280,00;2;31,8500;DGen Papyrus G5;BB Inchiostrazione elevata [Solutioncare];720x600;00:00:21;14:43:40;;0,00;€0,00;;;;;;;0;;;
OK;Bruno_6x3_Melilli-4.JPG;;01/11/2023 01:43:32;568,00;280,00;2;31,8500;DGen Papyrus G5;BB Inchiostrazione elevata [Solutioncare];720x600;00:00:23;14:43:40;;0,00;€0,00;;;;;;;0;;;
OK;Bruno_6x3_Melilli-Candy.JPG;;01/11/2023 02:16:53;568,00;280,00;2;31,8500;DGen Papyrus G5;BB Inchiostrazione elevata [Solutioncare];720x600;00:00:23;14:43:40;;0,00;€0,00;;;;;;;0;;;
OK;Bruno_6x3_CT-1.JPG;;01/11/2023 02:50:42;568,00;280,00;1;15,9500;DGen Papyrus G5;BB Inchiostrazione elevata [Solutioncare];720x600;00:00:23;14:43:40;;0,00;€0,00;;;;;;;0;;;
OK;Bruno_6x3_CT-2.JPG;;01/11/2023 03:07:54;568,00;280,00;1;15,9500;DGen Papyrus G5;BB Inchiostrazione elevata [Solutioncare];720x600;00:00:20;14:43:40;;0,00;€0,00;;;;;;;0;;;
OK;Bruno_6x3_CT-3.JPG;;01/11/2023 03:24:04;568,00;280,00;1;15,9500;DGen Papyrus G5;BB Inchiostrazione elevata [Solutioncare];720x600;00:00:22;14:43:40;;0,00;€0,00;;;;;;;0;;;
OK;Bruno_6x6_CT-1.JPG;;01/11/2023 03:41:10;568,00;565,00;2;64,2000;DGen Papyrus G5;BB Inchiostrazione elevata [Solutioncare];720x600;00:00:44;14:43:40;;0,00;€0,00;;;;;;;0;;;
OK;Bruno_6x6_CT-2.JPG;;01/11/2023 04:48:45;568,00;565,00;2;64,2000;DGen Papyrus G5;BB Inchiostrazione elevata [Solutioncare];720x600;00:00:39;14:43:40;;0,00;€0,00;;;;;;;0;;;
OK;Bruno_6x6_CT-3.JPG;;01/11/2023 05:56:39;568,00;565,00;2;64,2000;DGen Papyrus G5;BB Inchiostrazione elevata [Solutioncare];720x600;00:00:41;14:43:40;;0,00;€0,00;;;;;;;0;;;
OK;Bruno_6x6_CT-4.JPG;;01/11/2023 07:05:16;568,00;565,00;1;32,1000;DGen Papyrus G5;BB Inchiostrazione elevata [Solutioncare];720x600;00:00:46;14:43:40;;0,00;€0,00;;;;;;;0;;;
OK;Comer_12x3.JPG;;02/11/2023 08:15:29;1.180,00;278,00;2;65,6500;DGen Papyrus G5;BB Inchiostrazione elevata [Solutioncare];720x600;00:00:33;01:04:42;;0,00;€0,00;;;;;;;0;;;
OK;VirginFibra_6x3.JPG;;02/11/2023 09:23:32;568,00;280,00;4;63,6500;DGen Papyrus G5;BB Inchiostrazione elevata [Solutioncare];720x600;00:00:21;01:04:06;;0,00;€0,00;;;;;;;0;;;
OK;VirginFibra_6x3.JPG;;02/11/2023 10:27:58;568,00;280,00;2;31,8500;DGen Papyrus G5;BB Inchiostrazione elevata [Solutioncare];720x600;00:00:21;00:33:29;;0,00;€0,00;;;;;;;0;;;
OK;VirginFibra_6x3.JPG;;02/11/2023 11:12:49;568,00;280,00;1;15,9500;DGen Papyrus G5;BB Inchiostrazione elevata [Solutioncare];720x600;00:00:21;00:04:45;;0,00;€0,00;;;;;;;0;;;
OK;VirginFibra_6x3.JPG;;02/11/2023 11:24:18;568,00;280,00;1;15,9500;DGen Papyrus G5;BB Inchiostrazione elevata [Solutioncare];720x600;00:00:21;00:00:21;;0,00;€0,00;;;;;;;0;;;
OK;VirginFibra_6x3.JPG;;02/11/2023 11:28:36;568,00;280,00;1;15,9500;DGen Papyrus G5;BB Inchiostrazione elevata [Solutioncare];720x600;00:00:21;00:00:14;;0,00;€0,00;;;;;;;0;;;
OK;VirginFibra_6x3.JPG;;02/11/2023 11:36:04;568,00;280,00;1;15,9500;DGen Papyrus G5;BB Inchiostrazione elevata [Solutioncare];720x600;00:00:21;00:00:21;;0,00;€0,00;;;;;;;0;;;
ERROR;PennyMarket_6x3_CT1.JPG;;02/11/2023 11:47:11;568,00;280,00;4;63,6500;DGen Papyrus G5;BB Inchiostrazione elevata [Solutioncare];720x600;00:00:20;00:05:17;;0,00;€0,00;;;;;;;0;;;
OK;PennyMarket_6x3_CT3.JPG;;02/11/2023 11:53:53;568,00;280,00;4;63,6500;DGen Papyrus G5;BB Inchiostrazione elevata [Solutioncare];720x600;00:00:18;00:58:41;;0,00;€0,00;;;;;;;0;;;
OK;PennyMarket_6x3_CT2.JPG;;02/11/2023 12:56:11;568,00;280,00;5;79,5500;DGen Papyrus G5;BB Inchiostrazione elevata [Solutioncare];720x600;00:00:20;01:20:50;;0,00;€0,00;;;;;;;0;;;
ERROR;PennyMarket_6x3_CT1.JPG;;02/11/2023 14:27:59;568,00;280,00;4;63,6500;DGen Papyrus G5;BB Inchiostrazione elevata [Solutioncare];720x600;00:00:23;00:09:37;;0,00;€0,00;;;;;;;0;;;
ERROR;PennyMarket_6x3_CT4.JPG;;02/11/2023 16:07:24;568,00;280,00;5;79,5500;DGen Papyrus G5;BB Inchiostrazione elevata [Solutioncare];720x600;00:00:22;00:10:03;;0,00;€0,00;;;;;;;0;;;
ERROR;PennyMarket_6x3_CT4.JPG;;02/11/2023 16:18:15;568,00;280,00;2;31,8500;DGen Papyrus G5;BB Inchiostrazione elevata [Solutioncare];720x600;00:00:22;00:08:55;;0,00;€0,00;;;;;;;0;;;
OK;PennyMarket_6x3_CT3.JPG;;02/11/2023 16:27:57;143,50;141,00;10;20,2500;DGen Papyrus G5;BB Inchiostrazione elevata [Solutioncare];720x600;00:00:18;00:13:33;;0,00;€0,00;;;;;;;0;;;
OK;PennyMarket_6x3_CT3.JPG;;02/11/2023 16:50:57;143,50;141,00;5;10,1500;DGen Papyrus G5;BB Inchiostrazione elevata [Solutioncare];720x600;00:00:18;00:05:17;;0,00;€0,00;;;;;;;0;;;
OK;IgieneFresch_6x3.JPG;;02/11/2023 17:15:00;568,00;280,00;5;79,5500;DGen Papyrus G5;BB Inchiostrazione elevata [Solutioncare];720x600;00:00:28;12:53:25;;0,00;€0,00;;;;;;;0;;;
OK;IgieneFresch_140x200.JPG;;02/11/2023 18:29:48;131,00;194,00;9;22,9000;DGen Papyrus G5;BB Inchiostrazione elevata [Solutioncare];720x600;00:00:11;12:53:25;;0,00;€0,00;;;;;;;0;;;
OK;IgieneFresch_100x140.JPG;;02/11/2023 18:56:01;131,00;95,00;8;10,0000;DGen Papyrus G5;BB Inchiostrazione elevata [Solutioncare];720x600;00:00:07;12:53:25;;0,00;€0,00;;;;;;;0;;;
OK;PaghiPoco_6x3_Alcamo.JPG;;02/11/2023 19:06:58;568,00;280,00;1;15,9500;DGen Papyrus G5;BB Inchiostrazione elevata [Solutioncare];720x600;00:00:20;12:53:25;;0,00;€0,00;;;;;;;0;;;
OK;PaghiPoco_6x3_Bagh.JPG;;02/11/2023 19:24:11;568,00;280,00;1;15,9500;DGen Papyrus G5;BB Inchiostrazione elevata [Solutioncare];720x600;00:00:20;12:53:25;;0,00;€0,00;;;;;;;0;;;
OK;PaghiPoco_6x3_Mars.JPG;;02/11/2023 19:40:35;568,00;280,00;2;31,8500;DGen Papyrus G5;BB Inchiostrazione elevata [Solutioncare];720x600;00:00:19;12:53:25;;0,00;€0,00;;;;;;;0;;;
OK;PaghiPoco_6x3_PA.JPG;;02/11/2023 20:13:49;568,00;280,00;10;159,0500;DGen Papyrus G5;BB Inchiostrazione elevata [Solutioncare];720x600;00:00:21;12:53:25;;0,00;€0,00;;;;;;;0;;;
OK;PaghiPoco_6x3_TP.JPG;;02/11/2023 23:03:40;568,00;280,00;6;95,4500;DGen Papyrus G5;BB Inchiostrazione elevata [Solutioncare];720x600;00:00:25;12:53:25;;0,00;€0,00;;;;;;;0;;;
OK;PaghiPoco_12x3_PA.JPG;;03/11/2023 00:44:51;1.180,00;278,00;3;98,4500;DGen Papyrus G5;BB Inchiostrazione elevata [Solutioncare];720x600;00:00:37;12:53:25;;0,00;€0,00;;;;;;;0;;;
OK;PaghiPoco_140x200_PA1.JPG;;03/11/2023 02:37:08;131,00;194,00;18;45,7500;DGen Papyrus G5;BB Inchiostrazione elevata [Solutioncare];720x600;00:00:07;12:53:25;;0,00;€0,00;;;;;;;0;;;
OK;PaghiPoco_140x200_PA2.JPG;;03/11/2023 03:28:26;131,00;194,00;19;48,3000;DGen Papyrus G5;BB Inchiostrazione elevata [Solutioncare];720x600;00:00:07;12:53:25;;0,00;€0,00;;;;;;;0;;;
OK;PaghiPoco_140x200_Part1.JPG;;03/11/2023 04:22:08;131,00;194,00;2;5,1000;DGen Papyrus G5;BB Inchiostrazione elevata [Solutioncare];720x600;00:00:07;12:53:25;;0,00;€0,00;;;;;;;0;;;
OK;PaghiPoco_140x200_Part2.JPG;;03/11/2023 04:27:34;131,00;194,00;2;5,1000;DGen Papyrus G5;BB Inchiostrazione elevata [Solutioncare];720x600;00:00:07;12:53:25;;0,00;€0,00;;;;;;;0;;;
OK;PaghiPoco_140x200_TP1.JPG;;03/11/2023 04:33:02;131,00;194,00;17;43,2500;DGen Papyrus G5;BB Inchiostrazione elevata [Solutioncare];720x600;00:00:07;12:53:25;;0,00;€0,00;;;;;;;0;;;
OK;PaghiPoco_140x200_TP2.JPG;;03/11/2023 05:20:18;131,00;194,00;17;43,2500;DGen Papyrus G5;BB Inchiostrazione elevata [Solutioncare];720x600;00:00:07;12:53:25;;0,00;€0,00;;;;;;;0;;;
OK;Bruno_6x3_PA-Candy.JPG;;03/11/2023 08:26:18;568,00;280,00;3;47,7500;DGen Papyrus G5;BB Inchiostrazione elevata [Solutioncare];720x600;00:00:27;00:42:40;;0,00;€0,00;;;;;;;0;;;
OK;Bruno_6x6_PA-Candy.JPG;;03/11/2023 09:30:55;568,00;570,00;1;32,4000;DGen Papyrus G5;BB Inchiostrazione elevata [Solutioncare];720x600;00:00:45;00:26:48;;0,00;€0,00;;;;;;;0;;;
OK;Bruno_6x3_PA-1.JPG;;03/11/2023 10:30:57;568,00;280,00;3;47,7500;DGen Papyrus G5;BB Inchiostrazione elevata [Solutioncare];720x600;00:00:26;00:42:41;;0,00;€0,00;;;;;;;0;;;
OK;Bruno_6x3_PA-2.JPG;;03/11/2023 11:22:07;568,00;280,00;4;63,6500;DGen Papyrus G5;BB Inchiostrazione elevata [Solutioncare];720x600;00:00:22;00:59:59;;0,00;€0,00;;;;;;;0;;;
OK;Bruno_6x3_PA-3.JPG;;03/11/2023 12:24:58;568,00;280,00;4;63,6500;DGen Papyrus G5;BB Inchiostrazione elevata [Solutioncare];720x600;00:00:31;02:12:36;;0,00;€0,00;;;;;;;0;;;
OK;Bruno_6x3_PA-4.JPG;;03/11/2023 13:29:31;568,00;280,00;4;63,6500;DGen Papyrus G5;BB Inchiostrazione elevata [Solutioncare];720x600;00:00:25;02:12:36;;0,00;€0,00;;;;;;;0;;;
ERROR;AnticoMaterassificio_6x3.JPG;;03/11/2023 16:46:21;568,00;280,00;14;222,7000;DGen Papyrus G5;BB Inchiostrazione elevata [Solutioncare];720x600;00:00:30;15:44:43;;0,00;€0,00;;;;;;;0;;;
ERROR;PennyMarket_6x3_Mars1.JPG;;03/11/2023 20:34:47;568,00;280,00;1;15,9500;DGen Papyrus G5;BB Inchiostrazione elevata [Solutioncare];720x600;00:00:20;15:44:43;;0,00;€0,00;;;;;;;0;;;
ERROR;PennyMarket_6x3_Mars2.JPG;;03/11/2023 20:52:04;568,00;280,00;1;15,9500;DGen Papyrus G5;BB Inchiostrazione elevata [Solutioncare];720x600;00:00:23;15:44:43;;0,00;€0,00;;;;;;;0;;;
ERROR;PennyMarket_6x3_Mars3.JPG;;03/11/2023 21:08:10;568,00;280,00;1;15,9500;DGen Papyrus G5;BB Inchiostrazione elevata [Solutioncare];720x600;00:00:21;15:44:43;;0,00;€0,00;;;;;;;0;;;
ERROR;PennyMarket_6x3_Mars4.JPG;;03/11/2023 21:25:15;568,00;280,00;1;15,9500;DGen Papyrus G5;BB Inchiostrazione elevata [Solutioncare];720x600;00:00:21;15:44:43;;0,00;€0,00;;;;;;;0;;;
ERROR;PennyMarket_140x200_Mars1.JPG;;03/11/2023 21:41:27;131,00;194,00;2;5,1000;DGen Papyrus G5;BB Inchiostrazione elevata [Solutioncare];720x600;00:00:10;15:44:43;;0,00;€0,00;;;;;;;0;;;
ERROR;PennyMarket_140x200_Mars2.JPG;;03/11/2023 21:47:02;131,00;194,00;2;5,1000;DGen Papyrus G5;BB Inchiostrazione elevata [Solutioncare];720x600;00:00:09;15:44:43;;0,00;€0,00;;;;;;;0;;;
ERROR;PennyMarket_140x200_Mars3.JPG;;03/11/2023 21:53:32;131,00;194,00;2;5,1000;DGen Papyrus G5;BB Inchiostrazione elevata [Solutioncare];720x600;00:00:08;15:44:43;;0,00;€0,00;;;;;;;0;;;
ERROR;PennyMarket_140x200_Mars4.JPG;;03/11/2023 21:59:12;131,00;194,00;2;5,1000;DGen Papyrus G5;BB Inchiostrazione elevata [Solutioncare];720x600;00:00:08;15:44:43;;0,00;€0,00;;;;;;;0;;;
ERROR;PennyMarket_6x3_PA1.JPG;;03/11/2023 22:04:47;568,00;280,00;5;79,5500;DGen Papyrus G5;BB Inchiostrazione elevata [Solutioncare];720x600;00:00:21;15:44:43;;0,00;€0,00;;;;;;;0;;;
ERROR;PennyMarket_6x3_PA2.JPG;;03/11/2023 23:30:17;568,00;280,00;6;95,4500;DGen Papyrus G5;BB Inchiostrazione elevata [Solutioncare];720x600;00:00:22;15:44:43;;0,00;€0,00;;;;;;;0;;;
ERROR;PennyMarket_6x3_PA3.JPG;;04/11/2023 01:11:03;568,00;280,00;6;95,4500;DGen Papyrus G5;BB Inchiostrazione elevata [Solutioncare];720x600;00:00:33;15:44:43;;0,00;€0,00;;;;;;;0;;;
ERROR;PennyMarket_6x3_PA4.JPG;;04/11/2023 02:53:09;568,00;280,00;6;95,4500;DGen Papyrus G5;BB Inchiostrazione elevata [Solutioncare];720x600;00:00:23;15:44:43;;0,00;€0,00;;;;;;;0;;;
ERROR;PennyMarket_6x6_PA1.JPG;;04/11/2023 04:34:03;568,00;570,00;1;32,4000;DGen Papyrus G5;BB Inchiostrazione elevata [Solutioncare];720x600;00:00:53;15:44:43;;0,00;€0,00;;;;;;;0;;;
ERROR;PennyMarket_6x6_PA2.JPG;;04/11/2023 05:08:05;568,00;570,00;1;32,4000;DGen Papyrus G5;BB Inchiostrazione elevata [Solutioncare];720x600;00:00:44;15:44:43;;0,00;€0,00;;;;;;;0;;;
ERROR;PennyMarket_12x3_PA.JPG;;04/11/2023 05:42:28;1.180,00;278,00;1;32,8500;DGen Papyrus G5;BB Inchiostrazione elevata [Solutioncare];720x600;00:00:47;15:44:43;;0,00;€0,00;;;;;;;0;;;
ERROR;PennyMarket_140x200_PA1.JPG;;04/11/2023 06:19:30;131,00;194,00;5;12,7500;DGen Papyrus G5;BB Inchiostrazione elevata [Solutioncare];720x600;00:00:12;15:44:43;;0,00;€0,00;;;;;;;0;;;
ERROR;PennyMarket_140x200_PA2.JPG;;04/11/2023 06:34:35;131,00;194,00;5;12,7500;DGen Papyrus G5;BB Inchiostrazione elevata [Solutioncare];720x600;00:00:08;15:44:43;;0,00;€0,00;;;;;;;0;;;
ERROR;PennyMarket_140x200_PA3.JPG;;04/11/2023 06:48:35;131,00;194,00;4;10,2000;DGen Papyrus G5;BB Inchiostrazione elevata [Solutioncare];720x600;00:00:08;15:44:43;;0,00;€0,00;;;;;;;0;;;
ERROR;PennyMarket_140x200_PA4.JPG;;04/11/2023 07:00:53;131,00;194,00;4;10,2000;DGen Papyrus G5;BB Inchiostrazione elevata [Solutioncare];720x600;00:00:07;15:44:43;;0,00;€0,00;;;;;;;0;;;
ERROR;PennyMarket_100x140_PA1.JPG;;04/11/2023 07:12:04;131,00;95,00;14;17,4500;DGen Papyrus G5;BB Inchiostrazione elevata [Solutioncare];720x600;00:00:05;15:44:43;;0,00;€0,00;;;;;;;0;;;
ERROR;PennyMarket_100x140_PA2.JPG;;04/11/2023 07:32:12;131,00;95,00;14;17,4500;DGen Papyrus G5;BB Inchiostrazione elevata [Solutioncare];720x600;00:00:05;15:44:43;;0,00;€0,00;;;;;;;0;;;
ERROR;PennyMarket_100x140_PA3.JPG;;04/11/2023 07:51:30;131,00;95,00;13;16,2000;DGen Papyrus G5;BB Inchiostrazione elevata [Solutioncare];720x600;00:00:04;15:44:43;;0,00;€0,00;;;;;;;0;;;
ERROR;PennyMarket_100x140_PA4.JPG;;04/11/2023 08:08:40;131,00;95,00;13;16,2000;DGen Papyrus G5;BB Inchiostrazione elevata [Solutioncare];720x600;00:00:04;15:44:43;;0,00;€0,00;;;;;;;0;;;
ERROR;Bruno_6x6_PA-BlackFriday.JPG;;04/11/2023 08:23:42;568,00;570,00;1;32,4000;DGen Papyrus G5;BB Inchiostrazione elevata [Solutioncare];720x600;00:00:47;15:44:43;;0,00;€0,00;;;;;;;0;;;
OK;IneditoSantomauro_100x140_1.JPG;;04/11/2023 08:35:08;131,00;95,00;30;37,3500;DGen Papyrus G5;BB Inchiostrazione elevata [Solutioncare];720x600;00:00:05;00:39:33;;0,00;€0,00;;;;;;;0;;;
OK;IneditoSantomauro_100x140_2.JPG;;04/11/2023 08:52:17;131,00;95,00;30;37,3500;DGen Papyrus G5;BB Inchiostrazione elevata [Solutioncare];720x600;00:00:04;00:39:33;;0,00;€0,00;;;;;;;0;;;
OK;IneditoSantomauro_420x200_1.JPG;;04/11/2023 09:22:25;405,00;194,00;5;39,3000;DGen Papyrus G5;BB Inchiostrazione elevata [Solutioncare];720x600;00:00:19;00:19:26;;0,00;€0,00;;;;;;;0;;;
OK;IneditoSantomauro_420x200_2.JPG;;04/11/2023 09:46:33;405,00;194,00;1;7,9000;DGen Papyrus G5;BB Inchiostrazione elevata [Solutioncare];720x600;00:00:15;00:00:26;;0,00;€0,00;;;;;;;0;;;
OK;IneditoSantomauro_420x200_2.JPG;;04/11/2023 10:04:00;405,00;194,00;3;23,6000;DGen Papyrus G5;BB Inchiostrazione elevata [Solutioncare];720x600;00:00:15;00:10:35;;0,00;€0,00;;;;;;;0;;;
OK;IneditoSantomauro_280x200_2.JPG;;04/11/2023 10:22:16;270,05;194,00;20;104,8000;DGen Papyrus G5;BB Inchiostrazione elevata [Solutioncare];720x600;00:00:18;00:56:42;;0,00;€0,00;;;;;;;0;;;
OK;IneditoSantomauro_280x200_1.JPG;;04/11/2023 11:20:12;270,05;194,00;19;99,5500;DGen Papyrus G5;BB Inchiostrazione elevata [Solutioncare];720x600;00:00:18;00:56:43;;0,00;€0,00;;;;;;;0;;;
ERROR;NSA_6x3_Jeep.JPG;;04/11/2023 12:22:09;568,00;280,00;32;508,9500;DGen Papyrus G5;BB Inchiostrazione elevata [Solutioncare];720x600;00:00:20;00:05:13;;0,00;€0,00;;;;;;;0;;;
OK;NSA_6x3_Jeep.JPG;;04/11/2023 12:33:41;568,00;280,00;32;508,9500;DGen Papyrus G5;BB Inchiostrazione elevata [Solutioncare];720x600;00:00:20;12:46:37;;0,00;€0,00;;;;;;;0;;;
OK;NSA_100x140_Jeep.JPG;;04/11/2023 21:26:54;131,00;95,00;100;124,4500;DGen Papyrus G5;BB Inchiostrazione elevata [Solutioncare];720x600;00:00:08;12:46:37;;0,00;€0,00;;;;;;;0;;;
OK;NSA_6x6.JPG;;04/11/2023 23:49:39;568,00;570,00;2;64,8000;DGen Papyrus G5;BB Inchiostrazione elevata [Solutioncare];720x600;00:00:48;12:46:37;;0,00;€0,00;;;;;;;0;;;
OK;NSA_140x200_Jeep.JPG;;05/11/2023 00:57:30;131,00;194,00;8;20,3500;DGen Papyrus G5;BB Inchiostrazione elevata [Solutioncare];720x600;00:00:13;12:46:37;;0,00;€0,00;;;;;;;0;;;
OK;Max_6x3_Base.JPG;;06/11/2023 07:58:04;568,00;280,00;1;15,9500;DGen Papyrus G5;BB Inchiostrazione elevata [Solutioncare];720x600;00:00:20;00:04:44;;0,00;€0,00;;;;;;;0;;;
OK;Max_140x200.JPG;;06/11/2023 08:10:30;131,00;194,00;11;28,0000;DGen Papyrus G5;BB Inchiostrazione elevata [Solutioncare];720x600;00:00:09;00:11:50;;0,00;€0,00;;;;;;;0;;;
OK;Max_100x140.JPG;;06/11/2023 08:35:41;131,00;95,00;11;13,7000;DGen Papyrus G5;BB Inchiostrazione elevata [Solutioncare];720x600;00:00:05;00:03:43;;0,00;€0,00;;;;;;;0;;;
OK;Max_6x3_PA.JPG;;06/11/2023 08:50:55;568,00;280,00;5;79,5500;DGen Papyrus G5;BB Inchiostrazione elevata [Solutioncare];720x600;00:00:22;00:42:08;;0,00;€0,00;;;;;;;0;;;
ERROR;VanGogh_140x200.JPG;;06/11/2023 09:45:26;131,00;194,00;106;269,4000;DGen Papyrus G5;BB Inchiostrazione elevata [Solutioncare];720x600;00:00:12;01:49:46;;0,00;€0,00;;;;;;;0;;;
OK;PennyMarket_6x3_SR4.JPG;;06/11/2023 11:48:19;568,00;280,00;2;31,8500;DGen Papyrus G5;BB Inchiostrazione elevata [Solutioncare];720x600;00:00:20;01:08:54;;0,00;€0,00;;;;;;;0;;;
OK;PennyMarket_6x3_SR3.JPG;;06/11/2023 12:02:47;568,00;280,00;2;31,8500;DGen Papyrus G5;BB Inchiostrazione elevata [Solutioncare];720x600;00:00:19;01:08:54;;0,00;€0,00;;;;;;;0;;;
OK;PennyMarket_6x3_SR2.JPG;;06/11/2023 12:21:13;568,00;280,00;2;31,8500;DGen Papyrus G5;BB Inchiostrazione elevata [Solutioncare];720x600;00:00:20;01:08:54;;0,00;€0,00;;;;;;;0;;;
OK;PennyMarket_6x3_SR1.JPG;;06/11/2023 12:38:46;568,00;280,00;2;31,8500;DGen Papyrus G5;BB Inchiostrazione elevata [Solutioncare];720x600;00:00:21;01:08:54;;0,00;€0,00;;;;;;;0;;;
OK;Serena_280x200_1.JPG;;06/11/2023 13:34:39;270,05;194,05;1;5,2500;DGen Papyrus G5;BB Inchiostrazione elevata [Solutioncare];720x600;00:00:21;02:29:15;;0,00;€0,00;;;;;;;0;;;
OK;Serena_100x140_1.JPG;;06/11/2023 13:34:58;131,00;95,00;1;1,2500;DGen Papyrus G5;BB Inchiostrazione elevata [Solutioncare];720x600;00:00:05;02:29:15;;0,00;€0,00;;;;;;;0;;;
OK;Serena_100x140_2.JPG;;06/11/2023 13:35:03;131,00;95,00;1;1,2500;DGen Papyrus G5;BB Inchiostrazione elevata [Solutioncare];720x600;00:00:06;02:29:15;;0,00;€0,00;;;;;;;0;;;
OK;Serena_100x140_3.JPG;;06/11/2023 13:35:08;131,00;95,00;1;1,2500;DGen Papyrus G5;BB Inchiostrazione elevata [Solutioncare];720x600;00:00:06;02:29:15;;0,00;€0,00;;;;;;;0;;;
OK;Serena_100x140_4.JPG;;06/11/2023 13:35:50;131,00;95,00;1;1,2500;DGen Papyrus G5;BB Inchiostrazione elevata [Solutioncare];720x600;00:00:05;02:29:15;;0,00;€0,00;;;;;;;0;;;
OK;Serena_140x200_1.JPG;;06/11/2023 13:36:36;131,00;194,00;4;10,2000;DGen Papyrus G5;BB Inchiostrazione elevata [Solutioncare];720x600;00:00:08;02:29:15;;0,00;€0,00;;;;;;;0;;;
OK;Serena_140x200_2.JPG;;06/11/2023 13:42:38;131,00;194,00;5;12,7500;DGen Papyrus G5;BB Inchiostrazione elevata [Solutioncare];720x600;00:00:10;02:29:15;;0,00;€0,00;;;;;;;0;;;
OK;Serena_140x200_3.JPG;;06/11/2023 13:50:11;131,00;194,00;5;12,7500;DGen Papyrus G5;BB Inchiostrazione elevata [Solutioncare];720x600;00:00:09;02:29:15;;0,00;€0,00;;;;;;;0;;;
OK;Serena_140x200_4.JPG;;06/11/2023 13:57:43;131,00;194,00;5;12,7500;DGen Papyrus G5;BB Inchiostrazione elevata [Solutioncare];720x600;00:00:08;02:29:15;;0,00;€0,00;;;;;;;0;;;
OK;Serena_6x6.JPG;;06/11/2023 14:06:20;568,00;570,00;1;32,4000;DGen Papyrus G5;BB Inchiostrazione elevata [Solutioncare];720x600;00:00:41;02:29:15;;0,00;€0,00;;;;;;;0;;;
OK;Serena_6x3_1.JPG;;06/11/2023 14:24:08;568,00;280,00;6;95,4500;DGen Papyrus G5;BB Inchiostrazione elevata [Solutioncare];720x600;00:00:23;02:29:15;;0,00;€0,00;;;;;;;0;;;
OK;Serena_6x3_2.JPG;;06/11/2023 15:19:05;568,00;280,00;5;79,5500;DGen Papyrus G5;BB Inchiostrazione elevata [Solutioncare];720x600;00:00:22;02:29:15;;0,00;€0,00;;;;;;;0;;;
OK;VanGogh_140x200.JPG;;06/11/2023 17:11:59;131,00;194,00;33;83,9000;DGen Papyrus G5;BB Inchiostrazione elevata [Solutioncare];720x600;00:00:12;15:03:28;;0,00;€0,00;;;;;;;0;;;
OK;Cascino_6x3_Termini-Falcone.JPG;;06/11/2023 18:39:06;568,00;280,00;1;15,9500;DGen Papyrus G5;BB Inchiostrazione elevata [Solutioncare];720x600;00:00:14;15:03:28;;0,00;€0,00;;;;;;;0;;;
OK;Cascino_6x3_Term-Zara.JPG;;06/11/2023 18:56:26;568,00;280,00;1;15,9500;DGen Papyrus G5;BB Inchiostrazione elevata [Solutioncare];720x600;00:00:15;15:03:28;;0,00;€0,00;;;;;;;0;;;
OK;Cascino_6x3_PA1.JPG;;06/11/2023 19:13:46;568,00;280,00;3;47,7500;DGen Papyrus G5;BB Inchiostrazione elevata [Solutioncare];720x600;00:00:15;15:03:28;;0,00;€0,00;;;;;;;0;;;
OK;Cascino_6x3_PA2.JPG;;06/11/2023 20:03:45;568,00;280,00;3;47,7500;DGen Papyrus G5;BB Inchiostrazione elevata [Solutioncare];720x600;00:00:20;15:03:28;;0,00;€0,00;;;;;;;0;;;
OK;Cascino_6x3_PA3.JPG;;06/11/2023 20:54:57;568,00;280,00;2;31,8500;DGen Papyrus G5;BB Inchiostrazione elevata [Solutioncare];720x600;00:00:14;15:03:28;;0,00;€0,00;;;;;;;0;;;
OK;Cascino_6x3_PA4.JPG;;06/11/2023 21:28:26;568,00;280,00;3;47,7500;DGen Papyrus G5;BB Inchiostrazione elevata [Solutioncare];720x600;00:00:15;15:03:28;;0,00;€0,00;;;;;;;0;;;
OK;Cascino_100x140_1.JPG;;06/11/2023 22:19:26;131,00;95,00;3;3,7500;DGen Papyrus G5;BB Inchiostrazione elevata [Solutioncare];720x600;00:00:05;15:03:28;;0,00;€0,00;;;;;;;0;;;
OK;Cascino_100x140_2.JPG;;06/11/2023 22:23:35;131,00;95,00;3;3,7500;DGen Papyrus G5;BB Inchiostrazione elevata [Solutioncare];720x600;00:00:05;15:03:28;;0,00;€0,00;;;;;;;0;;;
OK;Cascino_100x140_3.JPG;;06/11/2023 22:27:39;131,00;95,00;3;3,7500;DGen Papyrus G5;BB Inchiostrazione elevata [Solutioncare];720x600;00:00:05;15:03:28;;0,00;€0,00;;;;;;;0;;;
OK;Cascino_100x140_4.JPG;;06/11/2023 22:31:49;131,00;95,00;3;3,7500;DGen Papyrus G5;BB Inchiostrazione elevata [Solutioncare];720x600;00:00:05;15:03:28;;0,00;€0,00;;;;;;;0;;;
OK;Cascino_100x140_5.JPG;;06/11/2023 22:35:58;131,00;95,00;3;3,7500;DGen Papyrus G5;BB Inchiostrazione elevata [Solutioncare];720x600;00:00:05;15:03:28;;0,00;€0,00;;;;;;;0;;;
OK;Cascino_100x140_6.JPG;;06/11/2023 22:40:01;131,00;95,00;3;3,7500;DGen Papyrus G5;BB Inchiostrazione elevata [Solutioncare];720x600;00:00:05;15:03:28;;0,00;€0,00;;;;;;;0;;;
OK;Cascino_100x140_8.JPG;;06/11/2023 22:45:13;131,00;95,00;3;3,7500;DGen Papyrus G5;BB Inchiostrazione elevata [Solutioncare];720x600;00:00:05;15:03:28;;0,00;€0,00;;;;;;;0;;;
OK;Cascino_100x140_7.JPG;;06/11/2023 22:49:17;131,00;95,00;4;5,0000;DGen Papyrus G5;BB Inchiostrazione elevata [Solutioncare];720x600;00:00:05;15:03:28;;0,00;€0,00;;;;;;;0;;;
OK;Cascino_140x200_1.JPG;;06/11/2023 22:54:50;131,00;194,00;18;45,7500;DGen Papyrus G5;BB Inchiostrazione elevata [Solutioncare];720x600;00:00:08;15:03:28;;0,00;€0,00;;;;;;;0;;;
OK;SISA_102x142_2.JPG;;06/11/2023 23:20:56;142,05;103,05;23;33,6500;DGen Papyrus G5;BB Inchiostrazione elevata [Solutioncare];720x600;00:00:06;15:03:28;;0,00;€0,00;;;;;;;0;;;
OK;Cascino_140x200_2.JPG;;06/11/2023 23:47:34;131,00;194,00;18;45,7500;DGen Papyrus G5;BB Inchiostrazione elevata [Solutioncare];720x600;00:00:09;15:03:28;;0,00;€0,00;;;;;;;0;;;
OK;Cascino_140x200_3.JPG;;07/11/2023 00:36:19;131,00;194,00;18;45,7500;DGen Papyrus G5;BB Inchiostrazione elevata [Solutioncare];720x600;00:00:08;15:03:28;;0,00;€0,00;;;;;;;0;;;
OK;Cascino_140x200_4.JPG;;07/11/2023 01:25:57;131,00;194,00;18;45,7500;DGen Papyrus G5;BB Inchiostrazione elevata [Solutioncare];720x600;00:00:08;15:03:28;;0,00;€0,00;;;;;;;0;;;
OK;Cascino_140x200_5.JPG;;07/11/2023 02:15:30;131,00;194,00;18;45,7500;DGen Papyrus G5;BB Inchiostrazione elevata [Solutioncare];720x600;00:00:08;15:03:28;;0,00;€0,00;;;;;;;0;;;
OK;Cascino_140x200_6.JPG;;07/11/2023 03:04:42;131,00;194,00;18;45,7500;DGen Papyrus G5;BB Inchiostrazione elevata [Solutioncare];720x600;00:00:08;15:03:28;;0,00;€0,00;;;;;;;0;;;
OK;Cascino_140x200_7.JPG;;07/11/2023 03:54:20;131,00;194,00;19;48,3000;DGen Papyrus G5;BB Inchiostrazione elevata [Solutioncare];720x600;00:00:08;15:03:28;;0,00;€0,00;;;;;;;0;;;
OK;Cascino_140x200_8.JPG;;07/11/2023 04:46:33;131,00;194,00;19;48,3000;DGen Papyrus G5;BB Inchiostrazione elevata [Solutioncare];720x600;00:00:08;15:03:28;;0,00;€0,00;;;;;;;0;;;
OK;SISA_102x142_1.JPG;;07/11/2023 06:13:01;142,05;103,05;24;35,1500;DGen Papyrus G5;BB Inchiostrazione elevata [Solutioncare];720x600;00:00:07;15:03:28;;0,00;€0,00;;;;;;;0;;;
OK;SISA_100x140_1.JPG;;07/11/2023 08:46:49;131,00;95,00;25;31,1500;DGen Papyrus G5;BB Inchiostrazione elevata [Solutioncare];720x600;00:00:05;00:29:48;;0,00;€0,00;;;;;;;0;;;
OK;SISA_100x140_2~1.JPG;;07/11/2023 08:59:35;131,00;95,00;24;29,9000;DGen Papyrus G5;BB Inchiostrazione elevata [Solutioncare];720x600;00:00:06;00:29:48;;0,00;€0,00;;;;;;;0;;;
OK;SISA_140x200_1.JPG;;07/11/2023 09:16:44;131,00;194,00;10;25,4500;DGen Papyrus G5;BB Inchiostrazione elevata [Solutioncare];720x600;00:00:09;00:31:46;;0,00;€0,00;;;;;;;0;;;
OK;SISA_140x200_2.JPG;;07/11/2023 09:33:07;131,00;194,00;10;25,4500;DGen Papyrus G5;BB Inchiostrazione elevata [Solutioncare];720x600;00:00:09;00:31:46;;0,00;€0,00;;;;;;;0;;;
OK;SISA_6x3_1.JPG;;07/11/2023 10:00:15;568,00;280,00;6;95,4500;DGen Papyrus G5;BB Inchiostrazione elevata [Solutioncare];720x600;00:00:21;00:50:31;;0,00;€0,00;;;;;;;0;;;
OK;distribution_7-11-2023.PDF;;07/11/2023 10:57:47;575,00;285,05;1;16,4000;DGen Papyrus G5;BB Inchiostrazione elevata [Solutioncare];720x600;00:00:44;00:07:11;;0,00;€0,00;;;;;;;0;;;
OK;InnovazioneSicilia_100x140.JPG;;07/11/2023 11:17:54;131,00;95,00;110;136,9000;DGen Papyrus G5;BB Inchiostrazione elevata [Solutioncare];720x600;00:00:05;02:19:15;;0,00;€0,00;;;;;;;0;;;
OK;SISA_6x3_1.JPG;;07/11/2023 14:02:25;568,00;280,00;4;63,6500;DGen Papyrus G5;BB Inchiostrazione elevata [Solutioncare];720x600;00:00:21;01:01:55;;0,00;€0,00;;;;;;;0;;;
OK;Dorelan_280x200.JPG;;07/11/2023 15:06:39;270,05;194,00;1;5,2500;DGen Papyrus G5;BB Inchiostrazione elevata [Solutioncare];720x600;00:00:23;00:03:29;;0,00;€0,00;;;;;;;0;;;
OK;Forum_12x3_LT.JPG;;07/11/2023 15:16:03;1.180,00;278,00;1;32,8500;DGen Papyrus G5;BB Inchiostrazione elevata [Solutioncare];720x600;00:00:30;00:49:05;;0,00;€0,00;;;;;;;0;;;
OK;Sisa_6x3_Partinico.JPG;;07/11/2023 15:47:52;568,00;280,00;1;15,9500;DGen Papyrus G5;BB Inchiostrazione elevata [Solutioncare];720x600;00:00:22;00:49:05;;0,00;€0,00;;;;;;;0;;;
OK;SISA_6x3_1.JPG;;07/11/2023 16:27:47;568,00;280,00;16;254,5000;DGen Papyrus G5;BB Inchiostrazione elevata [Solutioncare];720x600;00:00:21;04:25:05;;0,00;€0,00;;;;;;;0;;;
OK;Temporary_229x229.JPG;;08/11/2023 08:21:14;229,00;229,00;1;5,2500;DGen Papyrus G5;BB Inchiostrazione elevata [Solutioncare];720x600;00:00:12;01:11:40;;0,00;€0,00;;;;;;;0;;;
OK;Unieuro_6x6_1.JPG;;08/11/2023 08:21:35;568,00;570,00;1;32,4000;DGen Papyrus G5;BB Inchiostrazione elevata [Solutioncare];720x600;00:00:33;01:11:40;;0,00;€0,00;;;;;;;0;;;
OK;Unieuro_6x6_2.JPG;;08/11/2023 08:53:15;568,00;570,00;1;32,4000;DGen Papyrus G5;BB Inchiostrazione elevata [Solutioncare];720x600;00:00:35;01:11:40;;0,00;€0,00;;;;;;;0;;;
OK;SISA_140x200_1.JPG;;08/11/2023 09:27:17;131,00;194,00;1;2,5500;DGen Papyrus G5;BB Inchiostrazione elevata [Solutioncare];720x600;00:00:09;01:11:40;;0,00;€0,00;;;;;;;0;;;
OK;SISA_140x200_2.JPG;;08/11/2023 09:30:03;131,00;194,00;1;2,5500;DGen Papyrus G5;BB Inchiostrazione elevata [Solutioncare];720x600;00:00:09;01:11:40;;0,00;€0,00;;;;;;;0;;;
OK;FG_Detersivi_6x3.JPG;;08/11/2023 13:20:40;568,00;280,00;1;15,9500;DGen Papyrus G5;BB Inchiostrazione elevata [Solutioncare];720x600;00:00:22;00:06:19;;0,00;€0,00;;;;;;;0;;;
OK;FP_Group_12x3.JPG;;08/11/2023 13:41:49;1.180,00;278,00;1;32,8500;DGen Papyrus G5;BB Inchiostrazione elevata [Solutioncare];720x600;00:00:43;01:03:49;;0,00;€0,00;;;;;;;0;;;
OK;Fp_Group_6x6.JPG;;08/11/2023 14:10:25;568,00;570,00;1;32,4000;DGen Papyrus G5;BB Inchiostrazione elevata [Solutioncare];720x600;00:00:43;01:03:49;;0,00;€0,00;;;;;;;0;;;
OK;A_-_SERRAINO_-_manifesto_70_x_100_cm_-_UNA_copia_-_Carlo_Sigmund.PDF;;09/11/2023 08:28:50;70,00;100,00;1;0,7000;DGen Papyrus G5;BB Inchiostrazione elevata [Solutioncare];720x600;00:00:06;00:00:15;;0,00;€0,00;;;;;;;0;;;
OK;B_-_SERRAINO_-_manifesto_70_x_100_cm_-_UNA_copia_-_DalMoro.PDF;;09/11/2023 08:28:50;70,00;100,00;1;0,7000;DGen Papyrus G5;BB Inchiostrazione elevata [Solutioncare];720x600;00:00:06;00:00:15;;0,00;€0,00;;;;;;;0;;;
OK;C_-_SERRAINO_-_manifesto_70_x_100_cm_-_UNA_copia_-_Daniele_Borgogni.PDF;C - SERRAINO - manifesto 70 x 100 cm - UNA copia - Daniele Borgogni;09/11/2023 08:28:55;70,00;100,00;1;0,7000;DGen Papyrus G5;BB Inchiostrazione elevata [Solutioncare];720x600;00:00:06;00:00:15;;0,00;€0,00;;;;;;;0;;;
OK;D_-_SERRAINO_-_manifesto_70_x_100_cm_-_UNA_copia_-_Gorla.PDF;;09/11/2023 08:28:55;70,00;100,00;1;0,7000;DGen Papyrus G5;BB Inchiostrazione elevata [Solutioncare];720x600;00:00:06;00:00:15;;0,00;€0,00;;;;;;;0;;;
OK;E_-_SERRAINO_-_manifesto_70_x_100_cm_-_UNA_copia_-_Salvatore_Lombardo.PDF;E - SERRAINO - manifesto 70 x 100 cm - UNA copia - Salvatore Lombardo;09/11/2023 08:29:00;70,00;100,00;1;0,7000;DGen Papyrus G5;BB Inchiostrazione elevata [Solutioncare];720x600;00:00:05;00:00:15;;0,00;€0,00;;;;;;;0;;;
OK;MaxiSconto_12x3.JPG;;09/11/2023 10:05:46;1.180,00;278,00;1;32,8500;DGen Papyrus G5;BB Inchiostrazione elevata [Solutioncare];720x600;00:00:43;00:26:05;;0,00;€0,00;;;;;;;0;;;
OK;Sisa_6x3_Partinico.JPG;;09/11/2023 10:42:02;568,05;280,00;1;15,9500;DGen Papyrus G5;BB Inchiostrazione elevata [Solutioncare];720x600;00:00:21;00:07:22;;0,00;€0,00;;;;;;;0;;;
OK;MaxiSconto_12x3.JPG;;09/11/2023 11:05:46;1.180,00;278,00;1;32,8500;DGen Papyrus G5;BB Inchiostrazione elevata [Solutioncare];720x600;00:00:43;00:57:33;;0,00;€0,00;;;;;;;0;;;
OK;poseidon_p1_r2_c1.JPG;;09/11/2023 11:06:12;46,20;349,60;8;12,9500;DGen Papyrus G5;BB Inchiostrazione elevata [Solutioncare];720x600;00:00:07;00:57:33;;0,00;€0,00;;;;;;;0;;;
OK;poseidon_p1_r1_c1.JPG;;09/11/2023 11:21:23;144,20;349,60;8;40,3500;DGen Papyrus G5;BB Inchiostrazione elevata [Solutioncare];720x600;00:00:20;00:57:33;;0,00;€0,00;;;;;;;0;;;
OK;Ingrassia_195x135_Tumbarello_01_Copia.JPG;;09/11/2023 12:18:04;135,05;195,00;1;2,6500;DGen Papyrus G5;BB Inchiostrazione elevata [Solutioncare];720x600;00:00:19;00:00:10;;0,00;€0,00;;;;;;;0;;;
OK;Tardino_6x3.JPG;;10/11/2023 08:38:44;568,00;280,00;2;31,8500;DGen Papyrus G5;BB Inchiostrazione elevata [Solutioncare];720x600;00:00:22;00:24:00;;0,00;€0,00;;;;;;;0;;;
OK;Tardino_6x3.JPG;;10/11/2023 09:23:17;568,00;280,00;2;31,8500;DGen Papyrus G5;BB Inchiostrazione elevata [Solutioncare];720x600;00:00:22;00:24:02;;0,00;€0,00;;;;;;;0;;;
OK;Tardino_6x3.JPG;;10/11/2023 09:56:39;568,00;280,00;1;15,9500;DGen Papyrus G5;BB Inchiostrazione elevata [Solutioncare];720x600;00:00:22;00:08:24;;0,00;€0,00;;;;;;;0;;;
OK;IlCentesimo_140x200_3.JPG;;10/11/2023 10:36:02;131,00;194,00;3;7,6500;DGen Papyrus G5;BB Inchiostrazione elevata [Solutioncare];720x600;00:00:09;00:55:20;;0,00;€0,00;;;;;;;0;;;
OK;IlCentesimo_140x200_2.JPG;;10/11/2023 10:36:33;131,00;194,00;3;7,6500;DGen Papyrus G5;BB Inchiostrazione elevata [Solutioncare];720x600;00:00:09;00:55:20;;0,00;€0,00;;;;;;;0;;;
OK;IlCentesimo_140x200_1.JPG;;10/11/2023 10:40:21;131,00;194,00;2;5,1000;DGen Papyrus G5;BB Inchiostrazione elevata [Solutioncare];720x600;00:00:08;00:55:20;;0,00;€0,00;;;;;;;0;;;
OK;IlCentesimo_140x200_4.JPG;;10/11/2023 10:43:22;131,00;194,00;2;5,1000;DGen Papyrus G5;BB Inchiostrazione elevata [Solutioncare];720x600;00:00:10;00:55:20;;0,00;€0,00;;;;;;;0;;;
OK;IlCentesimo_6x3_2.JPG;;10/11/2023 10:46:22;568,00;280,00;3;47,7500;DGen Papyrus G5;BB Inchiostrazione elevata [Solutioncare];720x600;00:00:18;00:55:20;;0,00;€0,00;;;;;;;0;;;
OK;IlCentesimo_6x3_1.JPG;;10/11/2023 11:13:46;568,00;280,00;2;31,8500;DGen Papyrus G5;BB Inchiostrazione elevata [Solutioncare];720x600;00:00:17;00:55:20;;0,00;€0,00;;;;;;;0;;;
OK;IlCentesimo_6x3_1.JPG;;10/11/2023 11:47:31;568,00;280,00;6;95,4500;DGen Papyrus G5;BB Inchiostrazione elevata [Solutioncare];720x600;00:00:17;01:44:02;;0,00;€0,00;;;;;;;0;;;
OK;IlCentesimo_6x3_2.JPG;;10/11/2023 12:36:19;568,00;280,00;6;95,4500;DGen Papyrus G5;BB Inchiostrazione elevata [Solutioncare];720x600;00:00:18;01:44:02;;0,00;€0,00;;;;;;;0;;;
OK;ConcaD'Oro_6x3.JPG;;10/11/2023 13:41:05;568,00;280,00;1;15,9500;DGen Papyrus G5;BB Inchiostrazione elevata [Solutioncare];720x600;00:00:29;00:14:23;;0,00;€0,00;;;;;;;0;;;
OK;H&B_6x3-Istituz.JPG;;10/11/2023 13:46:41;568,00;280,00;1;15,9500;DGen Papyrus G5;BB Inchiostrazione elevata [Solutioncare];720x600;00:00:27;00:14:23;;0,00;€0,00;;;;;;;0;;;
OK;IlCentesimo_140x200_1~1.JPG;;10/11/2023 14:08:31;131,00;194,00;28;71,2000;DGen Papyrus G5;BB Inchiostrazione elevata [Solutioncare];720x600;00:00:08;00:37:06;;0,00;€0,00;;;;;;;0;;;
OK;IlCentesimo_140x200_4~1.JPG;;10/11/2023 14:46:02;131,00;194,00;29;73,7000;DGen Papyrus G5;BB Inchiostrazione elevata [Solutioncare];720x600;00:00:10;00:44:12;;0,00;€0,00;;;;;;;0;;;
OK;Bruno_6x3_PA4.JPG;;13/11/2023 08:40:37;568,00;280,00;4;63,6500;DGen Papyrus G5;BB Inchiostrazione elevata [Solutioncare];720x600;00:00:21;00:57:42;;0,00;€0,00;;;;;;;0;;;
OK;Bruno_6x3_PA1.JPG;;13/11/2023 09:39:59;568,00;280,00;3;47,7500;DGen Papyrus G5;BB Inchiostrazione elevata [Solutioncare];720x600;00:00:24;00:50:40;;0,00;€0,00;;;;;;;0;;;
OK;Bruno_6x3_PA2.JPG;;13/11/2023 10:39:46;568,00;280,00;3;47,7500;DGen Papyrus G5;BB Inchiostrazione elevata [Solutioncare];720x600;00:00:24;00:43:26;;0,00;€0,00;;;;;;;0;;;
OK;Bruno_6x3_PA3.JPG;;13/11/2023 11:38:24;568,00;280,00;4;63,6500;DGen Papyrus G5;BB Inchiostrazione elevata [Solutioncare];720x600;00:00:22;02:11:15;;0,00;€0,00;;;;;;;0;;;
OK;Bruno_6x6_PA.JPG;;13/11/2023 12:37:26;568,00;570,00;1;32,4000;DGen Papyrus G5;BB Inchiostrazione elevata [Solutioncare];720x600;00:00:43;02:11:15;;0,00;€0,00;;;;;;;0;;;
OK;Bruno_12x3.JPG;;13/11/2023 13:12:27;1.180,00;278,00;1;32,8500;DGen Papyrus G5;BB Inchiostrazione elevata [Solutioncare];720x600;00:00:36;02:11:15;;0,00;€0,00;;;;;;;0;;;
OK;Todis_6x3_ViaGeremia.JPG;;13/11/2023 14:13:54;568,00;280,00;2;31,8500;DGen Papyrus G5;BB Inchiostrazione elevata [Solutioncare];720x600;00:00:23;01:17:04;;0,00;€0,00;;;;;;;0;;;
OK;Todis_6x3_ViaRudini.JPG;;13/11/2023 14:40:09;568,00;280,00;1;15,9500;DGen Papyrus G5;BB Inchiostrazione elevata [Solutioncare];720x600;00:00:21;01:17:04;;0,00;€0,00;;;;;;;0;;;
OK;Tardino_6x3.JPG;;13/11/2023 14:57:29;568,00;280,00;2;31,8500;DGen Papyrus G5;BB Inchiostrazione elevata [Solutioncare];720x600;00:00:22;01:17:04;;0,00;€0,00;;;;;;;0;;;
ERROR;Famila_100x140_1.JPG;;13/11/2023 16:36:44;131,00;95,00;2;2,5000;DGen Papyrus G5;BB Inchiostrazione elevata [Solutioncare];720x600;00:00:06;00:02:04;;0,00;€0,00;;;;;;;0;;;
ERROR;Famila_100x140_4.JPG;;13/11/2023 16:36:53;131,00;95,00;2;2,5000;DGen Papyrus G5;BB Inchiostrazione elevata [Solutioncare];720x600;00:00:05;00:02:04;;0,00;€0,00;;;;;;;0;;;
ERROR;Famila_100x140_3.JPG;;13/11/2023 16:37:02;131,00;95,00;1;1,2500;DGen Papyrus G5;BB Inchiostrazione elevata [Solutioncare];720x600;00:00:05;00:02:04;;0,00;€0,00;;;;;;;0;;;
ERROR;Famila_100x140_2.JPG;;13/11/2023 16:37:06;131,00;95,00;1;1,2500;DGen Papyrus G5;BB Inchiostrazione elevata [Solutioncare];720x600;00:00:06;00:02:04;;0,00;€0,00;;;;;;;0;;;
ERROR;Famila_6x3_4.JPG;;13/11/2023 16:37:37;568,05;280,00;8;127,2500;DGen Papyrus G5;BB Inchiostrazione elevata [Solutioncare];720x600;00:00:30;00:02:04;;0,00;€0,00;;;;;;;0;;;
ERROR;Famila_140x200_4.JPG;;13/11/2023 16:49:21;131,00;194,00;49;124,5500;DGen Papyrus G5;BB Inchiostrazione elevata [Solutioncare];720x1200;00:00:15;00:04:02;;0,00;€0,00;;;;;;;0;;;
OK;Famila_100x140_3.JPG;;13/11/2023 16:57:21;131,00;95,00;1;1,2500;DGen Papyrus G5;BB Inchiostrazione elevata [Solutioncare];720x600;00:00:05;13:47:59;;0,00;€0,00;;;;;;;0;;;
OK;Famila_100x140_2.JPG;;13/11/2023 16:57:26;131,00;95,00;1;1,2500;DGen Papyrus G5;BB Inchiostrazione elevata [Solutioncare];720x600;00:00:06;13:47:59;;0,00;€0,00;;;;;;;0;;;
OK;Famila_100x140_1.JPG;;13/11/2023 16:57:31;131,00;95,00;2;2,5000;DGen Papyrus G5;BB Inchiostrazione elevata [Solutioncare];720x600;00:00:06;13:47:59;;0,00;€0,00;;;;;;;0;;;
OK;Famila_100x140_4.JPG;;13/11/2023 16:57:40;131,00;95,00;2;2,5000;DGen Papyrus G5;BB Inchiostrazione elevata [Solutioncare];720x600;00:00:05;13:47:59;;0,00;€0,00;;;;;;;0;;;
OK;Famila_6x3_4.JPG;;13/11/2023 16:58:16;568,05;280,00;8;127,2500;DGen Papyrus G5;BB Inchiostrazione elevata [Solutioncare];720x600;00:00:30;13:47:59;;0,00;€0,00;;;;;;;0;;;
OK;Famila_6x3_3.JPG;;13/11/2023 19:12:41;568,05;280,00;8;127,2500;DGen Papyrus G5;BB Inchiostrazione elevata [Solutioncare];720x600;00:00:36;13:47:59;;0,00;€0,00;;;;;;;0;;;
OK;Famila_6x3_1.JPG;;13/11/2023 21:28:45;568,05;280,00;8;127,2500;DGen Papyrus G5;BB Inchiostrazione elevata [Solutioncare];720x600;00:00:36;13:47:59;;0,00;€0,00;;;;;;;0;;;
OK;Famila_6x3_2.JPG;;13/11/2023 23:43:21;568,05;280,00;9;143,1500;DGen Papyrus G5;BB Inchiostrazione elevata [Solutioncare];720x600;00:00:34;13:47:59;;0,00;€0,00;;;;;;;0;;;
OK;Famila_140x200_3.JPG;;14/11/2023 02:14:54;131,00;194,00;49;124,5500;DGen Papyrus G5;BB Inchiostrazione elevata [Solutioncare];720x600;00:00:09;13:47:59;;0,00;€0,00;;;;;;;0;;;
OK;Famila_140x200_4.JPG;;14/11/2023 04:30:23;131,00;194,00;49;124,5500;DGen Papyrus G5;BB Inchiostrazione elevata [Solutioncare];720x600;00:00:09;13:47:59;;0,00;€0,00;;;;;;;0;;;
ERROR;CCBelvedere_6x3_Tombola.JPG;;14/11/2023 08:25:38;568,00;280,00;4;63,6500;DGen Papyrus G5;BB Inchiostrazione elevata [Solutioncare];720x600;00:00:26;01:21:05;;0,00;€0,00;;;;;;;0;;;
ERROR;CCBelvedere_6x3_Tombola.JPG;;14/11/2023 10:06:19;568,00;280,00;4;63,6500;DGen Papyrus G5;BB Inchiostrazione elevata [Solutioncare];720x600;00:00:26;00:00:39;;0,00;€0,00;;;;;;;0;;;
ERROR;CCBelvedere_6x3_Tombola.JPG;;14/11/2023 10:07:33;568,00;280,00;4;63,6500;DGen Papyrus G5;BB Inchiostrazione elevata [Solutioncare];720x600;00:00:26;00:14:17;;0,00;€0,00;;;;;;;0;;;
ERROR;CCBelvedere_6x3_Tombola.JPG;;14/11/2023 11:29:46;568,00;280,00;4;63,6500;DGen Papyrus G5;BB Inchiostrazione elevata [Solutioncare];720x600;00:00:26;00:02:33;;0,00;€0,00;;;;;;;0;;;
ERROR;CCBelvedere_6x3_Tombola.JPG;;14/11/2023 11:32:38;568,00;280,00;4;63,6500;DGen Papyrus G5;BB Inchiostrazione elevata [Solutioncare];720x600;00:00:26;00:01:17;;0,00;€0,00;;;;;;;0;;;
ERROR;CCBelvedere_6x3_Tombola.JPG;;14/11/2023 14:39:28;568,00;280,00;4;63,6500;DGen Papyrus G5;BB Inchiostrazione elevata [Solutioncare];720x600;00:00:26;00:01:33;;0,00;€0,00;;;;;;;0;;;
OK;N_1_MANIFESTO_CM_125X210_denise_.JPG;;14/11/2023 15:12:46;125,00;210,05;1;2,6500;DGen Papyrus G5;BB Inchiostrazione elevata [Solutioncare];720x600;00:00:17;00:00:10;;0,00;€0,00;;;;;;;0;;;
OK;N_1_MANIFESTO_CM_125X210_denise_.JPG;;14/11/2023 15:17:04;125,00;210,05;1;2,6500;DGen Papyrus G5;BB Inchiostrazione elevata [Solutioncare];720x600;00:00:17;00:00:10;;0,00;€0,00;;;;;;;0;;;
ERROR;CCBelvedere_6x3_Tombola.JPG;;14/11/2023 15:22:15;568,00;280,00;4;63,6500;DGen Papyrus G5;BB Inchiostrazione elevata [Solutioncare];720x600;00:00:26;00:00:36;;0,00;€0,00;;;;;;;0;;;
OK;N_1_MANIFESTO_CM_125X210_denise_.JPG;;14/11/2023 15:23:09;125,00;210,05;1;2,6500;DGen Papyrus G5;BB Inchiostrazione elevata [Solutioncare];720x600;00:00:17;00:00:10;;0,00;€0,00;;;;;;;0;;;
ERROR;CCBelvedere_6x3_Tombola.JPG;;14/11/2023 15:27:55;568,00;280,00;4;63,6500;DGen Papyrus G5;BB Inchiostrazione elevata [Solutioncare];720x600;00:00:26;00:00:49;;0,00;€0,00;;;;;;;0;;;
OK;N_1_MANIFESTO_CM_125X210_denise_.JPG;;15/11/2023 08:26:08;125,00;210,05;1;2,6500;DGen Papyrus G5;BB Inchiostrazione elevata [Solutioncare];720x600;00:00:17;00:00:11;;0,00;€0,00;;;;;;;0;;;
ERROR;Lactoflorene_100x140.JPG;;15/11/2023 08:31:12;131,00;95,00;39;48,5500;DGen Papyrus G5;BB Inchiostrazione elevata [Solutioncare];720x600;00:00:06;00:22:23;;0,00;€0,00;;;;;;;0;;;
OK;Lactoflorene_100x140.JPG;;15/11/2023 08:59:34;131,00;95,00;10;12,4500;DGen Papyrus G5;BB Inchiostrazione elevata [Solutioncare];720x600;00:00:06;00:04:27;;0,00;€0,00;;;;;;;0;;;
ERROR;black.JPG;;15/11/2023 09:21:16;140,00;137,45;10;19,2500;DGen Papyrus G5;BB Inchiostrazione elevata [Solutioncare];720x600;00:00:02;00:05:19;;0,00;€0,00;;;;;;;0;;;
OK;O.G.T_568x390_Notebook.JPG;;15/11/2023 09:36:00;568,00;390,00;1;22,2000;DGen Papyrus G5;BB Inchiostrazione elevata [Solutioncare];720x600;00:00:32;00:07:25;;0,00;€0,00;;;;;;;0;;;
OK;O.G.T_568x390_TV.JPG;;15/11/2023 09:43:30;568,00;390,00;1;22,2000;DGen Papyrus G5;BB Inchiostrazione elevata [Solutioncare];720x600;00:00:30;00:14:08;;0,00;€0,00;;;;;;;0;;;
ERROR;distribution_point_15-11-023.PDF;;15/11/2023 10:01:41;568,00;285,00;1;16,2000;DGen Papyrus G5;BB Inchiostrazione elevata [Solutioncare];720x600;00:00:21;00:05:01;;0,00;€0,00;;;;;;;0;;;
ERROR;distribution_point_15-11-023.PDF;;15/11/2023 10:08:55;568,00;285,00;1;16,2000;DGen Papyrus G5;BB Inchiostrazione elevata [Solutioncare];720x600;00:00:21;00:01:47;;0,00;€0,00;;;;;;;0;;;
ERROR;distribution_point_15-11-023.PDF;;15/11/2023 10:11:03;568,00;285,00;1;16,2000;DGen Papyrus G5;BB Inchiostrazione elevata [Solutioncare];720x600;00:00:21;00:00:41;;0,00;€0,00;;;;;;;0;;;
ERROR;distribution_point_15-11-023.PDF;;15/11/2023 10:12:08;568,00;285,00;1;16,2000;DGen Papyrus G5;BB Inchiostrazione elevata [Solutioncare];720x600;00:00:21;00:06:36;;0,00;€0,00;;;;;;;0;;;
ERROR;distribution_point_15-11-023.PDF;;15/11/2023 10:30:02;568,00;285,00;1;16,2000;DGen Papyrus G5;BB Inchiostrazione elevata [Solutioncare];720x600;00:00:21;00:08:38;;0,00;€0,00;;;;;;;0;;;
ERROR;black.JPG;;15/11/2023 10:39:46;140,00;137,45;10;19,2500;DGen Papyrus G5;BB Inchiostrazione elevata [Solutioncare];720x600;00:00:02;00:04:59;;0,00;€0,00;;;;;;;0;;;
OK;black.JPG;;15/11/2023 11:14:12;140,00;137,45;5;9,6500;DGen Papyrus G5;BB Inchiostrazione elevata [Solutioncare];720x600;00:00:02;00:01:08;;0,00;€0,00;;;;;;;0;;;
ERROR;distribution_point_15-11-023.PDF;;15/11/2023 11:15:25;568,00;285,00;1;16,2000;DGen Papyrus G5;BB Inchiostrazione elevata [Solutioncare];720x600;00:00:21;00:02:50;;0,00;€0,00;;;;;;;0;;;
ERROR;Lactoflorene_140x200.JPG;;15/11/2023 11:22:05;131,00;194,00;58;147,4000;DGen Papyrus G5;BB Inchiostrazione elevata [Solutioncare];720x600;00:00:10;00:00:36;;0,00;€0,00;;;;;;;0;;;
ERROR;Lactoflorene_140x200.JPG;;15/11/2023 11:23:04;131,00;194,00;34;86,4500;DGen Papyrus G5;BB Inchiostrazione elevata [Solutioncare];720x600;00:00:10;00:57:50;;0,00;€0,00;;;;;;;0;;;
OK;Lactoflorene_140x200.JPG;;15/11/2023 14:43:04;131,00;194,00;4;10,2000;DGen Papyrus G5;BB Inchiostrazione elevata [Solutioncare];720x600;00:00:10;00:01:41;;0,00;€0,00;;;;;;;0;;;
OK;Lactoflorene_6x3.JPG;;15/11/2023 15:49:09;568,00;280,00;26;413,5000;DGen Papyrus G5;BB Inchiostrazione elevata [Solutioncare];720x600;00:00:22;17:32:41;;0,00;€0,00;;;;;;;0;;;
OK;CCBelvedere_6x3_Tombola.JPG;;15/11/2023 23:00:49;568,00;280,00;4;63,6500;DGen Papyrus G5;BB Inchiostrazione elevata [Solutioncare];720x600;00:00:23;17:32:41;;0,00;€0,00;;;;;;;0;;;
OK;Igea_100x140.JPG;;16/11/2023 00:08:01;131,00;95,05;46;57,2500;DGen Papyrus G5;BB Inchiostrazione elevata [Solutioncare];720x600;00:00:04;17:32:41;;0,00;€0,00;;;;;;;0;;;
OK;Igea_140x200.JPG;;16/11/2023 01:13:18;131,00;194,00;11;28,0000;DGen Papyrus G5;BB Inchiostrazione elevata [Solutioncare];720x600;00:00:06;17:32:41;;0,00;€0,00;;;;;;;0;;;
OK;Igea_6x3.JPG;;16/11/2023 01:45:30;568,00;280,00;10;159,0500;DGen Papyrus G5;BB Inchiostrazione elevata [Solutioncare];720x600;00:00:17;17:32:41;;0,00;€0,00;;;;;;;0;;;
OK;ScreeningOncologici_6x3.JPG;;16/11/2023 04:35:08;568,00;280,00;17;270,4000;DGen Papyrus G5;BB Inchiostrazione elevata [Solutioncare];720x600;00:00:26;17:32:41;;0,00;€0,00;;;;;;;0;;;
OK;Lactoflorene_140x200.JPG;;16/11/2023 09:36:58;131,00;194,00;17;43,2500;DGen Papyrus G5;BB Inchiostrazione elevata [Solutioncare];720x600;00:00:10;00:39:00;;0,00;€0,00;;;;;;;0;;;
OK;Lactoflorene_140x200.JPG;;16/11/2023 10:36:45;131,00;194,00;18;45,7500;DGen Papyrus G5;BB Inchiostrazione elevata [Solutioncare];720x600;00:00:10;00:41:39;;0,00;€0,00;;;;;;;0;;;
OK;Lactoflorene_12x3.JPG;;16/11/2023 11:29:20;1.180,00;278,00;1;32,8500;DGen Papyrus G5;BB Inchiostrazione elevata [Solutioncare];720x600;00:00:39;00:28:42;;0,00;€0,00;;;;;;;0;;;
OK;Penny_6x3_4.JPG;;16/11/2023 12:19:22;568,00;280,00;1;15,9500;DGen Papyrus G5;BB Inchiostrazione elevata [Solutioncare];720x600;00:00:28;00:10:06;;0,00;€0,00;;;;;;;0;;;
OK;Penny_6x3_1.JPG;;16/11/2023 13:13:09;568,00;280,00;1;15,9500;DGen Papyrus G5;BB Inchiostrazione elevata [Solutioncare];720x600;00:00:26;00:42:43;;0,00;€0,00;;;;;;;0;;;
OK;Penny_6x3_2.JPG;;16/11/2023 13:22:11;568,00;280,00;1;15,9500;DGen Papyrus G5;BB Inchiostrazione elevata [Solutioncare];720x600;00:00:25;00:42:43;;0,00;€0,00;;;;;;;0;;;
OK;Penny_6x3_3.JPG;;16/11/2023 13:39:37;568,00;280,00;1;15,9500;DGen Papyrus G5;BB Inchiostrazione elevata [Solutioncare];720x600;00:00:27;00:42:43;;0,00;€0,00;;;;;;;0;;;
OK;Energy_6x3_Unity~1.JPG;;16/11/2023 14:28:23;568,00;280,00;14;222,7000;DGen Papyrus G5;BB Inchiostrazione elevata [Solutioncare];720x600;00:00:24;16:13:17;;0,00;€0,00;;;;;;;0;;;
OK;Energy_6x3_Freedom~1.JPG;;16/11/2023 18:17:17;568,00;280,00;14;222,7000;DGen Papyrus G5;BB Inchiostrazione elevata [Solutioncare];720x600;00:00:30;16:13:17;;0,00;€0,00;;;;;;;0;;;
OK;Energy_6x3_Stability~1.JPG;;16/11/2023 22:13:56;568,00;280,00;14;222,7000;DGen Papyrus G5;BB Inchiostrazione elevata [Solutioncare];720x600;00:00:28;16:13:17;;0,00;€0,00;;;;;;;0;;;
OK;Energy_6x3_Democracy~1.JPG;;17/11/2023 02:10:40;568,00;280,00;14;222,7000;DGen Papyrus G5;BB Inchiostrazione elevata [Solutioncare];720x600;00:00:22;16:13:17;;0,00;€0,00;;;;;;;0;;;
OK;Penny_6x6.JPG;;17/11/2023 06:07:06;568,00;570,00;1;32,4000;DGen Papyrus G5;BB Inchiostrazione elevata [Solutioncare];720x600;00:00:44;16:13:17;;0,00;€0,00;;;;;;;0;;;
OK;Expert_FCF_6x3.JPG;;17/11/2023 08:27:54;568,00;280,00;4;63,6500;DGen Papyrus G5;BB Inchiostrazione elevata [Solutioncare];720x600;00:00:23;00:32:09;;0,00;€0,00;;;;;;;0;;;
OK;Expert_FCF_6x3.JPG;;17/11/2023 09:06:32;568,00;280,00;2;31,8500;DGen Papyrus G5;BB Inchiostrazione elevata [Solutioncare];720x600;00:00:23;00:14:34;;0,00;€0,00;;;;;;;0;;;
OK;Expert_FCF_6x3.JPG;;17/11/2023 09:26:49;568,00;280,00;1;15,9500;DGen Papyrus G5;BB Inchiostrazione elevata [Solutioncare];720x600;00:00:23;00:04:46;;0,00;€0,00;;;;;;;0;;;
OK;Expert_FCF_6x3.JPG;;17/11/2023 09:43:22;568,00;280,00;10;159,0500;DGen Papyrus G5;BB Inchiostrazione elevata [Solutioncare];720x600;00:00:23;01:56:04;;0,00;€0,00;;;;;;;0;;;
OK;Milu_70x100_-_20copie.JPG;;17/11/2023 11:52:47;70,05;100,05;20;14,0500;DGen Papyrus G5;BB Inchiostrazione elevata [Solutioncare];720x600;00:00:02;00:16:12;;0,00;€0,00;;;;;;;0;;;
OK;Milu_cavalletto_A4_-_100copie.JPG;;17/11/2023 12:02:20;21,05;29,75;100;6,3000;DGen Papyrus G5;BB Inchiostrazione elevata [Solutioncare];720x600;00:00:01;00:16:12;;0,00;€0,00;;;;;;;0;;;
ERROR;NO+Vello_6x3.JPG;;17/11/2023 13:30:14;568,00;280,00;1;15,9500;DGen Papyrus G5;BB Inchiostrazione elevata [Solutioncare];720x600;00:00:24;00:01:50;;0,00;€0,00;;;;;;;0;;;
OK;Milu_cavalletto_A4_-_100copie.JPG;;17/11/2023 13:33:13;21,05;29,75;15;0,9500;DGen Papyrus G5;BB Inchiostrazione elevata [Solutioncare];720x600;00:00:01;00:02:11;;0,00;€0,00;;;;;;;0;;;
OK;Milu_70x100_-_20copie.JPG;;17/11/2023 13:33:16;70,05;100,05;10;7,0500;DGen Papyrus G5;BB Inchiostrazione elevata [Solutioncare];720x600;00:00:02;00:02:11;;0,00;€0,00;;;;;;;0;;;
ERROR;ExpertMarsala_6x3_1.JPG;;17/11/2023 13:58:16;568,00;280,00;2;31,8500;DGen Papyrus G5;BB Inchiostrazione elevata [Solutioncare];720x600;00:00:23;00:13:30;;0,00;€0,00;;;;;;;0;;;
OK;ExpertMarsala_6x3_1.JPG;;17/11/2023 14:13:14;143,50;280,00;1;4,0500;DGen Papyrus G5;BB Inchiostrazione elevata [Solutioncare];720x600;00:00:23;00:00:14;;0,00;€0,00;;;;;;;0;;;
OK;ExpertMarsala_6x3_1.JPG;;17/11/2023 14:13:58;568,00;280,00;2;31,8500;DGen Papyrus G5;BB Inchiostrazione elevata [Solutioncare];720x600;00:00:23;00:06:28;;0,00;€0,00;;;;;;;0;;;
OK;ExpertMarsala_6x3_2.JPG;;17/11/2023 14:22:00;568,00;280,00;2;31,8500;DGen Papyrus G5;BB Inchiostrazione elevata [Solutioncare];720x600;00:00:21;00:19:39;;0,00;€0,00;;;;;;;0;;;
OK;Milu_70x100_-_20copie.JPG;;17/11/2023 14:39:19;70,05;100,05;6;4,2500;DGen Papyrus G5;BB Inchiostrazione elevata [Solutioncare];720x600;00:00:02;00:19:39;;0,00;€0,00;;;;;;;0;;;
OK;IlMondoDelCaffe_6x6.JPG;;17/11/2023 14:52:10;568,00;570,00;2;64,8000;DGen Papyrus G5;BB Inchiostrazione elevata [Solutioncare];720x600;00:00:42;00:32:54;;0,00;€0,00;;;;;;;0;;;
OK;IlMondoDelCaffe_6x3.JPG;;17/11/2023 15:26:53;568,00;280,00;6;95,4500;DGen Papyrus G5;BB Inchiostrazione elevata [Solutioncare];720x600;00:00:23;00:52:12;;0,00;€0,00;;;;;;;0;;;
ERROR;Energy_6x3_Freedom~1.JPG;;17/11/2023 17:03:32;568,00;280,00;16;254,5000;DGen Papyrus G5;BB Inchiostrazione elevata [Solutioncare];720x600;00:00:30;00:00:43;;0,00;€0,00;;;;;;;0;;;
OK;Energy_6x3_Freedom~1.JPG;;17/11/2023 17:04:59;568,00;280,00;16;254,5000;DGen Papyrus G5;BB Inchiostrazione elevata [Solutioncare];720x600;00:00:30;17:06:08;;0,00;€0,00;;;;;;;0;;;
OK;Energy_6x3_Democracy~1.JPG;;17/11/2023 21:25:43;568,00;280,00;16;254,5000;DGen Papyrus G5;BB Inchiostrazione elevata [Solutioncare];720x600;00:00:22;17:06:08;;0,00;€0,00;;;;;;;0;;;
OK;Energy_6x3_Stability~1.JPG;;18/11/2023 01:54:37;568,00;280,00;16;254,5000;DGen Papyrus G5;BB Inchiostrazione elevata [Solutioncare];720x600;00:00:28;17:06:08;;0,00;€0,00;;;;;;;0;;;
OK;Energy_6x3_Unity~1.JPG;;18/11/2023 06:23:16;568,00;280,00;14;222,7000;DGen Papyrus G5;BB Inchiostrazione elevata [Solutioncare];720x600;00:00:24;17:06:08;;0,00;€0,00;;;;;;;0;;;
ERROR;Energy_140x200_Democracy.JPG;;18/11/2023 10:29:19;131,00;194,00;8;20,3500;DGen Papyrus G5;BB Inchiostrazione elevata [Solutioncare];720x600;00:00:09;00:01:10;;0,00;€0,00;;;;;;;0;;;
OK;Energy_140x200_Democracy.JPG;;18/11/2023 10:31:38;131,00;194,00;8;20,3500;DGen Papyrus G5;BB Inchiostrazione elevata [Solutioncare];720x600;00:00:09;00:36:05;;0,00;€0,00;;;;;;;0;;;
OK;Energy_140x200_Freedom.JPG;;18/11/2023 10:45:37;131,00;194,00;8;20,3500;DGen Papyrus G5;BB Inchiostrazione elevata [Solutioncare];720x600;00:00:12;00:36:05;;0,00;€0,00;;;;;;;0;;;
OK;Energy_140x200_Stability.JPG;;18/11/2023 12:24:49;131,00;194,00;9;22,9000;DGen Papyrus G5;BB Inchiostrazione elevata [Solutioncare];720x600;00:00:11;15:12:06;;0,00;€0,00;;;;;;;0;;;
OK;Energy_140x200_Unity.JPG;;18/11/2023 12:42:50;131,00;194,00;9;22,9000;DGen Papyrus G5;BB Inchiostrazione elevata [Solutioncare];720x600;00:00:10;15:12:06;;0,00;€0,00;;;;;;;0;;;
OK;Energy_100x140_Democracy.JPG;;18/11/2023 13:09:01;131,00;95,00;6;7,5000;DGen Papyrus G5;BB Inchiostrazione elevata [Solutioncare];720x600;00:00:06;15:12:06;;0,00;€0,00;;;;;;;0;;;
OK;Energy_100x140_Freedom.JPG;;18/11/2023 13:17:13;131,00;95,00;6;7,5000;DGen Papyrus G5;BB Inchiostrazione elevata [Solutioncare];720x600;00:00:07;15:12:06;;0,00;€0,00;;;;;;;0;;;
OK;Energy_100x140_Stability.JPG;;18/11/2023 13:26:27;131,00;95,00;6;7,5000;DGen Papyrus G5;BB Inchiostrazione elevata [Solutioncare];720x600;00:00:07;15:12:06;;0,00;€0,00;;;;;;;0;;;
OK;Energy_100x140_Unity.JPG;;18/11/2023 13:34:42;131,00;95,00;6;7,5000;DGen Papyrus G5;BB Inchiostrazione elevata [Solutioncare];720x600;00:00:06;15:12:06;;0,00;€0,00;;;;;;;0;;;
OK;GeDSgopping_6x3_BipPresto_x2.JPG;;18/11/2023 13:42:52;568,00;280,00;2;31,8500;DGen Papyrus G5;BB Inchiostrazione elevata [Solutioncare];720x600;00:00:21;15:12:06;;0,00;€0,00;;;;;;;0;;;
OK;GedShopping_6x3_AceDeoDue_x3.JPG;;18/11/2023 14:16:13;568,00;280,00;4;63,6500;DGen Papyrus G5;BB Inchiostrazione elevata [Solutioncare];720x600;00:00:20;15:12:06;;0,00;€0,00;;;;;;;0;;;
OK;GeDStore_6x3_DeoDue_x2.JPG;;18/11/2023 15:23:13;568,00;280,00;2;31,8500;DGen Papyrus G5;BB Inchiostrazione elevata [Solutioncare];720x600;00:00:21;15:12:06;;0,00;€0,00;;;;;;;0;;;
OK;GeDStore_6x3_LoveDCG_x2.JPG;;18/11/2023 15:57:47;568,00;280,00;2;31,8500;DGen Papyrus G5;BB Inchiostrazione elevata [Solutioncare];720x600;00:00:21;15:12:06;;0,00;€0,00;;;;;;;0;;;
OK;GeDStore_6x3_MonAmour_x2.JPG;;18/11/2023 16:31:13;568,00;280,00;2;31,8500;DGen Papyrus G5;BB Inchiostrazione elevata [Solutioncare];720x600;00:00:22;15:12:06;;0,00;€0,00;;;;;;;0;;;
OK;GeDStore_6x3_UltraDomopack.JPG;;18/11/2023 17:04:44;568,00;280,00;1;15,9500;DGen Papyrus G5;BB Inchiostrazione elevata [Solutioncare];720x600;00:00:23;15:12:06;;0,00;€0,00;;;;;;;0;;;
OK;GeDStore_6x3_Dove.JPG;;18/11/2023 17:21:18;568,00;280,00;1;15,9500;DGen Papyrus G5;BB Inchiostrazione elevata [Solutioncare];720x600;00:00:21;15:12:06;;0,00;€0,00;;;;;;;0;;;
OK;GeDStore_6x3_LoveZephir.JPG;;18/11/2023 17:38:36;568,00;280,00;1;15,9500;DGen Papyrus G5;BB Inchiostrazione elevata [Solutioncare];720x600;00:00:21;15:12:06;;0,00;€0,00;;;;;;;0;;;
OK;GeDStore_6x6_Scienze.JPG;;18/11/2023 17:54:48;568,00;570,00;1;32,4000;DGen Papyrus G5;BB Inchiostrazione elevata [Solutioncare];720x600;00:00:38;15:12:06;;0,00;€0,00;;;;;;;0;;;
OK;GeDStore_140x200_1.JPG;;18/11/2023 18:29:44;131,00;195,00;3;7,7000;DGen Papyrus G5;BB Inchiostrazione elevata [Solutioncare];720x600;00:00:09;15:12:06;;0,00;€0,00;;;;;;;0;;;
OK;GeDStore_140x200_2.JPG;;18/11/2023 18:38:10;131,00;194,00;3;7,6500;DGen Papyrus G5;BB Inchiostrazione elevata [Solutioncare];720x600;00:00:09;15:12:06;;0,00;€0,00;;;;;;;0;;;
OK;GeDStore_140x200_3.JPG;;18/11/2023 18:46:33;131,00;194,00;2;5,1000;DGen Papyrus G5;BB Inchiostrazione elevata [Solutioncare];720x600;00:00:09;15:12:06;;0,00;€0,00;;;;;;;0;;;
OK;CaffeTrinca_6x3.JPG;;18/11/2023 18:52:06;568,00;280,00;21;334,0000;DGen Papyrus G5;BB Inchiostrazione elevata [Solutioncare];720x600;00:00:21;15:12:06;;0,00;€0,00;;;;;;;0;;;
OK;CaffeTrinca_6x6.JPG;;19/11/2023 00:45:39;568,00;570,00;5;161,9000;DGen Papyrus G5;BB Inchiostrazione elevata [Solutioncare];720x600;00:00:41;15:12:06;;0,00;€0,00;;;;;;;0;;;
OK;GiBiAuto_280x200_Kuga.JPG;;20/11/2023 10:40:02;270,05;194,00;16;83,8500;DGen Papyrus G5;BB Inchiostrazione elevata [Solutioncare];720x600;00:00:23;01:20:11;;0,00;€0,00;;;;;;;0;;;
OK;GiBiAuto_280x200_Puma.JPG;;20/11/2023 12:11:03;270,05;194,00;12;62,9000;DGen Papyrus G5;BB Inchiostrazione elevata [Solutioncare];720x600;00:00:22;01:01:20;;0,00;€0,00;;;;;;;0;;;
OK;GiBiAuto_280x200_Puma.JPG;;20/11/2023 13:19:04;270,05;194,00;3;15,7500;DGen Papyrus G5;BB Inchiostrazione elevata [Solutioncare];720x600;00:00:22;00:11:14;;0,00;€0,00;;;;;;;0;;;
OK;GiBiAuto_280x200_Puma.JPG;;20/11/2023 13:51:28;270,05;194,00;9;47,1500;DGen Papyrus G5;BB Inchiostrazione elevata [Solutioncare];720x600;00:00:22;00:43:38;;0,00;€0,00;;;;;;;0;;;
OK;GiBiAuto_6x6_Puma.JPG;;20/11/2023 14:47:14;568,00;570,00;1;32,4000;DGen Papyrus G5;BB Inchiostrazione elevata [Solutioncare];720x600;00:00:47;00:26:46;;0,00;€0,00;;;;;;;0;;;
OK;GiBiAuto_420x200_Kuga.JPG;;20/11/2023 15:17:53;405,00;194,00;3;23,6000;DGen Papyrus G5;BB Inchiostrazione elevata [Solutioncare];720x600;00:00:26;00:22:18;;0,00;€0,00;;;;;;;0;;;
OK;Eurospin_12x3_Michelangelo.JPG;;20/11/2023 16:48:31;1.180,00;278,00;1;32,8500;DGen Papyrus G5;BB Inchiostrazione elevata [Solutioncare];720x600;00:00:39;14:08:08;;0,00;€0,00;;;;;;;0;;;
OK;Eurospin_6x3_Campofelice.JPG;;20/11/2023 17:17:26;568,00;280,00;1;15,9500;DGen Papyrus G5;BB Inchiostrazione elevata [Solutioncare];720x600;00:00:16;14:08:08;;0,00;€0,00;;;;;;;0;;;
OK;Eurospin_6x3_Ingham.JPG;;20/11/2023 17:34:37;568,00;280,00;1;15,9500;DGen Papyrus G5;BB Inchiostrazione elevata [Solutioncare];720x600;00:00:16;14:08:08;;0,00;€0,00;;;;;;;0;;;
OK;Eurospin_6x3_MMarine-Dx.JPG;;20/11/2023 17:51:41;568,00;280,00;1;15,9500;DGen Papyrus G5;BB Inchiostrazione elevata [Solutioncare];720x600;00:00:17;14:08:08;;0,00;€0,00;;;;;;;0;;;
OK;Eurospin_6x3_MMarine-Sx.JPG;;20/11/2023 18:07:54;568,00;280,00;1;15,9500;DGen Papyrus G5;BB Inchiostrazione elevata [Solutioncare];720x600;00:00:15;14:08:08;;0,00;€0,00;;;;;;;0;;;
OK;Eurospin_6x3_PapaSergio.JPG;;20/11/2023 18:24:57;568,00;280,00;2;31,8500;DGen Papyrus G5;BB Inchiostrazione elevata [Solutioncare];720x600;00:00:22;14:08:08;;0,00;€0,00;;;;;;;0;;;
OK;Eurospin_12x3_Rizzotto.JPG;;20/11/2023 18:58:29;1.180,00;278,00;1;32,8500;DGen Papyrus G5;BB Inchiostrazione elevata [Solutioncare];720x600;00:00:42;14:08:08;;0,00;€0,00;;;;;;;0;;;
OK;Eurospin_140x200_Dx.JPG;;20/11/2023 19:35:21;131,00;194,00;3;7,6500;DGen Papyrus G5;BB Inchiostrazione elevata [Solutioncare];720x600;00:00:09;14:08:08;;0,00;€0,00;;;;;;;0;;;
OK;Eurospin_140x200_Sx.JPG;;20/11/2023 19:43:49;131,00;194,00;3;7,6500;DGen Papyrus G5;BB Inchiostrazione elevata [Solutioncare];720x600;00:00:08;14:08:08;;0,00;€0,00;;;;;;;0;;;
OK;Eurospin_280x200.JPG;;20/11/2023 19:53:03;270,05;194,00;1;5,2500;DGen Papyrus G5;BB Inchiostrazione elevata [Solutioncare];720x600;00:00:18;14:08:08;;0,00;€0,00;;;;;;;0;;;
OK;C&C_6x3.JPG;;20/11/2023 19:58:41;568,00;280,00;7;111,3500;DGen Papyrus G5;BB Inchiostrazione elevata [Solutioncare];720x600;00:00:19;14:08:08;;0,00;€0,00;;;;;;;0;;;
OK;C&C_100x140.JPG;;20/11/2023 21:56:37;131,00;95,00;43;53,5500;DGen Papyrus G5;BB Inchiostrazione elevata [Solutioncare];720x600;00:00:05;14:08:08;;0,00;€0,00;;;;;;;0;;;
OK;C&C_140x200.JPG;;20/11/2023 22:57:30;131,00;194,00;43;109,3000;DGen Papyrus G5;BB Inchiostrazione elevata [Solutioncare];720x600;00:00:08;14:08:08;;0,00;€0,00;;;;;;;0;;;
OK;C&C_150x70_1.JPG;;21/11/2023 01:01:09;143,00;67,05;8;7,7000;DGen Papyrus G5;BB Inchiostrazione elevata [Solutioncare];720x600;00:00:03;14:08:08;;0,00;€0,00;;;;;;;0;;;
OK;C&C_150x70_2.JPG;;21/11/2023 01:08:56;143,00;67,05;8;7,7000;DGen Papyrus G5;BB Inchiostrazione elevata [Solutioncare];720x600;00:00:03;14:08:08;;0,00;€0,00;;;;;;;0;;;
OK;C&C_150x70_3.JPG;;21/11/2023 01:16:40;143,00;67,05;8;7,7000;DGen Papyrus G5;BB Inchiostrazione elevata [Solutioncare];720x600;00:00:03;14:08:08;;0,00;€0,00;;;;;;;0;;;
OK;LoveRepair_6x3.JPG;;21/11/2023 01:25:27;568,00;280,00;5;79,5500;DGen Papyrus G5;BB Inchiostrazione elevata [Solutioncare];720x600;00:00:26;14:08:08;;0,00;€0,00;;;;;;;0;;;
OK;NuovaSicilauto_6x3_Opel.JPG;;21/11/2023 02:48:48;568,00;280,00;4;63,6500;DGen Papyrus G5;BB Inchiostrazione elevata [Solutioncare];720x600;00:00:27;14:08:08;;0,00;€0,00;;;;;;;0;;;
OK;SISA_100x140.JPG;;21/11/2023 03:56:06;131,00;95,00;91;113,2500;DGen Papyrus G5;BB Inchiostrazione elevata [Solutioncare];720x600;00:00:07;14:08:08;;0,00;€0,00;;;;;;;0;;;
OK;GiBiAuto_420x200_Puma.JPG;;21/11/2023 06:04:33;405,00;194,00;6;47,1500;DGen Papyrus G5;BB Inchiostrazione elevata [Solutioncare];720x600;00:00:27;14:08:08;;0,00;€0,00;;;;;;;0;;;
OK;SISA_6x3_1.JPG;;21/11/2023 08:08:34;568,00;280,00;2;31,8500;DGen Papyrus G5;BB Inchiostrazione elevata [Solutioncare];720x600;00:00:25;00:42:31;;0,00;€0,00;;;;;;;0;;;
OK;SISA_6x3_2.JPG;;21/11/2023 08:34:57;568,00;280,00;1;15,9500;DGen Papyrus G5;BB Inchiostrazione elevata [Solutioncare];720x600;00:00:28;00:42:31;;0,00;€0,00;;;;;;;0;;;
OK;SISA_140x200.JPG;;21/11/2023 09:03:44;131,00;194,00;21;53,4000;DGen Papyrus G5;BB Inchiostrazione elevata [Solutioncare];720x600;00:00:11;00:50:33;;0,00;€0,00;;;;;;;0;;;
OK;DVP_6x3.JPG;;21/11/2023 10:04:51;568,00;280,00;1;15,9500;DGen Papyrus G5;BB Inchiostrazione elevata [Solutioncare];720x600;00:00:25;00:09:54;;0,00;€0,00;;;;;;;0;;;
OK;IlCentesimo_6x3_1.JPG;;21/11/2023 10:27:10;568,00;280,00;2;31,8500;DGen Papyrus G5;BB Inchiostrazione elevata [Solutioncare];720x600;00:00:15;00:56:55;;0,00;€0,00;;;;;;;0;;;
OK;IlCentesimo_6x3_2.JPG;;21/11/2023 10:40:42;568,00;280,00;3;47,7500;DGen Papyrus G5;BB Inchiostrazione elevata [Solutioncare];720x600;00:00:18;00:56:55;;0,00;€0,00;;;;;;;0;;;
OK;IlCentesimo_140x200_1.JPG;;21/11/2023 11:07:54;131,00;194,00;2;5,1000;DGen Papyrus G5;BB Inchiostrazione elevata [Solutioncare];720x600;00:00:09;00:56:55;;0,00;€0,00;;;;;;;0;;;
OK;IlCentesimo_140x200_2.JPG;;21/11/2023 11:10:56;131,00;194,00;2;5,1000;DGen Papyrus G5;BB Inchiostrazione elevata [Solutioncare];720x600;00:00:09;00:56:55;;0,00;€0,00;;;;;;;0;;;
OK;IlCentesimo_140x200_3.JPG;;21/11/2023 11:15:02;131,00;194,00;3;7,6500;DGen Papyrus G5;BB Inchiostrazione elevata [Solutioncare];720x600;00:00:11;00:56:55;;0,00;€0,00;;;;;;;0;;;
OK;IlCentesimo_140x200_4.JPG;;21/11/2023 11:19:32;131,00;194,00;3;7,6500;DGen Papyrus G5;BB Inchiostrazione elevata [Solutioncare];720x600;00:00:09;00:56:55;;0,00;€0,00;;;;;;;0;;;
OK;Cascino_6x3_Falcone.JPG;;21/11/2023 11:50:16;568,00;280,00;1;15,9500;DGen Papyrus G5;BB Inchiostrazione elevata [Solutioncare];720x600;00:00:14;01:26:10;;0,00;€0,00;;;;;;;0;;;
OK;Cascino_6x3_Zara.JPG;;21/11/2023 11:55:29;568,00;280,00;1;15,9500;DGen Papyrus G5;BB Inchiostrazione elevata [Solutioncare];720x600;00:00:15;01:26:10;;0,00;€0,00;;;;;;;0;;;
OK;IlCentesimo_6x3_2.JPG;;21/11/2023 12:04:17;568,00;280,00;4;63,6500;DGen Papyrus G5;BB Inchiostrazione elevata [Solutioncare];720x600;00:00:18;01:26:10;;0,00;€0,00;;;;;;;0;;;
OK;IlCentesimo_6x3_1.JPG;;21/11/2023 12:40:15;568,00;280,00;4;63,6500;DGen Papyrus G5;BB Inchiostrazione elevata [Solutioncare];720x600;00:00:15;01:26:10;;0,00;€0,00;;;;;;;0;;;
OK;SISA_6x3_2.JPG;;21/11/2023 13:31:10;568,00;280,00;1;15,9500;DGen Papyrus G5;BB Inchiostrazione elevata [Solutioncare];720x600;00:00:28;00:41:46;;0,00;€0,00;;;;;;;0;;;
OK;IlCentesimo_6x3_2.JPG;;21/11/2023 13:36:58;568,00;280,00;2;31,8500;DGen Papyrus G5;BB Inchiostrazione elevata [Solutioncare];720x600;00:00:18;00:41:46;;0,00;€0,00;;;;;;;0;;;
OK;IlCentesimo_6x3_1.JPG;;21/11/2023 13:54:30;568,00;280,00;2;31,8500;DGen Papyrus G5;BB Inchiostrazione elevata [Solutioncare];720x600;00:00:15;00:41:46;;0,00;€0,00;;;;;;;0;;;
OK;IlCentesimo_6x3_2.JPG;;21/11/2023 14:31:32;568,00;280,00;2;31,8500;DGen Papyrus G5;BB Inchiostrazione elevata [Solutioncare];720x600;00:00:18;00:32:08;;0,00;€0,00;;;;;;;0;;;
OK;IlCentesimo_6x3_1.JPG;;21/11/2023 14:45:03;568,00;280,00;2;31,8500;DGen Papyrus G5;BB Inchiostrazione elevata [Solutioncare];720x600;00:00:15;00:32:08;;0,00;€0,00;;;;;;;0;;;
OK;SISA_6x3_partinico.JPG;;21/11/2023 15:10:43;568,00;280,00;1;15,9500;DGen Papyrus G5;BB Inchiostrazione elevata [Solutioncare];720x600;00:00:26;00:04:41;;0,00;€0,00;;;;;;;0;;;
OK;IlCentesimo_6x3_1.JPG;;21/11/2023 15:28:17;568,00;280,00;4;63,6500;DGen Papyrus G5;BB Inchiostrazione elevata [Solutioncare];720x600;00:00:15;00:32:53;;0,00;€0,00;;;;;;;0;;;
OK;IlCentesimo_6x3_1.JPG;;21/11/2023 16:51:23;568,00;280,00;4;63,6500;DGen Papyrus G5;BB Inchiostrazione elevata [Solutioncare];720x600;00:00:15;03:28:07;;0,00;€0,00;;;;;;;0;;;
OK;IlCentesimo_6x3_2.JPG;;21/11/2023 17:50:23;568,00;280,00;8;127,2500;DGen Papyrus G5;BB Inchiostrazione elevata [Solutioncare];720x600;00:00:18;03:28:07;;0,00;€0,00;;;;;;;0;;;
OK;IlCentesimo_100x140_1.JPG;;21/11/2023 20:05:46;131,00;95,00;2;2,5000;DGen Papyrus G5;BB Inchiostrazione elevata [Solutioncare];720x600;00:00:05;03:28:07;;0,00;€0,00;;;;;;;0;;;
OK;IlCentesimo_100x140_2.JPG;;21/11/2023 20:08:29;131,00;95,00;2;2,5000;DGen Papyrus G5;BB Inchiostrazione elevata [Solutioncare];720x600;00:00:06;03:28:07;;0,00;€0,00;;;;;;;0;;;
OK;IlCentesimo_100x140_3.JPG;;21/11/2023 20:11:12;131,00;95,00;3;3,7500;DGen Papyrus G5;BB Inchiostrazione elevata [Solutioncare];720x600;00:00:05;03:28:07;;0,00;€0,00;;;;;;;0;;;
OK;IlCentesimo_100x140_4.JPG;;21/11/2023 20:15:19;131,00;95,00;3;3,7500;DGen Papyrus G5;BB Inchiostrazione elevata [Solutioncare];720x600;00:00:05;03:28:07;;0,00;€0,00;;;;;;;0;;;
OK;Unieuro_6x6_1.JPG;;22/11/2023 09:39:19;568,00;570,00;1;32,4000;DGen Papyrus G5;BB Inchiostrazione elevata [Solutioncare];720x600;00:00:39;00:58:36;;0,00;€0,00;;;;;;;0;;;
OK;Unieuro_6x6_2.JPG;;22/11/2023 10:03:45;568,00;570,00;1;32,4000;DGen Papyrus G5;BB Inchiostrazione elevata [Solutioncare];720x600;00:00:34;00:58:36;;0,00;€0,00;;;;;;;0;;;
OK;MILU_-_manifesti_BLACK_FRIDAY_70x100__20copie_.JPG;;22/11/2023 10:52:24;70,00;100,00;20;14,0000;DGen Papyrus G5;BB Inchiostrazione elevata [Solutioncare];720x600;00:00:03;00:05:37;;0,00;€0,00;;;;;;;0;;;
OK;Ingrassia_580X285.JPG;;22/11/2023 11:11:12;580,00;285,00;1;16,5500;DGen Papyrus G5;BB Inchiostrazione elevata [Solutioncare];720x600;00:00:18;00:38:20;;0,00;€0,00;;;;;;;0;;;
OK;IlCentesimo_6x3_2.JPG;;22/11/2023 11:24:07;568,00;280,00;4;63,6500;DGen Papyrus G5;BB Inchiostrazione elevata [Solutioncare];720x600;00:00:18;00:38:20;;0,00;€0,00;;;;;;;0;;;
OK;IlCentesimo_6x3_2~1.JPG;;22/11/2023 11:32:14;568,00;280,00;8;127,2500;DGen Papyrus G5;BB Inchiostrazione elevata [Solutioncare];720x600;00:00:18;00:38:20;;0,00;€0,00;;;;;;;0;;;
OK;FG_Detersivi_6x3.JPG;;22/11/2023 11:57:42;568,00;280,00;5;79,5500;DGen Papyrus G5;BB Inchiostrazione elevata [Solutioncare];720x600;00:00:22;01:16:38;;0,00;€0,00;;;;;;;0;;;
OK;Forum_6x3.JPG;;23/11/2023 08:45:18;143,50;141,00;6;12,1500;DGen Papyrus G5;BB Inchiostrazione elevata [Solutioncare];720x600;00:00:18;00:03:39;;0,00;€0,00;;;;;;;0;;;
OK;Forum_6x3.JPG;;23/11/2023 08:55:22;143,50;141,00;50;101,2000;DGen Papyrus G5;BB Inchiostrazione elevata [Solutioncare];720x600;00:00:18;01:40:03;;0,00;€0,00;;;;;;;0;;;
OK;distribution_poin_22-11-3.PDF;;23/11/2023 10:44:13;568,00;285,00;3;48,6000;DGen Papyrus G5;BB Inchiostrazione elevata [Solutioncare];720x600;00:00:27;00:42:44;;0,00;€0,00;;;;;;;0;;;
ERROR;Forum_6x3.JPG;;23/11/2023 11:54:16;143,50;141,00;50;101,2000;DGen Papyrus G5;BB Inchiostrazione elevata [Solutioncare];720x600;00:00:18;00:07:15;;0,00;€0,00;;;;;;;0;;;
OK;acqua_e_sapone.JPG;;23/11/2023 12:04:39;568,00;285,00;3;48,6000;DGen Papyrus G5;BB Inchiostrazione elevata [Solutioncare];720x600;00:00:17;00:42:41;;0,00;€0,00;;;;;;;0;;;
OK;FG_Detersivi_6x3.JPG;;23/11/2023 12:48:19;568,00;280,00;1;15,9500;DGen Papyrus G5;BB Inchiostrazione elevata [Solutioncare];720x600;00:00:22;00:17:20;;0,00;€0,00;;;;;;;0;;;
OK;Forum_6x3.JPG;;23/11/2023 13:25:02;143,50;141,00;50;101,2000;DGen Papyrus G5;BB Inchiostrazione elevata [Solutioncare];720x600;00:00:18;01:38:05;;0,00;€0,00;;;;;;;0;;;
OK;N_1_MANIFESTO_CM_180X90_.JPG;;23/11/2023 15:04:39;90,05;180,05;1;1,6500;DGen Papyrus G5;BB Inchiostrazione elevata [Solutioncare];720x600;00:00:14;00:00:27;;0,00;€0,00;;;;;;;0;;;
OK;Forum_6x3.JPG;;23/11/2023 15:18:24;143,50;141,00;50;101,2000;DGen Papyrus G5;BB Inchiostrazione elevata [Solutioncare];720x600;00:00:18;01:37:07;;0,00;€0,00;;;;;;;0;;;
OK;Forum_6x3.JPG;;23/11/2023 16:55:58;568,00;280,00;50;795,2000;DGen Papyrus G5;BB Inchiostrazione elevata [Solutioncare];720x600;00:00:18;03:29:36;;0,00;€0,00;;;;;;;0;;;
OK;PaghiPoco_6x3_Caltagirone.JPG;;24/11/2023 09:22:39;568,00;280,00;2;31,8500;DGen Papyrus G5;BB Inchiostrazione elevata [Solutioncare];720x600;00:00:24;00:25:24;;0,00;€0,00;;;;;;;0;;;
OK;PaghiPoco_6x3_Messina.JPG;;24/11/2023 09:50:28;568,00;280,00;2;31,8500;DGen Papyrus G5;BB Inchiostrazione elevata [Solutioncare];720x600;00:00:22;00:31:25;;0,00;€0,00;;;;;;;0;;;
OK;PaghiPoco_6x3_CT_Besana.JPG;;24/11/2023 10:41:53;568,00;280,00;1;15,9500;DGen Papyrus G5;BB Inchiostrazione elevata [Solutioncare];720x600;00:00:24;00:25:23;;0,00;€0,00;;;;;;;0;;;
OK;PaghiPoco_6x3_Misterbianco.JPG;;24/11/2023 10:50:54;568,00;280,00;1;15,9500;DGen Papyrus G5;BB Inchiostrazione elevata [Solutioncare];720x600;00:00:25;00:25:23;;0,00;€0,00;;;;;;;0;;;
OK;PaghiPoco_140x200_PalermoA.JPG;;24/11/2023 11:33:19;131,00;194,05;19;48,3000;DGen Papyrus G5;BB Inchiostrazione elevata [Solutioncare];720x600;00:00:10;01:44:22;;0,00;€0,00;;;;;;;0;;;
OK;PaghiPoco_140x200_PalermoB.JPG;;24/11/2023 12:17:28;131,00;194,05;18;45,7500;DGen Papyrus G5;BB Inchiostrazione elevata [Solutioncare];720x600;00:00:11;01:44:22;;0,00;€0,00;;;;;;;0;;;
OK;PaghiPoco_140x200_PartinicoA.JPG;;24/11/2023 13:07:04;131,00;194,05;2;5,1000;DGen Papyrus G5;BB Inchiostrazione elevata [Solutioncare];720x600;00:00:10;01:44:22;;0,00;€0,00;;;;;;;0;;;
OK;PaghiPoco_140x200_PartinicoB.JPG;;24/11/2023 13:12:23;131,00;194,05;2;5,1000;DGen Papyrus G5;BB Inchiostrazione elevata [Solutioncare];720x600;00:00:10;01:44:22;;0,00;€0,00;;;;;;;0;;;
OK;PaghiPoco_6x3_Marsala.JPG;;24/11/2023 13:27:04;568,00;280,00;2;31,8500;DGen Papyrus G5;BB Inchiostrazione elevata [Solutioncare];720x600;00:00:22;00:26:03;;0,00;€0,00;;;;;;;0;;;
OK;PaghiPoco_6x3_Bagheria.JPG;;24/11/2023 13:56:13;568,00;280,00;1;15,9500;DGen Papyrus G5;BB Inchiostrazione elevata [Solutioncare];720x600;00:00:22;00:14:31;;0,00;€0,00;;;;;;;0;;;
OK;PaghiPoco_6x3_Palermo.JPG;;24/11/2023 14:20:50;568,00;280,00;4;63,6500;DGen Papyrus G5;BB Inchiostrazione elevata [Solutioncare];720x600;00:00:22;00:59:35;;0,00;€0,00;;;;;;;0;;;
OK;PaghiPoco_140x200_TrapaniB.JPG;;24/11/2023 15:23:36;131,00;194,05;6;15,2500;DGen Papyrus G5;BB Inchiostrazione elevata [Solutioncare];720x600;00:00:10;00:13:05;;0,00;€0,00;;;;;;;0;;;
OK;PaghiPoco_140x200_TrapaniB.JPG;;24/11/2023 15:47:35;131,00;194,05;5;12,7500;DGen Papyrus G5;BB Inchiostrazione elevata [Solutioncare];720x600;00:00:10;00:10:24;;0,00;€0,00;;;;;;;0;;;
OK;PaghiPoco_6x3_Palermo.JPG;;24/11/2023 16:11:20;568,00;280,00;6;95,4500;DGen Papyrus G5;BB Inchiostrazione elevata [Solutioncare];720x600;00:00:22;03:25:00;;0,00;€0,00;;;;;;;0;;;
OK;PaghiPoco_12x3_PA.JPG;;24/11/2023 17:45:20;1.180,00;278,00;3;98,4500;DGen Papyrus G5;BB Inchiostrazione elevata [Solutioncare];720x600;00:00:41;03:25:00;;0,00;€0,00;;;;;;;0;;;
OK;Katenatoys_100x140.JPG;;26/11/2023 10:24:31;131,00;95,00;161;200,4000;DGen Papyrus G5;BB Inchiostrazione elevata [Solutioncare];720x600;00:00:07;15:24:43;;0,00;€0,00;;;;;;;0;;;
OK;Katenatoys_6x3.JPG;;26/11/2023 14:04:08;568,00;280,00;42;668,0000;DGen Papyrus G5;BB Inchiostrazione elevata [Solutioncare];720x600;00:00:23;15:24:43;;0,00;€0,00;;;;;;;0;;;
ERROR;D'Amore_6x3.JPG;;27/11/2023 07:32:08;568,00;280,00;2;31,8500;DGen Papyrus G5;BB Inchiostrazione elevata [Solutioncare];720x600;00:00:20;00:01:13;;0,00;€0,00;;;;;;;0;;;
OK;D'Amore_6x3.JPG;;27/11/2023 07:34:13;568,00;280,00;2;31,8500;DGen Papyrus G5;BB Inchiostrazione elevata [Solutioncare];720x600;00:00:20;00:25:28;;0,00;€0,00;;;;;;;0;;;
OK;SISA_6x3_1.JPG;;27/11/2023 08:48:50;568,00;280,00;1;15,9500;DGen Papyrus G5;BB Inchiostrazione elevata [Solutioncare];720x600;00:00:25;00:09:02;;0,00;€0,00;;;;;;;0;;;
OK;Mazzone_6x3.JPG;;27/11/2023 14:06:50;568,00;280,00;5;79,5500;DGen Papyrus G5;BB Inchiostrazione elevata [Solutioncare];720x600;00:00:25;01:15:57;;0,00;€0,00;;;;;;;0;;;
OK;IlCentesimo_6x3_Misterb1.JPG;;28/11/2023 10:13:37;568,00;280,00;1;15,9500;DGen Papyrus G5;BB Inchiostrazione elevata [Solutioncare];720x600;00:00:16;00:42:12;;0,00;€0,00;;;;;;;0;;;
OK;IlCentesimo_6x3_Misterb2.JPG;;28/11/2023 10:17:38;568,00;280,00;2;31,8500;DGen Papyrus G5;BB Inchiostrazione elevata [Solutioncare];720x600;00:00:18;00:42:12;;0,00;€0,00;;;;;;;0;;;
OK;IlCentesimo_12x3_Misterb.JPG;;28/11/2023 10:35:11;1.180,00;278,00;1;32,8500;DGen Papyrus G5;BB Inchiostrazione elevata [Solutioncare];720x600;00:00:35;00:42:12;;0,00;€0,00;;;;;;;0;;;
OK;IlCentesimo_140x200_1.JPG;;28/11/2023 10:56:20;131,00;194,00;2;5,1000;DGen Papyrus G5;BB Inchiostrazione elevata [Solutioncare];720x600;00:00:08;00:14:03;;0,00;€0,00;;;;;;;0;;;
OK;IlCentesimo_140x200_2.JPG;;28/11/2023 10:58:40;131,00;194,00;3;7,6500;DGen Papyrus G5;BB Inchiostrazione elevata [Solutioncare];720x600;00:00:09;00:14:03;;0,00;€0,00;;;;;;;0;;;
OK;IlCentesimo_140x200_3.JPG;;28/11/2023 11:03:09;131,00;194,00;3;7,6500;DGen Papyrus G5;BB Inchiostrazione elevata [Solutioncare];720x600;00:00:09;00:14:03;;0,00;€0,00;;;;;;;0;;;
OK;IlCentesimo_140x200_4.JPG;;28/11/2023 11:07:31;131,00;194,00;2;5,1000;DGen Papyrus G5;BB Inchiostrazione elevata [Solutioncare];720x600;00:00:09;00:14:03;;0,00;€0,00;;;;;;;0;;;
OK;Eurospin_6x3_Rizzotto.JPG;;28/11/2023 11:17:36;568,00;280,00;1;15,9500;DGen Papyrus G5;BB Inchiostrazione elevata [Solutioncare];720x600;00:00:14;00:23:31;;0,00;€0,00;;;;;;;0;;;
OK;Eurospin_12x3_Rizzotto.JPG;;28/11/2023 11:21:39;1.180,00;278,00;1;32,8500;DGen Papyrus G5;BB Inchiostrazione elevata [Solutioncare];720x600;00:00:28;00:23:31;;0,00;€0,00;;;;;;;0;;;
OK;IlCentesimo_140x200_1.JPG;;28/11/2023 11:52:55;131,00;194,00;29;73,7000;DGen Papyrus G5;BB Inchiostrazione elevata [Solutioncare];720x600;00:00:08;01:21:06;;0,00;€0,00;;;;;;;0;;;
OK;IlCentesimo_140x200_2.JPG;;28/11/2023 12:31:00;131,00;194,00;29;73,7000;DGen Papyrus G5;BB Inchiostrazione elevata [Solutioncare];720x600;00:00:09;01:21:06;;0,00;€0,00;;;;;;;0;;;
OK;IlCentesimo_140x200_4.JPG;;28/11/2023 13:26:47;131,00;194,00;28;71,2000;DGen Papyrus G5;BB Inchiostrazione elevata [Solutioncare];720x600;00:00:09;01:19:14;;0,00;€0,00;;;;;;;0;;;
OK;IlCentesimo_140x200_3.JPG;;28/11/2023 14:04:25;131,00;194,00;28;71,2000;DGen Papyrus G5;BB Inchiostrazione elevata [Solutioncare];720x600;00:00:09;01:19:14;;0,00;€0,00;;;;;;;0;;;
OK;IlCentesimo_100x140_1.JPG;;28/11/2023 14:53:29;131,00;95,00;5;6,2500;DGen Papyrus G5;BB Inchiostrazione elevata [Solutioncare];720x600;00:00:05;00:09:12;;0,00;€0,00;;;;;;;0;;;
OK;IlCentesimo_100x140_2.JPG;;28/11/2023 14:53:51;131,00;95,00;5;6,2500;DGen Papyrus G5;BB Inchiostrazione elevata [Solutioncare];720x600;00:00:05;00:09:12;;0,00;€0,00;;;;;;;0;;;
OK;IlCentesimo_100x140_3.JPG;;28/11/2023 14:55:36;131,00;95,00;5;6,2500;DGen Papyrus G5;BB Inchiostrazione elevata [Solutioncare];720x600;00:00:06;00:09:12;;0,00;€0,00;;;;;;;0;;;
OK;IlCentesimo_100x140_4.JPG;;28/11/2023 14:59:07;131,00;95,00;5;6,2500;DGen Papyrus G5;BB Inchiostrazione elevata [Solutioncare];720x600;00:00:05;00:09:12;;0,00;€0,00;;;;;;;0;;;
OK;Yamamay_12x3_CT.JPG;;28/11/2023 15:46:26;1.180,00;278,00;1;32,8500;DGen Papyrus G5;BB Inchiostrazione elevata [Solutioncare];720x600;00:01:03;17:23:43;;0,00;€0,00;;;;;;;0;;;
OK;Yamamamy_6x3_1.JPG;;28/11/2023 16:15:09;568,00;280,00;8;127,2500;DGen Papyrus G5;BB Inchiostrazione elevata [Solutioncare];720x600;00:00:46;17:23:43;;0,00;€0,00;;;;;;;0;;;
OK;Yamamamy_6x3_2.JPG;;28/11/2023 18:29:21;568,00;280,00;8;127,2500;DGen Papyrus G5;BB Inchiostrazione elevata [Solutioncare];720x600;00:00:42;17:23:43;;0,00;€0,00;;;;;;;0;;;
OK;Yamamamy_6x3_3.JPG;;28/11/2023 20:46:07;568,00;280,00;8;127,2500;DGen Papyrus G5;BB Inchiostrazione elevata [Solutioncare];720x600;00:00:37;17:23:43;;0,00;€0,00;;;;;;;0;;;
OK;Yamamamy_6x3_4.JPG;;28/11/2023 23:00:50;568,00;280,00;8;127,2500;DGen Papyrus G5;BB Inchiostrazione elevata [Solutioncare];720x600;00:00:39;17:23:43;;0,00;€0,00;;;;;;;0;;;
OK;Yamamamy_6x3_6.JPG;;29/11/2023 01:16:24;568,00;280,00;8;127,2500;DGen Papyrus G5;BB Inchiostrazione elevata [Solutioncare];720x600;00:00:41;17:23:43;;0,00;€0,00;;;;;;;0;;;
OK;Yamamamy_6x3_5.JPG;;29/11/2023 03:31:48;568,00;280,00;9;143,1500;DGen Papyrus G5;BB Inchiostrazione elevata [Solutioncare];720x600;00:00:36;17:23:43;;0,00;€0,00;;;;;;;0;;;
OK;Yamamay_140x200_1.JPG;;29/11/2023 06:03:33;134,00;194,00;11;28,6000;DGen Papyrus G5;BB Inchiostrazione elevata [Solutioncare];720x600;00:00:17;17:23:43;;0,00;€0,00;;;;;;;0;;;
OK;Yamamay_140x200_2.JPG;;29/11/2023 06:35:27;134,00;194,00;11;28,6000;DGen Papyrus G5;BB Inchiostrazione elevata [Solutioncare];720x600;00:00:17;17:23:43;;0,00;€0,00;;;;;;;0;;;
OK;Yamamay_140x200_3.JPG;;29/11/2023 07:06:40;134,00;194,00;11;28,6000;DGen Papyrus G5;BB Inchiostrazione elevata [Solutioncare];720x600;00:00:14;17:23:43;;0,00;€0,00;;;;;;;0;;;
OK;Yamamay_140x200_4.JPG;;29/11/2023 07:37:36;134,00;194,00;11;28,6000;DGen Papyrus G5;BB Inchiostrazione elevata [Solutioncare];720x600;00:00:17;17:23:43;;0,00;€0,00;;;;;;;0;;;
OK;Yamamay_140x200_5.JPG;;29/11/2023 08:08:32;134,00;194,00;11;28,6000;DGen Papyrus G5;BB Inchiostrazione elevata [Solutioncare];720x600;00:00:17;17:23:43;;0,00;€0,00;;;;;;;0;;;
OK;Yamamay_140x200_6.JPG;;29/11/2023 08:39:20;134,00;194,00;11;28,6000;DGen Papyrus G5;BB Inchiostrazione elevata [Solutioncare];720x600;00:00:22;17:23:43;;0,00;€0,00;;;;;;;0;;;
OK;Yamamay_12x3_PA2~1.JPG;;29/11/2023 10:34:45;1.180,00;278,00;1;32,8500;DGen Papyrus G5;BB Inchiostrazione elevata [Solutioncare];720x600;00:00:55;00:26:03;;0,00;€0,00;;;;;;;0;;;
OK;Yamamay_12x3_PA3.JPG;;29/11/2023 11:21:38;1.180,00;278,00;1;32,8500;DGen Papyrus G5;BB Inchiostrazione elevata [Solutioncare];720x600;00:00:52;01:03:12;;0,00;€0,00;;;;;;;0;;;
OK;Yamamay_12x3_PA2~2.JPG;;29/11/2023 11:48:44;1.180,00;278,00;1;32,8500;DGen Papyrus G5;BB Inchiostrazione elevata [Solutioncare];720x600;00:00:54;01:03:12;;0,00;€0,00;;;;;;;0;;;
OK;Yamamamy_420x200_1.JPG;;29/11/2023 13:04:50;405,00;194,00;2;15,7500;DGen Papyrus G5;BB Inchiostrazione elevata [Solutioncare];720x600;00:00:44;00:07:42;;0,00;€0,00;;;;;;;0;;;
OK;Yamamamy_420x200_2.JPG;;29/11/2023 13:18:21;405,00;194,00;2;15,7500;DGen Papyrus G5;BB Inchiostrazione elevata [Solutioncare];720x600;00:00:34;00:12:16;;0,00;€0,00;;;;;;;0;;;
OK;Yamamamy_420x200_3.JPG;;29/11/2023 13:56:38;405,00;194,00;2;15,7500;DGen Papyrus G5;BB Inchiostrazione elevata [Solutioncare];720x600;00:00:32;00:08:36;;0,00;€0,00;;;;;;;0;;;
OK;Yamamamy_420x200_4.JPG;;29/11/2023 14:30:35;405,00;194,00;2;15,7500;DGen Papyrus G5;BB Inchiostrazione elevata [Solutioncare];720x600;00:00:32;00:07:42;;0,00;€0,00;;;;;;;0;;;
OK;Yamamamy_420x200_5.JPG;;29/11/2023 14:44:12;405,00;194,00;1;7,9000;DGen Papyrus G5;BB Inchiostrazione elevata [Solutioncare];720x600;00:00:38;00:12:10;;0,00;€0,00;;;;;;;0;;;
OK;Yamamamy_420x200_6.JPG;;29/11/2023 14:47:46;405,00;194,00;1;7,9000;DGen Papyrus G5;BB Inchiostrazione elevata [Solutioncare];720x600;00:00:46;00:12:10;;0,00;€0,00;;;;;;;0;;;
OK;GioielleriaScaduto_100x140-1.JPG;;29/11/2023 15:05:09;131,00;95,00;12;14,9500;DGen Papyrus G5;BB Inchiostrazione elevata [Solutioncare];720x600;00:00:06;00:43:16;;0,00;€0,00;;;;;;;0;;;
OK;GioielleriaScaduto_100x140-2.JPG;;29/11/2023 15:14:37;131,00;95,00;12;14,9500;DGen Papyrus G5;BB Inchiostrazione elevata [Solutioncare];720x600;00:00:07;00:43:16;;0,00;€0,00;;;;;;;0;;;
OK;Vitabile_6x3_Natale.JPG;;29/11/2023 15:31:03;568,00;280,00;1;15,9500;DGen Papyrus G5;BB Inchiostrazione elevata [Solutioncare];720x600;00:00:28;00:43:16;;0,00;€0,00;;;;;;;0;;;
OK;Unieuro_6x6_1.JPG;;29/11/2023 16:52:10;568,00;570,00;1;32,4000;DGen Papyrus G5;BB Inchiostrazione elevata [Solutioncare];720x600;00:00:39;13:29:45;;0,00;€0,00;;;;;;;0;;;
OK;Unieuro_6x6_2.JPG;;29/11/2023 17:17:44;568,00;570,00;1;32,4000;DGen Papyrus G5;BB Inchiostrazione elevata [Solutioncare];720x600;00:00:38;13:29:45;;0,00;€0,00;;;;;;;0;;;
OK;Pianeta_Expert_6x3.JPG;;29/11/2023 17:51:45;568,00;280,00;3;47,7500;DGen Papyrus G5;BB Inchiostrazione elevata [Solutioncare];720x600;00:00:20;13:29:45;;0,00;€0,00;;;;;;;0;;;
OK;CentroLegno_6x3_LVB.JPG;;29/11/2023 18:42:17;568,00;280,00;1;15,9500;DGen Papyrus G5;BB Inchiostrazione elevata [Solutioncare];720x600;00:00:18;13:29:45;;0,00;€0,00;;;;;;;0;;;
OK;CentroLegno_6x3_TV.JPG;;29/11/2023 18:58:34;568,00;280,00;1;15,9500;DGen Papyrus G5;BB Inchiostrazione elevata [Solutioncare];720x600;00:00:20;13:29:45;;0,00;€0,00;;;;;;;0;;;
OK;H&B_6x3-Altamoda.JPG;;29/11/2023 19:15:59;568,00;280,00;1;15,9500;DGen Papyrus G5;BB Inchiostrazione elevata [Solutioncare];720x600;00:00:23;13:29:45;;0,00;€0,00;;;;;;;0;;;
OK;H&B_6x3-Bertini.JPG;;29/11/2023 19:32:14;568,00;280,00;1;15,9500;DGen Papyrus G5;BB Inchiostrazione elevata [Solutioncare];720x600;00:00:24;13:29:45;;0,00;€0,00;;;;;;;0;;;
OK;H&B_6x3-BonTon.JPG;;29/11/2023 19:49:35;568,00;280,00;1;15,9500;DGen Papyrus G5;BB Inchiostrazione elevata [Solutioncare];720x600;00:00:25;13:29:45;;0,00;€0,00;;;;;;;0;;;
OK;H&B_6x3-Campailla.JPG;;29/11/2023 20:06:46;568,00;280,00;1;15,9500;DGen Papyrus G5;BB Inchiostrazione elevata [Solutioncare];720x600;00:00:24;13:29:45;;0,00;€0,00;;;;;;;0;;;
OK;H&B_6x3-Grasso.JPG;;29/11/2023 20:23:09;568,00;280,00;3;47,7500;DGen Papyrus G5;BB Inchiostrazione elevata [Solutioncare];720x600;00:00:24;13:29:45;;0,00;€0,00;;;;;;;0;;;
OK;H&B_6x3-Istituz.JPG;;29/11/2023 21:14:01;568,00;280,00;1;15,9500;DGen Papyrus G5;BB Inchiostrazione elevata [Solutioncare];720x600;00:00:25;13:29:45;;0,00;€0,00;;;;;;;0;;;
OK;H&B_6x3-Mabitus.JPG;;29/11/2023 21:30:24;568,00;280,00;1;15,9500;DGen Papyrus G5;BB Inchiostrazione elevata [Solutioncare];720x600;00:00:24;13:29:45;;0,00;€0,00;;;;;;;0;;;
OK;H&B_6x3-Rainbow.JPG;;29/11/2023 21:49:15;568,00;280,00;2;31,8500;DGen Papyrus G5;BB Inchiostrazione elevata [Solutioncare];720x600;00:00:24;13:29:45;;0,00;€0,00;;;;;;;0;;;
OK;H&B_6x3-Target.JPG;;29/11/2023 22:23:11;568,00;280,00;1;15,9500;DGen Papyrus G5;BB Inchiostrazione elevata [Solutioncare];720x600;00:00:24;13:29:45;;0,00;€0,00;;;;;;;0;;;
OK;H&B_100x140_Istituz.JPG;;29/11/2023 22:40:31;131,00;95,00;20;24,9000;DGen Papyrus G5;BB Inchiostrazione elevata [Solutioncare];720x600;00:00:08;13:29:45;;0,00;€0,00;;;;;;;0;;;
OK;H&B_100x140-Spada.JPG;;29/11/2023 23:09:02;131,00;95,00;30;37,3500;DGen Papyrus G5;BB Inchiostrazione elevata [Solutioncare];720x600;00:00:08;13:29:45;;0,00;€0,00;;;;;;;0;;;
OK;H&B_140x200-Gianfilippo.JPG;;29/11/2023 23:51:16;131,00;194,00;8;20,3500;DGen Papyrus G5;BB Inchiostrazione elevata [Solutioncare];720x600;00:00:12;13:29:45;;0,00;€0,00;;;;;;;0;;;
OK;Yamamay_280x200_1.JPG;;30/11/2023 00:14:38;270,05;194,00;7;36,7000;DGen Papyrus G5;BB Inchiostrazione elevata [Solutioncare];720x600;00:00:33;13:29:45;;0,00;€0,00;;;;;;;0;;;
OK;Yamamay_280x200_2.JPG;;30/11/2023 00:54:55;270,05;194,00;7;36,7000;DGen Papyrus G5;BB Inchiostrazione elevata [Solutioncare];720x600;00:00:31;13:29:45;;0,00;€0,00;;;;;;;0;;;
OK;Yamamay_280x200_3.JPG;;30/11/2023 01:35:02;270,05;194,00;7;36,7000;DGen Papyrus G5;BB Inchiostrazione elevata [Solutioncare];720x600;00:00:34;13:29:45;;0,00;€0,00;;;;;;;0;;;
OK;Yamamay_280x200_4.JPG;;30/11/2023 02:16:26;270,05;194,00;7;36,7000;DGen Papyrus G5;BB Inchiostrazione elevata [Solutioncare];720x600;00:00:34;13:29:45;;0,00;€0,00;;;;;;;0;;;
OK;Swarovsky_6x3_Matrix.JPG;;30/11/2023 02:39:52;568,00;280,00;6;95,4500;DGen Papyrus G5;BB Inchiostrazione elevata [Solutioncare];720x600;00:00:21;13:29:45;;0,00;€0,00;;;;;;;0;;;
OK;Yamamay_280x200_5.JPG;;30/11/2023 02:59:11;270,05;194,00;6;31,4500;DGen Papyrus G5;BB Inchiostrazione elevata [Solutioncare];720x600;00:00:36;13:29:45;;0,00;€0,00;;;;;;;0;;;
OK;Yamamay_280x200_6.JPG;;30/11/2023 03:33:55;270,05;194,00;6;31,4500;DGen Papyrus G5;BB Inchiostrazione elevata [Solutioncare];720x600;00:00:33;13:29:45;;0,00;€0,00;;;;;;;0;;;
OK;Swarovsky_6x3_Mesmera.JPG;;30/11/2023 05:48:10;568,00;280,00;2;31,8500;DGen Papyrus G5;BB Inchiostrazione elevata [Solutioncare];720x600;00:00:21;13:29:45;;0,00;€0,00;;;;;;;0;;;
OK;Sutera_6x3_Tissot.JPG;;30/11/2023 08:04:23;568,00;280,00;2;31,8500;DGen Papyrus G5;BB Inchiostrazione elevata [Solutioncare];720x600;00:00:28;00:26:05;;0,00;€0,00;;;;;;;0;;;
OK;Sutera_6x3_Tissot.JPG;;30/11/2023 08:49:30;568,00;280,00;1;15,9500;DGen Papyrus G5;BB Inchiostrazione elevata [Solutioncare];720x600;00:00:28;00:09:15;;0,00;€0,00;;;;;;;0;;;
OK;Sutera_6x3.JPG;;30/11/2023 09:16:57;568,00;280,00;8;127,2500;DGen Papyrus G5;BB Inchiostrazione elevata [Solutioncare];720x600;00:00:24;02:08:15;;0,00;€0,00;;;;;;;0;;;
OK;Sutera_6x3.JPG;;30/11/2023 11:37:24;568,00;280,00;2;31,8500;DGen Papyrus G5;BB Inchiostrazione elevata [Solutioncare];720x600;00:00:24;00:26:43;;0,00;€0,00;;;;;;;0;;;
OK;Sutera_6x3.JPG;;30/11/2023 12:18:53;568,00;280,00;6;95,4500;DGen Papyrus G5;BB Inchiostrazione elevata [Solutioncare];720x600;00:00:24;01:33:53;;0,00;€0,00;;;;;;;0;;;
OK;Sutera_6x3.JPG;;30/11/2023 14:16:42;568,00;280,00;4;63,6500;DGen Papyrus G5;BB Inchiostrazione elevata [Solutioncare];720x600;00:00:24;01:00:02;;0,00;€0,00;;;;;;;0;;;
ERROR;Sutera_6x3.JPG;;30/11/2023 15:34:32;568,00;280,00;2;31,8500;DGen Papyrus G5;BB Inchiostrazione elevata [Solutioncare];720x600;00:00:24;00:00:27;;0,00;€0,00;;;;;;;0;;;
OK;Sutera_6x3.JPG;;30/11/2023 15:36:22;568,00;280,00;2;31,8500;DGen Papyrus G5;BB Inchiostrazione elevata [Solutioncare];720x600;00:00:24;00:26:07;;0,00;€0,00;;;;;;;0;;;
OK;Sutera_6x3.JPG;;30/11/2023 16:50:01;568,00;280,00;7;111,3500;DGen Papyrus G5;BB Inchiostrazione elevata [Solutioncare];720x600;00:00:24;14:04:51;;0,00;€0,00;;;;;;;0;;;
OK;NSA_6x3.JPG;;30/11/2023 18:39:57;568,00;280,00;30;477,1500;DGen Papyrus G5;BB Inchiostrazione elevata [Solutioncare];720x600;00:00:24;14:04:51;;0,00;€0,00;;;;;;;0;;;
OK;Nsa_100x140.JPG;;30/11/2023 21:38:52;131,00;95,00;97;120,7500;DGen Papyrus G5;BB Inchiostrazione elevata [Solutioncare];720x600;00:00:05;14:04:51;;0,00;€0,00;;;;;;;0;;;
OK;NSA_6x6.JPG;;01/12/2023 03:08:36;568,00;570,00;2;64,8000;DGen Papyrus G5;BB Inchiostrazione elevata [Solutioncare];720x600;00:00:43;14:04:51;;0,00;€0,00;;;;;;;0;;;
OK;Nsa_140x200.JPG;;01/12/2023 06:31:33;131,00;194,00;8;20,3500;DGen Papyrus G5;BB Inchiostrazione elevata [Solutioncare];720x600;00:00:08;14:04:51;;0,00;€0,00;;;;;;;0;;;
OK;Conad_12x3.JPG;;01/12/2023 07:56:31;1.180,00;278,00;2;65,6500;DGen Papyrus G5;BB Inchiostrazione elevata [Solutioncare];720x600;00:00:43;00:59:17;;0,00;€0,00;;;;;;;0;;;
OK;Stampa_6X3_giochi_Natale.PDF;;01/12/2023 09:05:15;568,00;285,00;1;16,2000;DGen Papyrus G5;BB Inchiostrazione elevata [Solutioncare];720x600;00:00:28;00:05:02;;0,00;€0,00;;;;;;;0;;;
OK;Cash&Carry_100x140.JPG;;01/12/2023 09:12:59;131,00;95,00;20;24,9000;DGen Papyrus G5;BB Inchiostrazione elevata [Solutioncare];720x600;00:00:06;00:12:29;;0,00;€0,00;;;;;;;0;;;
OK;Cash&Carry_150x70_1.JPG;;01/12/2023 09:30:35;144,00;67,05;8;7,7500;DGen Papyrus G5;BB Inchiostrazione elevata [Solutioncare];720x600;00:00:04;00:09:27;;0,00;€0,00;;;;;;;0;;;
OK;Cash&Carry_150x70_2.JPG;;01/12/2023 09:31:42;144,00;67,05;8;7,7500;DGen Papyrus G5;BB Inchiostrazione elevata [Solutioncare];720x600;00:00:04;00:09:27;;0,00;€0,00;;;;;;;0;;;
OK;Cash&Carry_150x70_3.JPG;;01/12/2023 09:35:52;144,00;67,05;8;7,7500;DGen Papyrus G5;BB Inchiostrazione elevata [Solutioncare];720x600;00:00:04;00:09:27;;0,00;€0,00;;;;;;;0;;;
OK;Cash&Carry_6x3.JPG;;01/12/2023 10:00:36;568,00;280,00;3;47,7500;DGen Papyrus G5;BB Inchiostrazione elevata [Solutioncare];720x600;00:00:24;00:49:52;;0,00;€0,00;;;;;;;0;;;
OK;Cash&Carry_140x200.JPG;;01/12/2023 10:23:53;131,00;194,00;17;43,2500;DGen Papyrus G5;BB Inchiostrazione elevata [Solutioncare];720x600;00:00:09;00:49:52;;0,00;€0,00;;;;;;;0;;;
OK;Conad_6x3.JPG;;01/12/2023 11:01:52;568,00;280,00;10;159,0500;DGen Papyrus G5;BB Inchiostrazione elevata [Solutioncare];720x600;00:00:25;02:17:32;;0,00;€0,00;;;;;;;0;;;
OK;Conad_6x3.JPG;;01/12/2023 13:25:07;568,00;280,00;2;31,8500;DGen Papyrus G5;BB Inchiostrazione elevata [Solutioncare];720x600;00:00:25;00:23:34;;0,00;€0,00;;;;;;;0;;;
OK;Nsa_140x200_TP.JPG;;01/12/2023 13:59:02;131,00;194,00;2;5,1000;DGen Papyrus G5;BB Inchiostrazione elevata [Solutioncare];720x600;00:00:08;01:37:23;;0,00;€0,00;;;;;;;0;;;
OK;NSA_6x3_TP.JPG;;01/12/2023 13:59:22;568,00;280,00;2;31,8500;DGen Papyrus G5;BB Inchiostrazione elevata [Solutioncare];720x600;00:00:20;01:37:23;;0,00;€0,00;;;;;;;0;;;
OK;NSA_6x3_TP~1.JPG;;01/12/2023 14:16:28;568,00;280,00;2;31,8500;DGen Papyrus G5;BB Inchiostrazione elevata [Solutioncare];720x600;00:00:21;01:37:23;;0,00;€0,00;;;;;;;0;;;
OK;Nsa_100x140_TP.JPG;;01/12/2023 14:33:53;131,00;95,00;82;102,0500;DGen Papyrus G5;BB Inchiostrazione elevata [Solutioncare];720x600;00:00:05;01:37:23;;0,00;€0,00;;;;;;;0;;;
ERROR;Carpisa_6x3.JPG;;01/12/2023 15:57:32;568,00;280,00;4;63,6500;DGen Papyrus G5;BB Inchiostrazione elevata [Solutioncare];720x600;00:01:11;00:02:44;;0,00;€0,00;;;;;;;0;;;
OK;CaffeTrinca_6x3.JPG;;01/12/2023 16:01:40;568,00;280,00;15;238,6000;DGen Papyrus G5;BB Inchiostrazione elevata [Solutioncare];720x600;00:00:19;14:33:17;;0,00;€0,00;;;;;;;0;;;
OK;Trinca_12x3.JPG;;01/12/2023 20:05:54;1.180,00;278,00;2;65,6500;DGen Papyrus G5;BB Inchiostrazione elevata [Solutioncare];720x600;00:00:36;14:33:17;;0,00;€0,00;;;;;;;0;;;
OK;Carpisa_140x200.JPG;;01/12/2023 21:20:15;131,00;194,00;33;83,9000;DGen Papyrus G5;BB Inchiostrazione elevata [Solutioncare];720x600;00:00:34;14:33:17;;0,00;€0,00;;;;;;;0;;;
OK;Carpisa_100x140.JPG;;01/12/2023 22:55:09;131,00;95,05;37;46,0500;DGen Papyrus G5;BB Inchiostrazione elevata [Solutioncare];720x600;00:00:10;14:33:17;;0,00;€0,00;;;;;;;0;;;
OK;Carpisa_6x3.JPG;;01/12/2023 23:47:42;568,00;280,00;4;63,6500;DGen Papyrus G5;BB Inchiostrazione elevata [Solutioncare];720x600;00:01:11;14:33:17;;0,00;€0,00;;;;;;;0;;;
OK;Carpisa_6x6.JPG;;02/12/2023 00:54:27;568,00;570,00;4;129,5500;DGen Papyrus G5;BB Inchiostrazione elevata [Solutioncare];720x600;00:01:52;14:33:17;;0,00;€0,00;;;;;;;0;;;
OK;Carpisa_420x200.JPG;;02/12/2023 03:11:35;405,05;194,05;8;62,9000;DGen Papyrus G5;BB Inchiostrazione elevata [Solutioncare];720x600;00:00:55;14:33:17;;0,00;€0,00;;;;;;;0;;;
OK;Carpisa_100x140_Pensiline.JPG;;02/12/2023 04:20:23;131,00;95,05;95;118,2500;DGen Papyrus G5;BB Inchiostrazione elevata [Solutioncare];720x600;00:00:19;14:33:17;;0,00;€0,00;;;;;;;0;;;
ERROR;Eurospar_6x3.JPG;;02/12/2023 08:16:27;568,05;280,00;3;47,7500;DGen Papyrus G5;BB Inchiostrazione elevata [Solutioncare];720x600;00:00:21;00:04:10;;0,00;€0,00;;;;;;;0;;;
OK;Eurospar_6x3.JPG;;02/12/2023 08:20:56;568,05;280,00;3;47,7500;DGen Papyrus G5;BB Inchiostrazione elevata [Solutioncare];720x600;00:00:21;00:42:49;;0,00;€0,00;;;;;;;0;;;
OK;Conad_6x3.JPG;;02/12/2023 09:27:17;568,00;280,00;2;31,8500;DGen Papyrus G5;BB Inchiostrazione elevata [Solutioncare];720x600;00:00:25;00:26:31;;0,00;€0,00;;;;;;;0;;;
OK;DonPero_6x3.JPG;;02/12/2023 10:07:20;568,00;280,00;1;15,9500;DGen Papyrus G5;BB Inchiostrazione elevata [Solutioncare];720x600;00:00:32;00:31:25;;0,00;€0,00;;;;;;;0;;;
OK;DonPero_140x200.JPG;;02/12/2023 10:12:11;131,00;194,00;17;43,2500;DGen Papyrus G5;BB Inchiostrazione elevata [Solutioncare];720x600;00:00:14;00:31:25;;0,00;€0,00;;;;;;;0;;;
OK;Conad_6x3.JPG;;02/12/2023 11:50:11;568,00;280,00;30;477,1500;DGen Papyrus G5;BB Inchiostrazione elevata [Solutioncare];720x600;00:00:25;16:44:51;;0,00;€0,00;;;;;;;0;;;
OK;SISA_100x140_1.JPG;;02/12/2023 16:39:02;131,00;95,00;27;33,6000;DGen Papyrus G5;BB Inchiostrazione elevata [Solutioncare];720x600;00:00:07;16:44:51;;0,00;€0,00;;;;;;;0;;;
OK;Sutera_6x6.JPG;;02/12/2023 20:09:09;568,00;570,00;1;32,4000;DGen Papyrus G5;BB Inchiostrazione elevata [Solutioncare];720x600;00:00:59;16:44:51;;0,00;€0,00;;;;;;;0;;;
OK;Sutera_12x3.JPG;;02/12/2023 20:43:05;1.180,00;278,00;2;65,6500;DGen Papyrus G5;BB Inchiostrazione elevata [Solutioncare];720x600;00:00:46;16:44:51;;0,00;€0,00;;;;;;;0;;;
OK;SISA_140x200_1.JPG;;02/12/2023 21:59:07;134,00;194,00;24;62,4000;DGen Papyrus G5;BB Inchiostrazione elevata [Solutioncare];720x600;00:00:10;16:44:51;;0,00;€0,00;;;;;;;0;;;
OK;SISA_140x200_2.JPG;;02/12/2023 23:06:17;134,00;194,00;24;62,4000;DGen Papyrus G5;BB Inchiostrazione elevata [Solutioncare];720x600;00:00:09;16:44:51;;0,00;€0,00;;;;;;;0;;;
OK;SISA_140x200_1~1.JPG;;03/12/2023 00:13:19;131,00;194,00;14;35,6000;DGen Papyrus G5;BB Inchiostrazione elevata [Solutioncare];720x600;00:00:10;16:44:51;;0,00;€0,00;;;;;;;0;;;
OK;SISA_140x200_2~1.JPG;;03/12/2023 00:52:22;131,00;194,00;13;33,0500;DGen Papyrus G5;BB Inchiostrazione elevata [Solutioncare];720x600;00:00:09;16:44:51;;0,00;€0,00;;;;;;;0;;;
OK;SISA_100x140_2.JPG;;03/12/2023 02:04:01;131,00;95,00;26;32,4000;DGen Papyrus G5;BB Inchiostrazione elevata [Solutioncare];720x600;00:00:06;16:44:51;;0,00;€0,00;;;;;;;0;;;
OK;O.G.T._585x390_PED.JPG;;03/12/2023 02:40:53;568,00;390,05;1;22,2000;DGen Papyrus G5;BB Inchiostrazione elevata [Solutioncare];720x600;00:00:26;16:44:51;;0,00;€0,00;;;;;;;0;;;
OK;O.G.T._585x390_TEL.JPG;;03/12/2023 03:04:18;568,00;390,05;1;22,2000;DGen Papyrus G5;BB Inchiostrazione elevata [Solutioncare];720x600;00:00:27;16:44:51;;0,00;€0,00;;;;;;;0;;;
OK;PresepeMontemaggiore_6x3.JPG;;03/12/2023 03:26:53;568,00;280,00;2;31,8500;DGen Papyrus G5;BB Inchiostrazione elevata [Solutioncare];720x600;00:00:21;16:44:51;;0,00;€0,00;;;;;;;0;;;
OK;Primaradio_6x3.JPG;;03/12/2023 04:01:25;568,00;280,00;2;31,8500;DGen Papyrus G5;BB Inchiostrazione elevata [Solutioncare];720x600;00:00:24;16:44:51;;0,00;€0,00;;;;;;;0;;;
OK;GED_6x3_Coccolino.JPG;;04/12/2023 10:49:42;568,00;280,00;1;15,9500;DGen Papyrus G5;BB Inchiostrazione elevata [Solutioncare];720x600;00:00:21;00:23:28;;0,00;€0,00;;;;;;;0;;;
OK;GED_6x3_Det.General.JPG;;04/12/2023 11:23:59;568,00;280,00;1;15,9500;DGen Papyrus G5;BB Inchiostrazione elevata [Solutioncare];720x600;00:00:21;00:07:43;;0,00;€0,00;;;;;;;0;;;
OK;MILU_-_prezzi_Natalizi__1copia_.JPG;;04/12/2023 11:40:59;135,25;51,15;1;0,7000;DGen Papyrus G5;BB Inchiostrazione elevata [Solutioncare];720x600;00:00:02;00:00:03;;0,00;€0,00;;;;;;;0;;;
OK;SISA_6x3-2.JPG;;04/12/2023 16:20:53;568,00;280,00;14;222,7000;DGen Papyrus G5;BB Inchiostrazione elevata [Solutioncare];720x600;00:00:23;14:52:03;;0,00;€0,00;;;;;;;0;;;
OK;SISA_6x3-1.JPG;;04/12/2023 20:06:51;568,00;280,00;14;222,7000;DGen Papyrus G5;BB Inchiostrazione elevata [Solutioncare];720x600;00:00:25;14:52:03;;0,00;€0,00;;;;;;;0;;;
OK;GED_6x3_OralB.JPG;;05/12/2023 00:04:01;568,00;280,00;1;15,9500;DGen Papyrus G5;BB Inchiostrazione elevata [Solutioncare];720x600;00:00:19;14:52:03;;0,00;€0,00;;;;;;;0;;;
OK;GED_6x3_Phon.JPG;;05/12/2023 00:20:16;568,00;280,00;1;15,9500;DGen Papyrus G5;BB Inchiostrazione elevata [Solutioncare];720x600;00:00:21;14:52:03;;0,00;€0,00;;;;;;;0;;;
OK;GED_6x3_PiattiRossi.JPG;;05/12/2023 00:37:32;568,00;280,00;1;15,9500;DGen Papyrus G5;BB Inchiostrazione elevata [Solutioncare];720x600;00:00:20;14:52:03;;0,00;€0,00;;;;;;;0;;;
OK;GED_6x3_PiattiRossi-RioAzz.JPG;;05/12/2023 00:53:53;568,00;280,00;1;15,9500;DGen Papyrus G5;BB Inchiostrazione elevata [Solutioncare];720x600;00:00:22;14:52:03;;0,00;€0,00;;;;;;;0;;;
OK;GED_6x3_RioAzz.JPG;;05/12/2023 01:11:10;568,00;280,00;1;15,9500;DGen Papyrus G5;BB Inchiostrazione elevata [Solutioncare];720x600;00:00:21;14:52:03;;0,00;€0,00;;;;;;;0;;;
OK;GED_6x3_AsseStiro.JPG;;05/12/2023 01:28:15;568,00;280,00;1;15,9500;DGen Papyrus G5;BB Inchiostrazione elevata [Solutioncare];720x600;00:00:21;14:52:03;;0,00;€0,00;;;;;;;0;;;
OK;GED_6x3_Pattumiera.JPG;;05/12/2023 01:44:31;568,00;280,00;1;15,9500;DGen Papyrus G5;BB Inchiostrazione elevata [Solutioncare];720x600;00:00:20;14:52:03;;0,00;€0,00;;;;;;;0;;;
OK;GED_6x3_Sedia.JPG;;05/12/2023 02:01:49;568,00;280,00;1;15,9500;DGen Papyrus G5;BB Inchiostrazione elevata [Solutioncare];720x600;00:00:20;14:52:03;;0,00;€0,00;;;;;;;0;;;
OK;GED_6x3_Tontarelli.JPG;;05/12/2023 02:18:45;568,00;280,00;1;15,9500;DGen Papyrus G5;BB Inchiostrazione elevata [Solutioncare];720x600;00:00:22;14:52:03;;0,00;€0,00;;;;;;;0;;;
OK;6x3_-_STUFA_ELETTRICA.JPG;;05/12/2023 02:35:56;568,00;280,00;1;15,9500;DGen Papyrus G5;BB Inchiostrazione elevata [Solutioncare];720x600;00:00:24;14:52:03;;0,00;€0,00;;;;;;;0;;;
OK;140X200_STUFA_ALOGENA.JPG;;05/12/2023 02:52:09;131,00;194,00;2;5,1000;DGen Papyrus G5;BB Inchiostrazione elevata [Solutioncare];720x600;00:00:10;14:52:03;;0,00;€0,00;;;;;;;0;;;
OK;140X200_STUFA_QUARZO.JPG;;05/12/2023 02:58:44;131,00;194,00;2;5,1000;DGen Papyrus G5;BB Inchiostrazione elevata [Solutioncare];720x600;00:00:12;14:52:03;;0,00;€0,00;;;;;;;0;;;
OK;140X200_STUFA.JPG;;05/12/2023 03:04:20;131,00;194,00;2;5,1000;DGen Papyrus G5;BB Inchiostrazione elevata [Solutioncare];720x600;00:00:12;14:52:03;;0,00;€0,00;;;;;;;0;;;
OK;GED_6x6.JPG;;05/12/2023 03:09:58;568,00;570,00;1;32,4000;DGen Papyrus G5;BB Inchiostrazione elevata [Solutioncare];720x600;00:00:48;14:52:03;;0,00;€0,00;;;;;;;0;;;
OK;Bruno_LT_6x6_11.JPG;;05/12/2023 03:43:46;568,00;570,00;1;32,4000;DGen Papyrus G5;BB Inchiostrazione elevata [Solutioncare];720x600;00:00:41;14:52:03;;0,00;€0,00;;;;;;;0;;;
OK;Bruno_LT_6x6_22.JPG;;05/12/2023 04:17:37;568,00;570,00;1;32,4000;DGen Papyrus G5;BB Inchiostrazione elevata [Solutioncare];720x600;00:00:41;14:52:03;;0,00;€0,00;;;;;;;0;;;
OK;Eurospin_140x200_Dx.JPG;;05/12/2023 04:51:38;131,00;194,00;3;7,6500;DGen Papyrus G5;BB Inchiostrazione elevata [Solutioncare];720x600;00:00:08;14:52:03;;0,00;€0,00;;;;;;;0;;;
OK;Eurospin_140x200_Sx.JPG;;05/12/2023 05:01:02;131,00;194,00;3;7,6500;DGen Papyrus G5;BB Inchiostrazione elevata [Solutioncare];720x600;00:00:08;14:52:03;;0,00;€0,00;;;;;;;0;;;
OK;Eurospin_280x200.JPG;;05/12/2023 05:09:29;270,05;194,00;1;5,2500;DGen Papyrus G5;BB Inchiostrazione elevata [Solutioncare];720x600;00:00:17;14:52:03;;0,00;€0,00;;;;;;;0;;;
OK;Eurospin_6x3_PapaSergio.JPG;;05/12/2023 05:15:01;568,00;280,00;2;31,8500;DGen Papyrus G5;BB Inchiostrazione elevata [Solutioncare];720x600;00:00:15;14:52:03;;0,00;€0,00;;;;;;;0;;;
OK;FarmPonteAmmiraglio_6x3.JPG;;05/12/2023 05:48:37;568,00;280,00;5;79,5500;DGen Papyrus G5;BB Inchiostrazione elevata [Solutioncare];720x600;00:00:23;14:52:03;;0,00;€0,00;;;;;;;0;;;
ERROR;SISA_6x3-2.JPG;;05/12/2023 08:34:07;568,00;280,00;6;95,4500;DGen Papyrus G5;BB Inchiostrazione elevata [Solutioncare];720x600;00:00:23;00:15:31;;0,00;€0,00;;;;;;;0;;;
OK;SISA_6x3-2.JPG;;05/12/2023 08:50:47;568,00;280,00;6;95,4500;DGen Papyrus G5;BB Inchiostrazione elevata [Solutioncare];720x600;00:00:23;00:43:48;;0,00;€0,00;;;;;;;0;;;
OK;GiBiAuto_140x200.JPG;;05/12/2023 09:50:00;131,00;194,00;17;43,2500;DGen Papyrus G5;BB Inchiostrazione elevata [Solutioncare];720x600;00:00:10;00:40:17;;0,00;€0,00;;;;;;;0;;;
OK;GiBiAuto_6x6.JPG;;05/12/2023 10:12:29;568,00;570,00;1;32,4000;DGen Papyrus G5;BB Inchiostrazione elevata [Solutioncare];720x600;00:00:43;00:40:17;;0,00;€0,00;;;;;;;0;;;
OK;SISA_Pecetta_100x140.JPG;;05/12/2023 10:34:11;10,75;5,45;26;0,2000;DGen Papyrus G5;BB Inchiostrazione elevata [Solutioncare];720x600;00:00:01;00:00:04;;0,00;€0,00;;;;;;;0;;;
OK;SISA_Pecetta_140x200.JPG;;05/12/2023 10:34:11;15,05;8,15;37;0,5000;DGen Papyrus G5;BB Inchiostrazione elevata [Solutioncare];720x600;00:00:01;00:00:04;;0,00;€0,00;;;;;;;0;;;
OK;PaghiPoco_6x3_Messina.JPG;;05/12/2023 11:58:29;143,50;141,00;2;4,0500;DGen Papyrus G5;BB Inchiostrazione elevata [Solutioncare];720x600;00:00:25;00:00:25;;0,00;€0,00;;;;;;;0;;;
OK;PaghiPoco_6x3_Messina.JPG;;05/12/2023 14:17:22;143,50;141,00;1;2,0500;DGen Papyrus G5;BB Inchiostrazione elevata [Solutioncare];720x600;00:00:25;00:00:17;;0,00;€0,00;;;;;;;0;;;
OK;PaghiPoco_6x3_Marsala.JPG;;05/12/2023 15:07:34;568,00;280,00;2;31,8500;DGen Papyrus G5;BB Inchiostrazione elevata [Solutioncare];720x600;00:00:24;00:12:41;;0,00;€0,00;;;;;;;0;;;
OK;PaghiPoco_6x3_Trapani.JPG;;05/12/2023 15:31:38;568,00;280,00;6;95,4500;DGen Papyrus G5;BB Inchiostrazione elevata [Solutioncare];720x600;00:00:24;00:49:58;;0,00;€0,00;;;;;;;0;;;
OK;PaghiPoco_6x3_Misteerbianco.JPG;;05/12/2023 16:30:47;568,00;280,00;1;15,9500;DGen Papyrus G5;BB Inchiostrazione elevata [Solutioncare];720x600;00:00:26;06:46:41;;0,00;€0,00;;;;;;;0;;;
OK;PaghiPoco_6x3_SGiovanniLP.JPG;;05/12/2023 16:39:29;568,00;280,00;1;15,9500;DGen Papyrus G5;BB Inchiostrazione elevata [Solutioncare];720x600;00:00:25;06:46:41;;0,00;€0,00;;;;;;;0;;;
OK;PaghiPoco_6x3_Siracusa.JPG;;05/12/2023 16:55:46;568,00;280,00;5;79,5500;DGen Papyrus G5;BB Inchiostrazione elevata [Solutioncare];720x600;00:00:25;06:46:41;;0,00;€0,00;;;;;;;0;;;
OK;PaghiPoco_6x3_Partinico.JPG;;05/12/2023 18:19:53;568,00;280,00;1;15,9500;DGen Papyrus G5;BB Inchiostrazione elevata [Solutioncare];720x600;00:00:25;06:46:41;;0,00;€0,00;;;;;;;0;;;
OK;PaghiPoco_6x3_Palermo.JPG;;05/12/2023 18:36:05;568,00;280,00;10;159,0500;DGen Papyrus G5;BB Inchiostrazione elevata [Solutioncare];720x600;00:00:27;06:46:41;;0,00;€0,00;;;;;;;0;;;
OK;PaghiPoco_12x3_PA.JPG;;05/12/2023 21:24:13;1.180,00;278,00;3;98,4500;DGen Papyrus G5;BB Inchiostrazione elevata [Solutioncare];720x600;00:00:44;06:46:41;;0,00;€0,00;;;;;;;0;;;
OK;Conad_12x3.JPG;;06/12/2023 10:13:06;1.180,00;278,00;1;32,8500;DGen Papyrus G5;BB Inchiostrazione elevata [Solutioncare];720x600;00:00:44;00:27:29;;0,00;€0,00;;;;;;;0;;;
OK;6x3_Smart_Partinico_Carini_finoal24dic.PDF;;06/12/2023 10:54:17;567,95;284,95;3;48,5500;DGen Papyrus G5;BB Inchiostrazione elevata [Solutioncare];720x600;00:00:29;00:43:14;;0,00;€0,00;;;;;;;0;;;
OK;PENNY_6x3_1.JPG;;06/12/2023 12:13:36;568,00;280,00;2;31,8500;DGen Papyrus G5;BB Inchiostrazione elevata [Solutioncare];720x600;00:00:19;02:07:27;;0,00;€0,00;;;;;;;0;;;
OK;PENNY_6x3_2.JPG;;06/12/2023 12:39:33;568,00;280,00;2;31,8500;DGen Papyrus G5;BB Inchiostrazione elevata [Solutioncare];720x600;00:00:21;02:07:27;;0,00;€0,00;;;;;;;0;;;
OK;PENNY_6x3_3.JPG;;06/12/2023 13:13:08;568,00;280,00;2;31,8500;DGen Papyrus G5;BB Inchiostrazione elevata [Solutioncare];720x600;00:00:20;02:07:27;;0,00;€0,00;;;;;;;0;;;
OK;PENNY_6x3_4.JPG;;06/12/2023 13:46:41;568,00;280,00;2;31,8500;DGen Papyrus G5;BB Inchiostrazione elevata [Solutioncare];720x600;00:00:20;02:07:27;;0,00;€0,00;;;;;;;0;;;
OK;SisaPartinico_6x3.JPG;;06/12/2023 14:24:23;568,00;280,00;1;15,9500;DGen Papyrus G5;BB Inchiostrazione elevata [Solutioncare];720x600;00:00:24;00:13:31;;0,00;€0,00;;;;;;;0;;;
OK;PENNY_140x200_1.JPG;;06/12/2023 14:54:29;131,00;194,00;3;7,6500;DGen Papyrus G5;BB Inchiostrazione elevata [Solutioncare];720x600;00:00:08;00:49:37;;0,00;€0,00;;;;;;;0;;;
OK;PENNY_140x200_2.JPG;;06/12/2023 14:57:34;131,00;194,00;4;10,2000;DGen Papyrus G5;BB Inchiostrazione elevata [Solutioncare];720x600;00:00:09;00:49:37;;0,00;€0,00;;;;;;;0;;;
OK;PENNY_140x200_3.JPG;;06/12/2023 15:07:19;131,00;194,00;4;10,2000;DGen Papyrus G5;BB Inchiostrazione elevata [Solutioncare];720x600;00:00:09;00:49:37;;0,00;€0,00;;;;;;;0;;;
OK;PENNY_140x200_4.JPG;;06/12/2023 15:16:43;131,00;194,00;4;10,2000;DGen Papyrus G5;BB Inchiostrazione elevata [Solutioncare];720x600;00:00:09;00:49:37;;0,00;€0,00;;;;;;;0;;;
OK;PENNY_150x70_1.JPG;;06/12/2023 15:26:58;144,05;67,05;1;1,0000;DGen Papyrus G5;BB Inchiostrazione elevata [Solutioncare];720x600;00:00:03;00:49:37;;0,00;€0,00;;;;;;;0;;;
OK;PENNY_150x70_2.JPG;;06/12/2023 15:27:48;144,05;67,05;1;1,0000;DGen Papyrus G5;BB Inchiostrazione elevata [Solutioncare];720x600;00:00:04;00:49:37;;0,00;€0,00;;;;;;;0;;;
OK;PENNY_150x70_3.JPG;;06/12/2023 15:28:35;144,05;67,05;1;1,0000;DGen Papyrus G5;BB Inchiostrazione elevata [Solutioncare];720x600;00:00:04;00:49:37;;0,00;€0,00;;;;;;;0;;;
OK;PENNY_150x70_4.JPG;;06/12/2023 15:29:25;144,05;67,05;1;1,0000;DGen Papyrus G5;BB Inchiostrazione elevata [Solutioncare];720x600;00:00:04;00:49:37;;0,00;€0,00;;;;;;;0;;;
OK;PENNY_100x140_1.JPG;;06/12/2023 15:30:15;131,00;95,00;3;3,7500;DGen Papyrus G5;BB Inchiostrazione elevata [Solutioncare];720x600;00:00:05;00:49:37;;0,00;€0,00;;;;;;;0;;;
OK;PENNY_100x140_2.JPG;;06/12/2023 15:33:40;131,00;95,05;3;3,7500;DGen Papyrus G5;BB Inchiostrazione elevata [Solutioncare];720x600;00:00:05;00:49:37;;0,00;€0,00;;;;;;;0;;;
OK;PENNY_100x140_3.JPG;;06/12/2023 15:37:08;131,00;95,05;3;3,7500;DGen Papyrus G5;BB Inchiostrazione elevata [Solutioncare];720x600;00:00:05;00:49:37;;0,00;€0,00;;;;;;;0;;;
OK;PENNY_100x140_4.JPG;;06/12/2023 15:40:39;131,00;95,05;3;3,7500;DGen Papyrus G5;BB Inchiostrazione elevata [Solutioncare];720x600;00:00:05;00:49:37;;0,00;€0,00;;;;;;;0;;;
OK;Conad_6x3.JPG;;06/12/2023 16:00:38;568,00;280,00;60;954,2500;DGen Papyrus G5;BB Inchiostrazione elevata [Solutioncare];720x600;00:00:26;16:35:14;;0,00;€0,00;;;;;;;0;;;
OK;IlCentesimo_6x3_1.JPG;;07/12/2023 09:02:09;568,00;280,00;3;47,7500;DGen Papyrus G5;BB Inchiostrazione elevata [Solutioncare];720x600;00:00:25;01:05:00;;0,00;€0,00;;;;;;;0;;;
OK;IlCentesimo_6x3_2.JPG;;07/12/2023 09:24:26;568,00;280,00;2;31,8500;DGen Papyrus G5;BB Inchiostrazione elevata [Solutioncare];720x600;00:00:23;01:05:00;;0,00;€0,00;;;;;;;0;;;
OK;IlCentesimo_140x200_1.JPG;;07/12/2023 09:42:59;131,00;194,00;2;5,1000;DGen Papyrus G5;BB Inchiostrazione elevata [Solutioncare];720x600;00:00:09;01:05:00;;0,00;€0,00;;;;;;;0;;;
OK;IlCentesimo_140x200_2.JPG;;07/12/2023 09:46:00;131,00;194,00;2;5,1000;DGen Papyrus G5;BB Inchiostrazione elevata [Solutioncare];720x600;00:00:09;01:05:00;;0,00;€0,00;;;;;;;0;;;
OK;IlCentesimo_140x200_3.JPG;;07/12/2023 09:58:06;131,00;194,00;3;7,6500;DGen Papyrus G5;BB Inchiostrazione elevata [Solutioncare];720x600;00:00:10;01:05:00;;0,00;€0,00;;;;;;;0;;;
OK;IlCentesimo_140x200_4.JPG;;07/12/2023 10:02:36;131,00;194,00;3;7,6500;DGen Papyrus G5;BB Inchiostrazione elevata [Solutioncare];720x600;00:00:09;01:05:00;;0,00;€0,00;;;;;;;0;;;
OK;Conad_6x3.JPG;;07/12/2023 10:21:45;568,00;280,00;10;159,0500;DGen Papyrus G5;BB Inchiostrazione elevata [Solutioncare];720x600;00:00:26;01:26:38;;0,00;€0,00;;;;;;;0;;;
OK;Conad_6x3.JPG;;07/12/2023 11:51:44;568,00;280,00;5;79,5500;DGen Papyrus G5;BB Inchiostrazione elevata [Solutioncare];720x600;00:00:26;00:41:42;;0,00;€0,00;;;;;;;0;;;
OK;IlCentesimo_6x3_1.JPG;;07/12/2023 13:08:52;568,00;280,00;1;15,9500;DGen Papyrus G5;BB Inchiostrazione elevata [Solutioncare];720x600;00:00:23;00:14:23;;0,00;€0,00;;;;;;;0;;;
OK;IlCentesimo_6x3_2.JPG;;07/12/2023 13:14:33;568,00;280,00;1;15,9500;DGen Papyrus G5;BB Inchiostrazione elevata [Solutioncare];720x600;00:00:25;00:14:23;;0,00;€0,00;;;;;;;0;;;
OK;IlCentesimo_140x200_1.JPG;;07/12/2023 13:49:28;131,00;194,00;10;25,4500;DGen Papyrus G5;BB Inchiostrazione elevata [Solutioncare];720x600;00:00:09;00:25:50;;0,00;€0,00;;;;;;;0;;;
OK;IlCentesimo_140x200_2.JPG;;07/12/2023 13:59:49;131,00;194,00;10;25,4500;DGen Papyrus G5;BB Inchiostrazione elevata [Solutioncare];720x600;00:00:09;00:25:50;;0,00;€0,00;;;;;;;0;;;
OK;IlCentesimo_140x200_1.JPG;;07/12/2023 14:39:28;131,00;194,00;18;45,7500;DGen Papyrus G5;BB Inchiostrazione elevata [Solutioncare];720x600;00:00:09;05:40:17;;0,00;€0,00;;;;;;;0;;;
OK;IlCentesimo_140x200_2.JPG;;07/12/2023 15:23:44;131,00;194,00;18;45,7500;DGen Papyrus G5;BB Inchiostrazione elevata [Solutioncare];720x600;00:00:09;05:40:17;;0,00;€0,00;;;;;;;0;;;
OK;IlCentesimo_6x3_1.JPG;;07/12/2023 16:16:05;568,00;280,00;6;95,4500;DGen Papyrus G5;BB Inchiostrazione elevata [Solutioncare];720x600;00:00:23;05:40:17;;0,00;€0,00;;;;;;;0;;;
OK;IlCentesimo_6x3_2.JPG;;07/12/2023 17:55:54;568,00;280,00;5;79,5500;DGen Papyrus G5;BB Inchiostrazione elevata [Solutioncare];720x600;00:00:25;05:40:17;;0,00;€0,00;;;;;;;0;;;
OK;IlCentesimo_6x3_2~1.JPG;;07/12/2023 19:19:43;568,00;280,00;1;15,9500;DGen Papyrus G5;BB Inchiostrazione elevata [Solutioncare];720x600;00:00:31;05:40:17;;0,00;€0,00;;;;;;;0;;;
OK;IlCentesimo_100x140_1.JPG;;07/12/2023 19:27:59;131,00;96,00;5;6,3000;DGen Papyrus G5;BB Inchiostrazione elevata [Solutioncare];720x600;00:00:06;05:40:17;;0,00;€0,00;;;;;;;0;;;
OK;IlCentesimo_6x3_1~1.JPG;;07/12/2023 19:37:54;568,00;280,00;1;15,9500;DGen Papyrus G5;BB Inchiostrazione elevata [Solutioncare];720x600;00:00:27;05:40:17;;0,00;€0,00;;;;;;;0;;;
OK;IlCentesimo_100x140_2.JPG;;07/12/2023 20:00:37;131,00;96,00;5;6,3000;DGen Papyrus G5;BB Inchiostrazione elevata [Solutioncare];720x600;00:00:05;05:40:17;;0,00;€0,00;;;;;;;0;;;
OK;IlCentesimo_100x140_3.JPG;;07/12/2023 20:07:35;131,00;96,00;4;5,0500;DGen Papyrus G5;BB Inchiostrazione elevata [Solutioncare];720x600;00:00:06;05:40:17;;0,00;€0,00;;;;;;;0;;;
OK;IlCentesimo_100x140_4.JPG;;07/12/2023 20:14:11;131,00;96,00;4;5,0500;DGen Papyrus G5;BB Inchiostrazione elevata [Solutioncare];720x600;00:00:06;05:40:17;;0,00;€0,00;;;;;;;0;;;
ERROR;Essepiauto_6x3.JPG;;11/12/2023 10:04:59;568,00;280,00;1;15,9500;DGen Papyrus G5;BB Inchiostrazione elevata [Solutioncare];720x600;00:00:18;00:01:29;;0,00;€0,00;;;;;;;0;;;
OK;BPSA_100x140-1.JPG;;11/12/2023 11:27:56;131,00;95,00;4;5,0000;DGen Papyrus G5;BB Inchiostrazione elevata [Solutioncare];720x600;00:00:07;00:08:21;;0,00;€0,00;;;;;;;0;;;
OK;BPSA_100x140-2.JPG;;11/12/2023 11:28:13;131,00;95,00;4;5,0000;DGen Papyrus G5;BB Inchiostrazione elevata [Solutioncare];720x600;00:00:06;00:08:21;;0,00;€0,00;;;;;;;0;;;
OK;BPSA_100x140-3.JPG;;11/12/2023 11:30:59;131,00;95,00;4;5,0000;DGen Papyrus G5;BB Inchiostrazione elevata [Solutioncare];720x600;00:00:08;00:08:21;;0,00;€0,00;;;;;;;0;;;
OK;Ard_6x32.JPG;;11/12/2023 11:54:11;568,00;280,00;3;47,7500;DGen Papyrus G5;BB Inchiostrazione elevata [Solutioncare];720x600;00:00:27;00:50:30;;0,00;€0,00;;;;;;;0;;;
OK;Eurospar_6x314.JPG;;11/12/2023 12:17:21;568,00;280,00;3;47,7500;DGen Papyrus G5;BB Inchiostrazione elevata [Solutioncare];720x600;00:00:24;00:50:30;;0,00;€0,00;;;;;;;0;;;
OK;Eurospin_6x3_Rizzotto.JPG;;11/12/2023 13:14:55;568,00;280,00;1;15,9500;DGen Papyrus G5;BB Inchiostrazione elevata [Solutioncare];720x600;00:00:14;00:25:12;;0,00;€0,00;;;;;;;0;;;
OK;Eurospin_12x3_Rizzotto.JPG;;11/12/2023 13:19:39;1.180,00;278,00;1;32,8500;DGen Papyrus G5;BB Inchiostrazione elevata [Solutioncare];720x600;00:00:39;00:25:12;;0,00;€0,00;;;;;;;0;;;
OK;Eurospin_6x3_MMarine-Dx.JPG;;11/12/2023 14:03:03;568,00;280,00;1;15,9500;DGen Papyrus G5;BB Inchiostrazione elevata [Solutioncare];720x600;00:00:14;00:44:02;;0,00;€0,00;;;;;;;0;;;
OK;Eurospin_6x3_MMarine-Sx.JPG;;11/12/2023 14:07:44;568,00;280,00;1;15,9500;DGen Papyrus G5;BB Inchiostrazione elevata [Solutioncare];720x600;00:00:16;00:44:02;;0,00;€0,00;;;;;;;0;;;
OK;Eurospin_6x3_PapaSergio.JPG;;11/12/2023 14:16:27;568,00;280,00;2;31,8500;DGen Papyrus G5;BB Inchiostrazione elevata [Solutioncare];720x600;00:00:17;00:44:02;;0,00;€0,00;;;;;;;0;;;
OK;Eurospin_140x200_Dx.JPG;;11/12/2023 14:35:00;131,00;194,00;3;7,6500;DGen Papyrus G5;BB Inchiostrazione elevata [Solutioncare];720x600;00:00:08;00:44:02;;0,00;€0,00;;;;;;;0;;;
OK;Eurospin_140x200_Sx.JPG;;11/12/2023 14:39:33;131,00;194,00;3;7,6500;DGen Papyrus G5;BB Inchiostrazione elevata [Solutioncare];720x600;00:00:08;00:44:02;;0,00;€0,00;;;;;;;0;;;
OK;Eurospin_280x200.JPG;;11/12/2023 14:44:03;270,05;194,00;1;5,2500;DGen Papyrus G5;BB Inchiostrazione elevata [Solutioncare];720x600;00:00:18;00:44:02;;0,00;€0,00;;;;;;;0;;;
OK;GED_Pecetta.JPG;;11/12/2023 14:54:02;89,35;30,40;1;0,3000;DGen Papyrus G5;BB Inchiostrazione elevata [Solutioncare];720x600;00:00:01;00:06:09;;0,00;€0,00;;;;;;;0;;;
OK;Ingrassia_580x285_Expert.JPG;;11/12/2023 14:54:04;580,05;285,00;1;16,5500;DGen Papyrus G5;BB Inchiostrazione elevata [Solutioncare];720x600;00:00:20;00:06:09;;0,00;€0,00;;;;;;;0;;;
OK;Famila_140x200_1.JPG;;11/12/2023 15:57:20;131,00;194,00;84;213,5000;DGen Papyrus G5;BB Inchiostrazione elevata [Solutioncare];720x600;00:00:10;06:47:56;;0,00;€0,00;;;;;;;0;;;
OK;Famila_140x200_2.JPG;;11/12/2023 17:59:07;131,00;194,00;84;213,5000;DGen Papyrus G5;BB Inchiostrazione elevata [Solutioncare];720x600;00:00:09;06:47:56;;0,00;€0,00;;;;;;;0;;;
OK;Famila_100x140_1.JPG;;11/12/2023 21:21:55;131,00;95,00;31;38,6000;DGen Papyrus G5;BB Inchiostrazione elevata [Solutioncare];720x600;00:00:06;06:47:56;;0,00;€0,00;;;;;;;0;;;
OK;Famila_100x140_2.JPG;;11/12/2023 22:04:02;131,00;95,00;31;38,6000;DGen Papyrus G5;BB Inchiostrazione elevata [Solutioncare];720x600;00:00:06;06:47:56;;0,00;€0,00;;;;;;;0;;;
OK;Todis_100x140_1.JPG;;12/12/2023 08:18:32;131,00;95,00;32;39,8500;DGen Papyrus G5;BB Inchiostrazione elevata [Solutioncare];720x600;00:00:06;01:28:28;;0,00;€0,00;;;;;;;0;;;
OK;Todis_100x140_2.JPG;;12/12/2023 08:37:08;131,00;95,00;32;39,8500;DGen Papyrus G5;BB Inchiostrazione elevata [Solutioncare];720x600;00:00:05;01:28:28;;0,00;€0,00;;;;;;;0;;;
OK;Todis_100x140_3.JPG;;12/12/2023 09:00:44;131,00;95,00;32;39,8500;DGen Papyrus G5;BB Inchiostrazione elevata [Solutioncare];720x600;00:00:05;01:28:28;;0,00;€0,00;;;;;;;0;;;
OK;Todis_100x140_4.JPG;;12/12/2023 09:24:16;131,00;95,00;32;39,8500;DGen Papyrus G5;BB Inchiostrazione elevata [Solutioncare];720x600;00:00:05;01:28:28;;0,00;€0,00;;;;;;;0;;;
OK;Todis_6x3_Rudinì.JPG;;12/12/2023 09:51:08;568,00;280,00;1;15,9500;DGen Papyrus G5;BB Inchiostrazione elevata [Solutioncare];720x600;00:00:21;00:05:54;;0,00;€0,00;;;;;;;0;;;
OK;Todis_140x200_1.JPG;;12/12/2023 10:03:41;131,00;194,00;22;55,9500;DGen Papyrus G5;BB Inchiostrazione elevata [Solutioncare];720x600;00:00:10;00:28:45;;0,00;€0,00;;;;;;;0;;;
OK;Todis_140x200_2.JPG;;12/12/2023 10:53:30;131,00;194,00;21;53,4000;DGen Papyrus G5;BB Inchiostrazione elevata [Solutioncare];720x600;00:00:08;01:29:51;;0,00;€0,00;;;;;;;0;;;
OK;Todis_140x200_3.JPG;;12/12/2023 11:20:41;131,00;194,00;21;53,4000;DGen Papyrus G5;BB Inchiostrazione elevata [Solutioncare];720x600;00:00:09;01:29:51;;0,00;€0,00;;;;;;;0;;;
OK;Todis_140x200_4.JPG;;12/12/2023 11:52:05;131,00;194,00;21;53,4000;DGen Papyrus G5;BB Inchiostrazione elevata [Solutioncare];720x600;00:00:08;01:29:51;;0,00;€0,00;;;;;;;0;;;
OK;Todis_6x3_1.JPG;;12/12/2023 13:10:11;568,00;280,00;1;15,9500;DGen Papyrus G5;BB Inchiostrazione elevata [Solutioncare];720x600;00:00:24;00:14:31;;0,00;€0,00;;;;;;;0;;;
OK;Todis_6x3_2.JPG;;12/12/2023 13:15:55;568,00;280,00;1;15,9500;DGen Papyrus G5;BB Inchiostrazione elevata [Solutioncare];720x600;00:00:22;00:14:31;;0,00;€0,00;;;;;;;0;;;
OK;Todis_6x3_Tutti.JPG;;12/12/2023 13:37:16;568,00;280,00;2;31,8500;DGen Papyrus G5;BB Inchiostrazione elevata [Solutioncare];720x600;00:00:23;00:13:32;;0,00;€0,00;;;;;;;0;;;
OK;Decathlon_6x3.JPG;;12/12/2023 15:17:05;568,00;280,00;9;143,1500;DGen Papyrus G5;BB Inchiostrazione elevata [Solutioncare];720x600;00:00:27;16:47:13;;0,00;€0,00;;;;;;;0;;;
OK;Abitare-Morgana_6x3.JPG;;12/12/2023 17:40:14;568,00;280,00;7;111,3500;DGen Papyrus G5;BB Inchiostrazione elevata [Solutioncare];720x600;00:00:26;16:47:13;;0,00;€0,00;;;;;;;0;;;
OK;Unigel_6x3.JPG;;12/12/2023 19:38:17;568,00;280,00;15;238,6000;DGen Papyrus G5;BB Inchiostrazione elevata [Solutioncare];720x600;00:00:21;16:47:13;;0,00;€0,00;;;;;;;0;;;
OK;Unigel_100x140.JPG;;12/12/2023 20:05:46;131,00;95,00;54;67,2000;DGen Papyrus G5;BB Inchiostrazione elevata [Solutioncare];720x600;00:00:05;16:47:13;;0,00;€0,00;;;;;;;0;;;
OK;Unigel_140x200.JPG;;13/12/2023 01:07:55;131,00;194,00;53;134,7000;DGen Papyrus G5;BB Inchiostrazione elevata [Solutioncare];720x600;00:00:08;16:47:13;;0,00;€0,00;;;;;;;0;;;
OK;Zucchero_140x200.JPG;;13/12/2023 03:37:04;131,00;194,00;31;78,8000;DGen Papyrus G5;BB Inchiostrazione elevata [Solutioncare];720x600;00:00:13;16:47:13;;0,00;€0,00;;;;;;;0;;;
OK;WeWillRockYou_140x200.JPG;;13/12/2023 05:04:14;134,00;194,00;32;83,2000;DGen Papyrus G5;BB Inchiostrazione elevata [Solutioncare];720x600;00:00:09;16:47:13;;0,00;€0,00;;;;;;;0;;;
OK;WeWillRockYou_140x200~1.JPG;;13/12/2023 06:34:29;131,00;194,00;32;81,3500;DGen Papyrus G5;BB Inchiostrazione elevata [Solutioncare];720x600;00:00:08;16:47:13;;0,00;€0,00;;;;;;;0;;;
OK;McDonalds_6x3_Amici.JPG;;13/12/2023 08:24:45;568,00;280,00;8;127,2500;DGen Papyrus G5;BB Inchiostrazione elevata [Solutioncare];720x600;00:00:31;02:29:01;;0,00;€0,00;;;;;;;0;;;
OK;McDonalds_6x3_Famiglia.JPG;;13/12/2023 09:32:51;568,00;280,00;9;143,1500;DGen Papyrus G5;BB Inchiostrazione elevata [Solutioncare];720x600;00:00:28;02:29:01;;0,00;€0,00;;;;;;;0;;;
ERROR;BPSA_100x140-3.JPG;;13/12/2023 11:48:39;131,00;95,00;15;18,7000;DGen Papyrus G5;BB Inchiostrazione elevata [Solutioncare];720x600;00:00:07;00:04:02;;0,00;€0,00;;;;;;;0;;;
OK;BPSA_100x140-3.JPG;;13/12/2023 11:53:34;131,00;95,00;15;18,7000;DGen Papyrus G5;BB Inchiostrazione elevata [Solutioncare];720x600;00:00:07;00:12:14;;0,00;€0,00;;;;;;;0;;;
OK;Amaronna_6x3.JPG;;13/12/2023 12:11:44;568,00;280,00;2;31,8500;DGen Papyrus G5;BB Inchiostrazione elevata [Solutioncare];720x600;00:00:25;00:15:50;;0,00;€0,00;;;;;;;0;;;
OK;Amaronna_6x3.JPG;;13/12/2023 13:08:06;568,00;280,00;4;63,6500;DGen Papyrus G5;BB Inchiostrazione elevata [Solutioncare];720x600;00:00:25;00:31:58;;0,00;€0,00;;;;;;;0;;;
OK;ComarLift_6x3.JPG;;13/12/2023 13:41:51;568,00;280,00;3;47,7500;DGen Papyrus G5;BB Inchiostrazione elevata [Solutioncare];720x600;00:00:25;00:34:38;;0,00;€0,00;;;;;;;0;;;
OK;Tardino_6x3.JPG;;13/12/2023 14:07:40;568,00;280,00;1;15,9500;DGen Papyrus G5;BB Inchiostrazione elevata [Solutioncare];720x600;00:00:22;00:34:38;;0,00;€0,00;;;;;;;0;;;
OK;Energy_6x3_Democracy.JPG;;13/12/2023 14:49:15;568,00;280,00;16;254,5000;DGen Papyrus G5;BB Inchiostrazione elevata [Solutioncare];720x600;00:00:22;16:43:33;;0,00;€0,00;;;;;;;0;;;
OK;Energy_6x3_Freedom.JPG;;13/12/2023 19:10:48;568,00;280,00;14;222,7000;DGen Papyrus G5;BB Inchiostrazione elevata [Solutioncare];720x600;00:00:26;16:43:33;;0,00;€0,00;;;;;;;0;;;
OK;Energy_6x3_Stability.JPG;;13/12/2023 23:07:08;568,00;280,00;14;222,7000;DGen Papyrus G5;BB Inchiostrazione elevata [Solutioncare];720x600;00:00:24;16:43:33;;0,00;€0,00;;;;;;;0;;;
OK;Energy_6x3_Unity.JPG;;14/12/2023 03:03:06;568,00;280,00;16;254,5000;DGen Papyrus G5;BB Inchiostrazione elevata [Solutioncare];720x600;00:00:21;16:43:33;;0,00;€0,00;;;;;;;0;;;
OK;Energy_6x3_Democracy.JPG;;14/12/2023 08:09:09;568,00;280,00;4;63,6500;DGen Papyrus G5;BB Inchiostrazione elevata [Solutioncare];720x600;00:00:22;00:59:43;;0,00;€0,00;;;;;;;0;;;
OK;Energy_100x140_Stability.JPG;;14/12/2023 09:29:42;131,00;95,00;15;18,7000;DGen Papyrus G5;BB Inchiostrazione elevata [Solutioncare];720x600;00:00:07;00:06:31;;0,00;€0,00;;;;;;;0;;;
OK;Energy_140x200_Democracy.JPG;;14/12/2023 09:58:43;131,00;194,00;1;2,5500;DGen Papyrus G5;BB Inchiostrazione elevata [Solutioncare];720x600;00:00:09;00:47:46;;0,00;€0,00;;;;;;;0;;;
OK;Energy_140x200_Freedom.JPG;;14/12/2023 09:58:52;131,00;194,00;1;2,5500;DGen Papyrus G5;BB Inchiostrazione elevata [Solutioncare];720x600;00:00:12;00:47:46;;0,00;€0,00;;;;;;;0;;;
OK;Energy_140x200_Stability.JPG;;14/12/2023 09:59:02;131,00;194,00;2;5,1000;DGen Papyrus G5;BB Inchiostrazione elevata [Solutioncare];720x600;00:00:11;00:47:46;;0,00;€0,00;;;;;;;0;;;
OK;Energy_140x200_Unity.JPG;;14/12/2023 10:02:03;131,00;194,00;1;2,5500;DGen Papyrus G5;BB Inchiostrazione elevata [Solutioncare];720x600;00:00:09;00:47:46;;0,00;€0,00;;;;;;;0;;;
OK;Energy_6x3_Freedom.JPG;;14/12/2023 10:04:23;568,00;280,00;2;31,8500;DGen Papyrus G5;BB Inchiostrazione elevata [Solutioncare];720x600;00:00:26;00:47:46;;0,00;€0,00;;;;;;;0;;;
OK;Energy_6x3_Stability.JPG;;14/12/2023 10:32:49;568,00;280,00;1;15,9500;DGen Papyrus G5;BB Inchiostrazione elevata [Solutioncare];720x600;00:00:24;00:47:46;;0,00;€0,00;;;;;;;0;;;
OK;Energy_100x140_Freedom.JPG;;14/12/2023 11:08:43;131,00;95,00;85;105,8000;DGen Papyrus G5;BB Inchiostrazione elevata [Solutioncare];720x600;00:00:07;01:30:39;;0,00;€0,00;;;;;;;0;;;
OK;Energy_100x140_Stability.JPG;;14/12/2023 12:39:36;131,00;95,00;70;87,1500;DGen Papyrus G5;BB Inchiostrazione elevata [Solutioncare];720x600;00:00:07;01:30:40;;0,00;€0,00;;;;;;;0;;;
ERROR;Energy_140x200_Democracy.JPG;;14/12/2023 15:14:42;131,00;194,00;79;200,8000;DGen Papyrus G5;BB Inchiostrazione elevata [Solutioncare];720x600;00:00:09;17:10:59;;0,00;€0,00;;;;;;;0;;;
ERROR;Energy_140x200_Freedom.JPG;;14/12/2023 18:42:50;131,00;194,00;79;200,8000;DGen Papyrus G5;BB Inchiostrazione elevata [Solutioncare];720x600;00:00:12;17:10:59;;0,00;€0,00;;;;;;;0;;;
ERROR;Energy_140x200_Unity.JPG;;14/12/2023 22:20:27;131,00;194,00;79;200,8000;DGen Papyrus G5;BB Inchiostrazione elevata [Solutioncare];720x600;00:00:09;17:10:59;;0,00;€0,00;;;;;;;0;;;
ERROR;Energy_140x200_Stability.JPG;;15/12/2023 01:56:54;131,00;194,00;79;200,8000;DGen Papyrus G5;BB Inchiostrazione elevata [Solutioncare];720x600;00:00:11;17:10:59;;0,00;€0,00;;;;;;;0;;;
ERROR;LoveRepair_6x3_1.JPG;;15/12/2023 05:34:43;568,00;280,00;2;31,8500;DGen Papyrus G5;BB Inchiostrazione elevata [Solutioncare];720x600;00:00:20;17:10:59;;0,00;€0,00;;;;;;;0;;;
ERROR;LoveRepair_6x3_2.JPG;;15/12/2023 06:08:19;568,00;280,00;3;47,7500;DGen Papyrus G5;BB Inchiostrazione elevata [Solutioncare];720x600;00:00:20;17:10:59;;0,00;€0,00;;;;;;;0;;;
ERROR;LoveRepair_100x140_1.JPG;;15/12/2023 06:59:09;131,00;95,00;16;19,9500;DGen Papyrus G5;BB Inchiostrazione elevata [Solutioncare];720x600;00:00:04;17:10:59;;0,00;€0,00;;;;;;;0;;;
ERROR;LoveRepair_100x140_2.JPG;;15/12/2023 07:21:09;131,00;95,00;16;19,9500;DGen Papyrus G5;BB Inchiostrazione elevata [Solutioncare];720x600;00:00:04;17:10:59;;0,00;€0,00;;;;;;;0;;;
ERROR;LoveRepair_140x200_1.JPG;;15/12/2023 07:44:04;131,00;194,00;8;20,3500;DGen Papyrus G5;BB Inchiostrazione elevata [Solutioncare];720x600;00:00:07;17:10:59;;0,00;€0,00;;;;;;;0;;;
OK;LoveRepair_140x200_1.JPG;;15/12/2023 08:26:27;131,00;194,00;8;20,3500;DGen Papyrus G5;BB Inchiostrazione elevata [Solutioncare];720x600;00:00:07;00:13:59;;0,00;€0,00;;;;;;;0;;;
OK;LoveRepair_140x200_2.JPG;;15/12/2023 09:08:07;131,00;194,00;8;20,3500;DGen Papyrus G5;BB Inchiostrazione elevata [Solutioncare];720x600;00:00:07;00:12:47;;0,00;€0,00;;;;;;;0;;;
OK;3DCash&Carry_6x3.JPG;;15/12/2023 09:27:32;568,05;280,00;5;79,5500;DGen Papyrus G5;BB Inchiostrazione elevata [Solutioncare];720x600;00:00:23;00:41:14;;0,00;€0,00;;;;;;;0;;;
OK;Unieuro_6x6_1.JPG;;15/12/2023 10:20:48;568,00;570,00;1;32,4000;DGen Papyrus G5;BB Inchiostrazione elevata [Solutioncare];720x600;00:00:51;00:50:56;;0,00;€0,00;;;;;;;0;;;
OK;Unieuro_6x6_2.JPG;;15/12/2023 10:42:33;568,00;570,00;1;32,4000;DGen Papyrus G5;BB Inchiostrazione elevata [Solutioncare];720x600;00:00:55;00:50:56;;0,00;€0,00;;;;;;;0;;;
OK;Unigel_6x3.JPG;;15/12/2023 11:21:51;143,50;141,00;1;2,0500;DGen Papyrus G5;BB Inchiostrazione elevata [Solutioncare];720x600;00:00:21;00:00:07;;0,00;€0,00;;;;;;;0;;;
OK;Conad_6x3.JPG;;15/12/2023 11:35:19;568,00;280,00;6;95,4500;DGen Papyrus G5;BB Inchiostrazione elevata [Solutioncare];720x600;00:00:23;01:19:05;;0,00;€0,00;;;;;;;0;;;
OK;Conad_6x3.JPG;;15/12/2023 13:34:41;568,00;280,00;1;15,9500;DGen Papyrus G5;BB Inchiostrazione elevata [Solutioncare];720x600;00:00:23;00:08:20;;0,00;€0,00;;;;;;;0;;;
ERROR;Energy_12x3_Democracy.JPG;;15/12/2023 15:23:41;1.180,00;278,00;1;32,8500;DGen Papyrus G5;BB Inchiostrazione elevata [Solutioncare];720x600;00:00:42;00:00:39;;0,00;€0,00;;;;;;;0;;;
ERROR;Energy_12x3_Democracy.JPG;;15/12/2023 15:26:13;1.180,00;278,00;1;32,8500;DGen Papyrus G5;BB Inchiostrazione elevata [Solutioncare];720x600;00:00:42;20:16:49;;0,00;€0,00;;;;;;;0;;;
ERROR;Energy_12x3_Freedom.JPG;;15/12/2023 15:55:08;1.180,00;278,00;1;32,8500;DGen Papyrus G5;BB Inchiostrazione elevata [Solutioncare];720x600;00:00:42;20:16:49;;0,00;€0,00;;;;;;;0;;;
ERROR;Energy_12x3_Stability.JPG;;15/12/2023 16:33:12;1.180,00;278,00;2;65,6500;DGen Papyrus G5;BB Inchiostrazione elevata [Solutioncare];720x600;00:00:46;20:16:49;;0,00;€0,00;;;;;;;0;;;
ERROR;Energy_12x3_Freedom~1.JPG;;15/12/2023 17:47:21;1.180,00;278,00;1;32,8500;DGen Papyrus G5;BB Inchiostrazione elevata [Solutioncare];720x600;00:00:42;20:16:49;;0,00;€0,00;;;;;;;0;;;
ERROR;Energy_12x3_Democracy~1.JPG;;15/12/2023 18:24:33;1.180,00;278,00;1;32,8500;DGen Papyrus G5;BB Inchiostrazione elevata [Solutioncare];720x600;00:00:42;20:16:49;;0,00;€0,00;;;;;;;0;;;
ERROR;Energy_6x6_Democracy.JPG;;15/12/2023 19:02:39;568,00;570,00;2;64,8000;DGen Papyrus G5;BB Inchiostrazione elevata [Solutioncare];720x600;00:00:39;20:16:49;;0,00;€0,00;;;;;;;0;;;
ERROR;Energy_6x6_Freedom.JPG;;15/12/2023 20:10:33;568,00;570,00;1;32,4000;DGen Papyrus G5;BB Inchiostrazione elevata [Solutioncare];720x600;00:00:48;20:16:49;;0,00;€0,00;;;;;;;0;;;
ERROR;Energy_6x6_Stability.JPG;;15/12/2023 20:44:56;568,00;570,00;2;64,8000;DGen Papyrus G5;BB Inchiostrazione elevata [Solutioncare];720x600;00:00:45;20:16:49;;0,00;€0,00;;;;;;;0;;;
ERROR;Energy_6x3_Democracy.JPG;;15/12/2023 21:52:57;568,00;280,00;4;63,6500;DGen Papyrus G5;BB Inchiostrazione elevata [Solutioncare];720x600;00:00:21;20:16:49;;0,00;€0,00;;;;;;;0;;;
ERROR;Energy_6x3_Freedom.JPG;;15/12/2023 23:00:56;568,00;280,00;6;95,4500;DGen Papyrus G5;BB Inchiostrazione elevata [Solutioncare];720x600;00:00:26;20:16:49;;0,00;€0,00;;;;;;;0;;;
ERROR;Energy_6x3_Stability.JPG;;16/12/2023 00:41:39;568,00;280,00;6;95,4500;DGen Papyrus G5;BB Inchiostrazione elevata [Solutioncare];720x600;00:00:25;20:16:49;;0,00;€0,00;;;;;;;0;;;
ERROR;Energy_6x3_Unity.JPG;;16/12/2023 02:22:41;568,00;280,00;4;63,6500;DGen Papyrus G5;BB Inchiostrazione elevata [Solutioncare];720x600;00:00:22;20:16:49;;0,00;€0,00;;;;;;;0;;;
ERROR;BolleGiuGiu_420x200_Tav1.JPG;;16/12/2023 03:29:40;405,00;194,00;3;23,6000;DGen Papyrus G5;BB Inchiostrazione elevata [Solutioncare];720x600;00:00:25;20:16:49;;0,00;€0,00;;;;;;;0;;;
ERROR;BolleGiuGiu_420x200_Tav2.JPG;;16/12/2023 03:55:51;405,00;194,00;3;23,6000;DGen Papyrus G5;BB Inchiostrazione elevata [Solutioncare];720x600;00:00:26;20:16:49;;0,00;€0,00;;;;;;;0;;;
ERROR;BolleGiuGiu_420x200_Tav3.JPG;;16/12/2023 04:21:56;405,00;194,00;2;15,7500;DGen Papyrus G5;BB Inchiostrazione elevata [Solutioncare];720x600;00:00:25;20:16:49;;0,00;€0,00;;;;;;;0;;;
ERROR;BolleGiuGiu_280x200_Compagnia1.JPG;;16/12/2023 04:39:45;270,05;194,00;4;21,0000;DGen Papyrus G5;BB Inchiostrazione elevata [Solutioncare];720x600;00:00:24;20:16:49;;0,00;€0,00;;;;;;;0;;;
ERROR;BolleGiuGiu_280x200_Compagnia2.JPG;;16/12/2023 05:03:00;270,05;194,00;4;21,0000;DGen Papyrus G5;BB Inchiostrazione elevata [Solutioncare];720x600;00:00:21;20:16:49;;0,00;€0,00;;;;;;;0;;;
ERROR;BolleGiuGiu_280x200_Compagnia3.JPG;;16/12/2023 05:25:30;270,05;194,00;4;21,0000;DGen Papyrus G5;BB Inchiostrazione elevata [Solutioncare];720x600;00:00:23;20:16:49;;0,00;€0,00;;;;;;;0;;;
ERROR;BolleGiuGiu_280x200_Compagnia4.JPG;;16/12/2023 05:48:54;270,05;194,00;4;21,0000;DGen Papyrus G5;BB Inchiostrazione elevata [Solutioncare];720x600;00:00:20;20:16:49;;0,00;€0,00;;;;;;;0;;;
ERROR;BolleGiuGiu_6x3_Compgnia1.JPG;;16/12/2023 06:09:33;568,00;280,00;1;15,9500;DGen Papyrus G5;BB Inchiostrazione elevata [Solutioncare];720x600;00:00:24;20:16:49;;0,00;€0,00;;;;;;;0;;;
ERROR;BolleGiuGiu_280x200_Tav1.JPG;;16/12/2023 06:14:27;270,05;194,00;10;52,4000;DGen Papyrus G5;BB Inchiostrazione elevata [Solutioncare];720x600;00:00:23;20:16:49;;0,00;€0,00;;;;;;;0;;;
ERROR;BolleGiuGiu_280x200_Tav2.JPG;;16/12/2023 07:12:41;270,05;194,00;2;10,5000;DGen Papyrus G5;BB Inchiostrazione elevata [Solutioncare];720x600;00:00:24;20:16:49;;0,00;€0,00;;;;;;;0;;;
ERROR;BolleGiuGiu_280x200_Tav3.JPG;;16/12/2023 07:23:51;270,05;194,00;6;31,4500;DGen Papyrus G5;BB Inchiostrazione elevata [Solutioncare];720x600;00:00:24;20:16:49;;0,00;€0,00;;;;;;;0;;;
ERROR;BolleGiuGiu_280x200_Tav4.JPG;;16/12/2023 07:58:25;270,05;194,00;6;31,4500;DGen Papyrus G5;BB Inchiostrazione elevata [Solutioncare];720x600;00:00:23;20:16:49;;0,00;€0,00;;;;;;;0;;;
ERROR;BolleGiuGiu_6x3_Compgnia2.JPG;;16/12/2023 08:53:44;568,00;280,00;1;15,9500;DGen Papyrus G5;BB Inchiostrazione elevata [Solutioncare];720x600;00:00:27;20:16:49;;0,00;€0,00;;;;;;;0;;;
ERROR;BolleGiuGiu_6x3_Tav1.JPG;;16/12/2023 09:08:19;568,00;280,00;7;111,3500;DGen Papyrus G5;BB Inchiostrazione elevata [Solutioncare];720x600;00:00:28;20:16:49;;0,00;€0,00;;;;;;;0;;;
ERROR;BolleGiuGiu_6x3_Tav2.JPG;;16/12/2023 10:53:26;568,00;280,00;2;31,8500;DGen Papyrus G5;BB Inchiostrazione elevata [Solutioncare];720x600;00:00:29;20:16:49;;0,00;€0,00;;;;;;;0;;;
ERROR;ConcertoCapodanno_140x200_A.JPG;;16/12/2023 11:22:18;131,00;194,00;20;50,8500;DGen Papyrus G5;BB Inchiostrazione elevata [Solutioncare];720x600;00:00:10;20:16:49;;0,00;€0,00;;;;;;;0;;;
OK;ConcertoCapodanno_140x200_A.JPG;;16/12/2023 12:21:05;131,00;194,00;20;50,8500;DGen Papyrus G5;BB Inchiostrazione elevata [Solutioncare];720x600;00:00:10;14:54:54;;0,00;€0,00;;;;;;;0;;;
OK;ConcertoCapodanno_140x200_B.JPG;;16/12/2023 13:10:35;131,00;194,00;40;101,7000;DGen Papyrus G5;BB Inchiostrazione elevata [Solutioncare];720x600;00:00:16;14:54:54;;0,00;€0,00;;;;;;;0;;;
OK;Max_6x3_PA.JPG;;16/12/2023 15:06:20;568,00;280,00;5;79,5500;DGen Papyrus G5;BB Inchiostrazione elevata [Solutioncare];720x600;00:00:20;14:54:54;;0,00;€0,00;;;;;;;0;;;
OK;Max_100x140.JPG;;16/12/2023 16:30:43;131,00;95,00;10;12,4500;DGen Papyrus G5;BB Inchiostrazione elevata [Solutioncare];720x600;00:00:05;14:54:54;;0,00;€0,00;;;;;;;0;;;
OK;Max_140x200.JPG;;16/12/2023 16:44:30;131,00;194,00;11;28,0000;DGen Papyrus G5;BB Inchiostrazione elevata [Solutioncare];720x600;00:00:09;14:54:54;;0,00;€0,00;;;;;;;0;;;
OK;Colantoni_6x3.JPG;;16/12/2023 17:16:16;568,00;280,00;8;127,2500;DGen Papyrus G5;BB Inchiostrazione elevata [Solutioncare];720x600;00:00:26;14:54:54;;0,00;€0,00;;;;;;;0;;;
OK;Colantoni_12x3.JPG;;16/12/2023 19:31:46;1.180,00;278,00;2;65,6500;DGen Papyrus G5;BB Inchiostrazione elevata [Solutioncare];720x600;00:00:47;14:54:54;;0,00;€0,00;;;;;;;0;;;
OK;Colantoni_100x140.JPG;;16/12/2023 20:45:55;131,00;95,00;81;100,8000;DGen Papyrus G5;BB Inchiostrazione elevata [Solutioncare];720x600;00:00:09;14:54:54;;0,00;€0,00;;;;;;;0;;;
OK;GeD_140x200_Branc1.JPG;;16/12/2023 22:41:23;131,00;95,00;4;5,0000;DGen Papyrus G5;BB Inchiostrazione elevata [Solutioncare];720x600;00:00:09;14:54:54;;0,00;€0,00;;;;;;;0;;;
OK;Conad_6x3_03.JPG;;16/12/2023 22:46:52;568,00;280,00;10;159,0500;DGen Papyrus G5;BB Inchiostrazione elevata [Solutioncare];720x600;00:00:29;14:54:54;;0,00;€0,00;;;;;;;0;;;
OK;Essepiauto_6x3.JPG;;17/12/2023 01:35:33;568,00;280,00;6;95,4500;DGen Papyrus G5;BB Inchiostrazione elevata [Solutioncare];720x600;00:00:24;14:54:54;;0,00;€0,00;;;;;;;0;;;
OK;Essepiauto_6x3~1.JPG;;18/12/2023 08:19:07;568,00;280,00;2;31,8500;DGen Papyrus G5;BB Inchiostrazione elevata [Solutioncare];720x600;00:00:18;00:13:25;;0,00;€0,00;;;;;;;0;;;
OK;Essepiauto_6x3~1.JPG;;18/12/2023 08:38:14;568,00;280,00;1;15,9500;DGen Papyrus G5;BB Inchiostrazione elevata [Solutioncare];720x600;00:00:18;00:05:35;;0,00;€0,00;;;;;;;0;;;
OK;CashCarry_150x70_3.JPG;;18/12/2023 08:53:20;144,05;67,05;6;5,8000;DGen Papyrus G5;BB Inchiostrazione elevata [Solutioncare];720x600;00:00:04;00:03:15;;0,00;€0,00;;;;;;;0;;;
OK;CashCarry_150x70_4.JPG;;18/12/2023 08:53:41;144,05;67,05;6;5,8000;DGen Papyrus G5;BB Inchiostrazione elevata [Solutioncare];720x600;00:00:04;00:03:15;;0,00;€0,00;;;;;;;0;;;
OK;CashCarry_150x70_1.JPG;;18/12/2023 09:11:48;144,00;67,05;6;5,8000;DGen Papyrus G5;BB Inchiostrazione elevata [Solutioncare];720x600;00:00:04;00:55:35;;0,00;€0,00;;;;;;;0;;;
OK;CashCarry_150x70_2.JPG;;18/12/2023 09:12:08;144,05;67,05;6;5,8000;DGen Papyrus G5;BB Inchiostrazione elevata [Solutioncare];720x600;00:00:04;00:55:35;;0,00;€0,00;;;;;;;0;;;
OK;CashCarry_6x3.JPG;;18/12/2023 09:15:03;568,00;280,00;3;47,7500;DGen Papyrus G5;BB Inchiostrazione elevata [Solutioncare];720x600;00:00:25;00:55:35;;0,00;€0,00;;;;;;;0;;;
OK;CashCarry_140x200.JPG;;18/12/2023 09:42:13;131,00;194,00;16;40,7000;DGen Papyrus G5;BB Inchiostrazione elevata [Solutioncare];720x600;00:00:09;00:55:35;;0,00;€0,00;;;;;;;0;;;
OK;DVP_6x3.JPG;;18/12/2023 10:09:26;568,00;280,00;1;15,9500;DGen Papyrus G5;BB Inchiostrazione elevata [Solutioncare];720x600;00:00:22;00:06:05;;0,00;€0,00;;;;;;;0;;;
OK;NSA_6x3_Citroen.JPG;;18/12/2023 10:24:02;568,00;280,00;2;31,8500;DGen Papyrus G5;BB Inchiostrazione elevata [Solutioncare];720x600;00:00:21;00:17:18;;0,00;€0,00;;;;;;;0;;;
OK;NuovaSicilAuto_140x200_Citroen.JPG;;18/12/2023 10:38:19;131,00;194,00;2;5,1000;DGen Papyrus G5;BB Inchiostrazione elevata [Solutioncare];720x600;00:00:07;00:17:18;;0,00;€0,00;;;;;;;0;;;
OK;IlCentesimo_140x200_2.JPG;;18/12/2023 10:54:04;131,00;194,00;3;7,6500;DGen Papyrus G5;BB Inchiostrazione elevata [Solutioncare];720x600;00:00:10;00:11:21;;0,00;€0,00;;;;;;;0;;;
OK;IlCentesimo_140x200_4.JPG;;18/12/2023 10:54:32;131,00;194,00;3;7,6500;DGen Papyrus G5;BB Inchiostrazione elevata [Solutioncare];720x600;00:00:10;00:11:21;;0,00;€0,00;;;;;;;0;;;
OK;IlCentesimo_140x200_1.JPG;;18/12/2023 10:58:39;131,00;194,00;2;5,1000;DGen Papyrus G5;BB Inchiostrazione elevata [Solutioncare];720x600;00:00:09;00:11:21;;0,00;€0,00;;;;;;;0;;;
OK;IlCentesimo_140x200_3.JPG;;18/12/2023 11:01:35;131,00;194,00;2;5,1000;DGen Papyrus G5;BB Inchiostrazione elevata [Solutioncare];720x600;00:00:10;00:11:21;;0,00;€0,00;;;;;;;0;;;
OK;Serena_6x3_1.JPG;;18/12/2023 11:21:29;568,00;280,00;5;79,5500;DGen Papyrus G5;BB Inchiostrazione elevata [Solutioncare];720x600;00:00:26;01:16:55;;0,00;€0,00;;;;;;;0;;;
OK;Serena_6x3_2.JPG;;18/12/2023 12:02:18;568,00;280,00;4;63,6500;DGen Papyrus G5;BB Inchiostrazione elevata [Solutioncare];720x600;00:00:24;01:16:55;;0,00;€0,00;;;;;;;0;;;
OK;Gea_6x6_new.JPG;;18/12/2023 12:40:21;568,00;570,00;3;97,1500;DGen Papyrus G5;BB Inchiostrazione elevata [Solutioncare];720x600;00:00:46;00:53:42;;0,00;€0,00;;;;;;;0;;;
OK;NuovaSicilAuto_140x200_Citroen.JPG;;18/12/2023 13:53:15;131,00;194,00;6;15,2500;DGen Papyrus G5;BB Inchiostrazione elevata [Solutioncare];720x600;00:00:07;00:17:59;;0,00;€0,00;;;;;;;0;;;
OK;NSA_280x200_Citroen.JPG;;18/12/2023 13:58:17;270,05;194,00;1;5,2500;DGen Papyrus G5;BB Inchiostrazione elevata [Solutioncare];720x600;00:00:17;00:17:59;;0,00;€0,00;;;;;;;0;;;
OK;manifesto_md_N1_6X3.PDF;;18/12/2023 14:02:19;568,00;285,00;1;16,2000;DGen Papyrus G5;BB Inchiostrazione elevata [Solutioncare];720x600;00:00:55;00:17:59;;0,00;€0,00;;;;;;;0;;;
ERROR;Sispi_100x140.JPG;;18/12/2023 14:32:47;131,00;95,00;60;74,7000;DGen Papyrus G5;BB Inchiostrazione elevata [Solutioncare];720x600;00:00:07;00:02:50;;0,00;€0,00;;;;;;;0;;;
OK;Sispi_100x140.JPG;;18/12/2023 14:36:29;131,00;95,00;50;62,2500;DGen Papyrus G5;BB Inchiostrazione elevata [Solutioncare];720x600;00:00:07;00:59:30;;0,00;€0,00;;;;;;;0;;;
ERROR;Serena_6x6.JPG;;18/12/2023 15:39:04;568,00;570,00;1;32,4000;DGen Papyrus G5;BB Inchiostrazione elevata [Solutioncare];720x600;00:00:46;00:10:32;;0,00;€0,00;;;;;;;0;;;
OK;Serena_6x6.JPG;;18/12/2023 15:50:40;568,00;570,00;1;32,4000;DGen Papyrus G5;BB Inchiostrazione elevata [Solutioncare];720x600;00:00:46;00:31:50;;0,00;€0,00;;;;;;;0;;;
OK;Serena_140x200_1.JPG;;18/12/2023 16:01:56;131,00;194,00;4;10,2000;DGen Papyrus G5;BB Inchiostrazione elevata [Solutioncare];720x600;00:00:10;00:31:50;;0,00;€0,00;;;;;;;0;;;
OK;Serena_140x200_2.JPG;;18/12/2023 16:07:56;131,00;195,00;4;10,2500;DGen Papyrus G5;BB Inchiostrazione elevata [Solutioncare];720x600;00:00:11;00:31:50;;0,00;€0,00;;;;;;;0;;;
OK;Serena_140x200_3.JPG;;18/12/2023 16:14:01;131,00;194,00;5;12,7500;DGen Papyrus G5;BB Inchiostrazione elevata [Solutioncare];720x600;00:00:10;00:31:50;;0,00;€0,00;;;;;;;0;;;
OK;Conad_12x3.JPG;;18/12/2023 16:49:53;1.180,00;278,00;1;32,8500;DGen Papyrus G5;BB Inchiostrazione elevata [Solutioncare];720x600;00:00:37;07:25:16;;0,00;€0,00;;;;;;;0;;;
OK;Sisa_100x140.JPG;;18/12/2023 17:18:58;131,00;95,00;28;34,8500;DGen Papyrus G5;BB Inchiostrazione elevata [Solutioncare];720x600;00:00:07;07:25:16;;0,00;€0,00;;;;;;;0;;;
OK;Sisa_100x140_2.JPG;;18/12/2023 17:59:18;131,00;95,00;29;36,1000;DGen Papyrus G5;BB Inchiostrazione elevata [Solutioncare];720x600;00:00:06;07:25:16;;0,00;€0,00;;;;;;;0;;;
OK;Sisa_140x200.JPG;;18/12/2023 18:40:07;131,00;194,00;16;40,7000;DGen Papyrus G5;BB Inchiostrazione elevata [Solutioncare];720x600;00:00:12;07:25:16;;0,00;€0,00;;;;;;;0;;;
OK;Sisa_140x200_2.JPG;;18/12/2023 19:26:47;131,00;194,00;16;40,7000;DGen Papyrus G5;BB Inchiostrazione elevata [Solutioncare];720x600;00:00:10;07:25:16;;0,00;€0,00;;;;;;;0;;;
OK;Sisa_6x3.JPG;;18/12/2023 20:12:31;568,00;280,00;8;127,2500;DGen Papyrus G5;BB Inchiostrazione elevata [Solutioncare];720x600;00:00:27;07:25:16;;0,00;€0,00;;;;;;;0;;;
OK;Sispi_Butterfly.JPG;;18/12/2023 21:38:58;143,00;67,05;11;10,5500;DGen Papyrus G5;BB Inchiostrazione elevata [Solutioncare];720x600;00:00:04;07:25:16;;0,00;€0,00;;;;;;;0;;;
OK;Sispi_100x140.JPG;;18/12/2023 22:38:40;131,00;95,00;68;84,6500;DGen Papyrus G5;BB Inchiostrazione elevata [Solutioncare];720x600;00:00:07;07:25:16;;0,00;€0,00;;;;;;;0;;;
OK;AMG_280x200.JPG;;19/12/2023 08:20:46;270,05;194,00;39;204,3000;DGen Papyrus G5;BB Inchiostrazione elevata [Solutioncare];720x600;00:00:26;03:35:26;;0,00;€0,00;;;;;;;0;;;
OK;AMG_420x200.JPG;;19/12/2023 12:11:09;405,00;194,00;10;78,6000;DGen Papyrus G5;BB Inchiostrazione elevata [Solutioncare];720x600;00:00:29;01:17:45;;0,00;€0,00;;;;;;;0;;;
ERROR;Bruno_LT_6x6_1.JPG;;19/12/2023 13:31:33;568,00;570,00;1;32,4000;DGen Papyrus G5;BB Inchiostrazione elevata [Solutioncare];720x600;00:00:40;00:06:52;;0,00;€0,00;;;;;;;0;;;
OK;AMG_6x3.JPG;;19/12/2023 13:48:59;568,00;280,00;7;111,3500;DGen Papyrus G5;BB Inchiostrazione elevata [Solutioncare];720x600;00:00:29;01:49:52;;0,00;€0,00;;;;;;;0;;;
OK;noemi_6x.JPG;;19/12/2023 15:39:16;560,00;285,00;1;16,0000;DGen Papyrus G5;BB Inchiostrazione elevata [Solutioncare];720x600;00:00:23;00:17:16;;0,00;€0,00;;;;;;;0;;;
OK;Cascino_6x3_1.JPG;;19/12/2023 16:27:08;568,00;280,00;2;31,8500;DGen Papyrus G5;BB Inchiostrazione elevata [Solutioncare];720x600;00:00:16;11:24:01;;0,00;€0,00;;;;;;;0;;;
OK;Cascino_6x3_2.JPG;;19/12/2023 16:52:54;568,00;280,00;2;31,8500;DGen Papyrus G5;BB Inchiostrazione elevata [Solutioncare];720x600;00:00:15;11:24:01;;0,00;€0,00;;;;;;;0;;;
OK;Cascino_6x3_3.JPG;;19/12/2023 17:26:26;568,00;280,00;2;31,8500;DGen Papyrus G5;BB Inchiostrazione elevata [Solutioncare];720x600;00:00:16;11:24:01;;0,00;€0,00;;;;;;;0;;;
OK;Cascino_6x3_4.JPG;;19/12/2023 18:01:01;568,00;280,00;2;31,8500;DGen Papyrus G5;BB Inchiostrazione elevata [Solutioncare];720x600;00:00:16;11:24:01;;0,00;€0,00;;;;;;;0;;;
OK;Cascino_6x3_Natale.JPG;;19/12/2023 18:34:37;568,00;280,00;7;111,3500;DGen Papyrus G5;BB Inchiostrazione elevata [Solutioncare];720x600;00:00:17;11:24:01;;0,00;€0,00;;;;;;;0;;;
OK;Cascino_100x140_1-2copie.JPG;;19/12/2023 20:32:28;131,00;95,00;7;8,7500;DGen Papyrus G5;BB Inchiostrazione elevata [Solutioncare];720x600;00:00:04;11:24:01;;0,00;€0,00;;;;;;;0;;;
OK;Cascino_100x140_2-2copie.JPG;;19/12/2023 20:42:04;131,00;95,00;7;8,7500;DGen Papyrus G5;BB Inchiostrazione elevata [Solutioncare];720x600;00:00:05;11:24:01;;0,00;€0,00;;;;;;;0;;;
OK;Cascino_100x140_3.JPG;;19/12/2023 20:51:43;131,00;95,00;7;8,7500;DGen Papyrus G5;BB Inchiostrazione elevata [Solutioncare];720x600;00:00:05;11:24:01;;0,00;€0,00;;;;;;;0;;;
OK;Cascino_100x140_4.JPG;;19/12/2023 21:02:10;131,00;95,00;7;8,7500;DGen Papyrus G5;BB Inchiostrazione elevata [Solutioncare];720x600;00:00:05;11:24:01;;0,00;€0,00;;;;;;;0;;;
OK;Cascino_100x140_5.JPG;;19/12/2023 21:11:47;131,00;95,00;7;8,7500;DGen Papyrus G5;BB Inchiostrazione elevata [Solutioncare];720x600;00:00:05;11:24:01;;0,00;€0,00;;;;;;;0;;;
OK;Cascino_100x140_7-2copie.JPG;;19/12/2023 21:21:31;131,00;95,00;7;8,7500;DGen Papyrus G5;BB Inchiostrazione elevata [Solutioncare];720x600;00:00:05;11:24:01;;0,00;€0,00;;;;;;;0;;;
OK;Cascino_100x140_8.JPG;;19/12/2023 21:32:31;131,00;95,00;7;8,7500;DGen Papyrus G5;BB Inchiostrazione elevata [Solutioncare];720x600;00:00:05;11:24:01;;0,00;€0,00;;;;;;;0;;;
OK;Cascino_100x140_Natale-20Copie.JPG;;19/12/2023 21:42:05;131,00;95,00;20;24,9000;DGen Papyrus G5;BB Inchiostrazione elevata [Solutioncare];720x600;00:00:07;11:24:01;;0,00;€0,00;;;;;;;0;;;
OK;Cascino_140x200_1.JPG;;19/12/2023 22:10:28;131,00;194,00;9;22,9000;DGen Papyrus G5;BB Inchiostrazione elevata [Solutioncare];720x600;00:00:08;11:24:01;;0,00;€0,00;;;;;;;0;;;
OK;Cascino_140x200_2.JPG;;19/12/2023 22:36:38;131,00;194,00;9;22,9000;DGen Papyrus G5;BB Inchiostrazione elevata [Solutioncare];720x600;00:00:08;11:24:01;;0,00;€0,00;;;;;;;0;;;
OK;Cascino_140x200_3.JPG;;19/12/2023 23:02:45;131,00;194,00;9;22,9000;DGen Papyrus G5;BB Inchiostrazione elevata [Solutioncare];720x600;00:00:08;11:24:01;;0,00;€0,00;;;;;;;0;;;
OK;Cascino_140x200_4.JPG;;19/12/2023 23:27:59;131,00;194,00;9;22,9000;DGen Papyrus G5;BB Inchiostrazione elevata [Solutioncare];720x600;00:00:09;11:24:01;;0,00;€0,00;;;;;;;0;;;
OK;Cascino_140x200_5.JPG;;19/12/2023 23:54:03;131,00;194,00;9;22,9000;DGen Papyrus G5;BB Inchiostrazione elevata [Solutioncare];720x600;00:00:08;11:24:01;;0,00;€0,00;;;;;;;0;;;
OK;Cascino_140x200_6.JPG;;20/12/2023 00:20:23;131,00;194,00;9;22,9000;DGen Papyrus G5;BB Inchiostrazione elevata [Solutioncare];720x600;00:00:09;11:24:01;;0,00;€0,00;;;;;;;0;;;
OK;Cascino_140x200_7.JPG;;20/12/2023 00:46:37;131,00;194,00;9;22,9000;DGen Papyrus G5;BB Inchiostrazione elevata [Solutioncare];720x600;00:00:09;11:24:01;;0,00;€0,00;;;;;;;0;;;
OK;Cascino_140x200_8.JPG;;20/12/2023 01:12:49;131,00;194,00;9;22,9000;DGen Papyrus G5;BB Inchiostrazione elevata [Solutioncare];720x600;00:00:08;11:24:01;;0,00;€0,00;;;;;;;0;;;
OK;Cascino_140x200_Natale-34Copie.JPG;;20/12/2023 01:39:07;131,00;194,00;34;86,4500;DGen Papyrus G5;BB Inchiostrazione elevata [Solutioncare];720x600;00:00:11;11:24:01;;0,00;€0,00;;;;;;;0;;;
OK;Cascino_6x3_Termini.JPG;;20/12/2023 02:13:35;568,00;280,00;2;31,8500;DGen Papyrus G5;BB Inchiostrazione elevata [Solutioncare];720x600;00:00:16;11:24:01;;0,00;€0,00;;;;;;;0;;;
OK;manifesto_6x3_Smart_Auguri.JPG;;20/12/2023 08:25:18;568,00;285,00;7;113,3500;DGen Papyrus G5;BB Inchiostrazione elevata [Solutioncare];720x600;00:00:23;01:53:37;;0,00;€0,00;;;;;;;0;;;
OK;Cascino_6x3_Natale~1.JPG;;20/12/2023 10:32:22;568,00;280,00;1;15,9500;DGen Papyrus G5;BB Inchiostrazione elevata [Solutioncare];720x600;00:00:16;00:09:54;;0,00;€0,00;;;;;;;0;;;
OK;Unieuro_6x6.JPG;;20/12/2023 10:48:33;568,00;570,00;2;64,8000;DGen Papyrus G5;BB Inchiostrazione elevata [Solutioncare];720x600;00:00:34;00:55:55;;0,00;€0,00;;;;;;;0;;;
OK;Tecnocasa_6x3.JPG;;20/12/2023 12:06:26;568,00;280,00;1;15,9500;DGen Papyrus G5;BB Inchiostrazione elevata [Solutioncare];720x600;00:00:26;02:30:18;;0,00;€0,00;;;;;;;0;;;
OK;Remax_6x3_Francesca.JPG;;20/12/2023 12:14:02;568,00;280,00;3;47,7500;DGen Papyrus G5;BB Inchiostrazione elevata [Solutioncare];720x600;00:00:23;02:30:18;;0,00;€0,00;;;;;;;0;;;
OK;Remax_100x140_Francesca.JPG;;20/12/2023 12:56:59;131,00;95,00;32;39,8500;DGen Papyrus G5;BB Inchiostrazione elevata [Solutioncare];720x600;00:00:07;02:30:18;;0,00;€0,00;;;;;;;0;;;
OK;Magnaroma_6x3_Bagh.JPG;;20/12/2023 13:34:55;568,00;280,00;1;15,9500;DGen Papyrus G5;BB Inchiostrazione elevata [Solutioncare];720x600;00:00:28;02:30:18;;0,00;€0,00;;;;;;;0;;;
OK;Ist.Cervantes_6x3.JPG;;20/12/2023 13:48:36;568,00;280,00;1;15,9500;DGen Papyrus G5;BB Inchiostrazione elevata [Solutioncare];720x600;00:00:19;02:30:18;;0,00;€0,00;;;;;;;0;;;
OK;Ist.Cervantes_100x140.JPG;;20/12/2023 14:03:09;131,00;95,00;16;19,9500;DGen Papyrus G5;BB Inchiostrazione elevata [Solutioncare];720x600;00:00:03;02:30:18;;0,00;€0,00;;;;;;;0;;;
OK;Ist.Cervantes_6x3.JPG;;20/12/2023 14:48:52;568,00;280,00;1;15,9500;DGen Papyrus G5;BB Inchiostrazione elevata [Solutioncare];720x600;00:00:19;00:11:53;;0,00;€0,00;;;;;;;0;;;
OK;Sisa_6x3.JPG;;20/12/2023 14:48:59;568,00;280,00;1;15,9500;DGen Papyrus G5;BB Inchiostrazione elevata [Solutioncare];720x600;00:00:31;00:11:53;;0,00;€0,00;;;;;;;0;;;
OK;Sisa_6x3_Partinico2.JPG;;20/12/2023 14:49:06;568,00;280,00;1;15,9500;DGen Papyrus G5;BB Inchiostrazione elevata [Solutioncare];720x600;00:00:30;00:11:53;;0,00;€0,00;;;;;;;0;;;
OK;Todis_6x3_Corbino.JPG;;21/12/2023 11:47:17;568,00;280,00;2;31,8500;DGen Papyrus G5;BB Inchiostrazione elevata [Solutioncare];720x600;00:00:22;01:31:58;;0,00;€0,00;;;;;;;0;;;
OK;Todis_6x3_Geremia.JPG;;21/12/2023 12:11:16;568,00;280,00;2;31,8500;DGen Papyrus G5;BB Inchiostrazione elevata [Solutioncare];720x600;00:00:23;01:31:58;;0,00;€0,00;;;;;;;0;;;
OK;Todis_6x3_Rudini.JPG;;21/12/2023 12:44:49;568,00;280,00;1;15,9500;DGen Papyrus G5;BB Inchiostrazione elevata [Solutioncare];720x600;00:00:21;01:31:58;;0,00;€0,00;;;;;;;0;;;
OK;Todis_6x3_Carini.JPG;;21/12/2023 13:02:01;568,00;280,00;1;15,9500;DGen Papyrus G5;BB Inchiostrazione elevata [Solutioncare];720x600;00:00:22;01:31:58;;0,00;€0,00;;;;;;;0;;;
ERROR;SicilyForum_12x3.JPG;;21/12/2023 13:31:45;1.180,00;278,00;2;65,6500;DGen Papyrus G5;BB Inchiostrazione elevata [Solutioncare];720x600;00:00:37;00:55:56;;0,00;€0,00;;;;;;;0;;;
OK;SicilyForum_12x3.JPG;;21/12/2023 14:41:12;1.180,00;278,00;2;65,6500;DGen Papyrus G5;BB Inchiostrazione elevata [Solutioncare];720x600;00:00:37;00:50:26;;0,00;€0,00;;;;;;;0;;;
OK;SicilyForum_12x3~2.JPG;;21/12/2023 14:55:35;1.180,00;278,00;1;32,8500;DGen Papyrus G5;BB Inchiostrazione elevata [Solutioncare];720x600;00:00:37;00:50:26;;0,00;€0,00;;;;;;;0;;;
OK;CittaMetro_100x140.JPG;;22/12/2023 08:14:21;131,00;95,00;30;37,3500;DGen Papyrus G5;BB Inchiostrazione elevata [Solutioncare];720x600;00:00:04;00:16:18;;0,00;€0,00;;;;;;;0;;;
OK;CittaMetro_100x140.JPG;;22/12/2023 08:33:25;131,00;95,00;90;112,0000;DGen Papyrus G5;BB Inchiostrazione elevata [Solutioncare];720x600;00:00:04;01:55:01;;0,00;€0,00;;;;;;;0;;;
ERROR;Matranga_McDonalds_125x275_7copie.JPG;;22/12/2023 10:36:54;125,00;275,00;7;24,1000;DGen Papyrus G5;BB Inchiostrazione elevata [Solutioncare];720x600;00:00:11;00:03:22;;0,00;€0,00;;;;;;;0;;;
ERROR;CittaMetro_100x140.JPG;;22/12/2023 12:35:34;131,00;95,00;30;37,3500;DGen Papyrus G5;BB Inchiostrazione elevata [Solutioncare];720x600;00:00:04;00:05:34;;0,00;€0,00;;;;;;;0;;;
OK;CittaMetro_6x3.JPG;;22/12/2023 12:46:01;568,00;280,00;3;47,7500;DGen Papyrus G5;BB Inchiostrazione elevata [Solutioncare];720x600;00:00:18;01:15:07;;0,00;€0,00;;;;;;;0;;;
OK;CittaMetro_100x140.JPG;;22/12/2023 13:27:16;131,00;95,00;24;29,9000;DGen Papyrus G5;BB Inchiostrazione elevata [Solutioncare];720x600;00:00:04;01:15:07;;0,00;€0,00;;;;;;;0;;;
OK;Bartolone_6x3.JPG;;22/12/2023 15:39:06;568,00;280,00;32;508,9500;DGen Papyrus G5;BB Inchiostrazione elevata [Solutioncare];720x600;00:00:22;08:49:53;;0,00;€0,00;;;;;;;0;;;
OK;IlCentesimo_140x200_1.JPG;;27/12/2023 08:45:45;131,00;194,00;10;25,4500;DGen Papyrus G5;BB Inchiostrazione elevata [Solutioncare];720x600;00:00:08;00:54:38;;0,00;€0,00;;;;;;;0;;;
OK;IlCentesimo_140x200_2.JPG;;27/12/2023 08:55:54;131,00;194,00;10;25,4500;DGen Papyrus G5;BB Inchiostrazione elevata [Solutioncare];720x600;00:00:09;00:54:38;;0,00;€0,00;;;;;;;0;;;
OK;IlCentesimo_140x200_3.JPG;;27/12/2023 09:10:23;131,00;194,00;10;25,4500;DGen Papyrus G5;BB Inchiostrazione elevata [Solutioncare];720x600;00:00:10;00:54:38;;0,00;€0,00;;;;;;;0;;;
OK;IlCentesimo_140x200_4.JPG;;27/12/2023 09:25:51;131,00;194,00;10;25,4500;DGen Papyrus G5;BB Inchiostrazione elevata [Solutioncare];720x600;00:00:09;00:54:38;;0,00;€0,00;;;;;;;0;;;
OK;IlCentesimo_6x3.JPG;;27/12/2023 09:48:02;568,05;280,00;6;95,4500;DGen Papyrus G5;BB Inchiostrazione elevata [Solutioncare];720x600;00:00:16;00:50:19;;0,00;€0,00;;;;;;;0;;;
OK;IlCentesimo_6x3.JPG;;27/12/2023 10:43:42;568,05;280,00;2;31,8500;DGen Papyrus G5;BB Inchiostrazione elevata [Solutioncare];720x600;00:00:16;00:14:14;;0,00;€0,00;;;;;;;0;;;
OK;IlCentesimo_6x3.JPG;;27/12/2023 11:03:16;568,05;280,00;2;31,8500;DGen Papyrus G5;BB Inchiostrazione elevata [Solutioncare];720x600;00:00:16;00:00:27;;0,00;€0,00;;;;;;;0;;;
OK;Expert-TP_6x3.JPG;;27/12/2023 11:11:29;568,00;280,00;3;47,7500;DGen Papyrus G5;BB Inchiostrazione elevata [Solutioncare];720x600;00:00:20;00:22:46;;0,00;€0,00;;;;;;;0;;;
OK;IlCentesimo_6x3.JPG;;27/12/2023 11:49:19;568,05;280,00;8;127,2500;DGen Papyrus G5;BB Inchiostrazione elevata [Solutioncare];720x600;00:00:16;01:07:52;;0,00;€0,00;;;;;;;0;;;
OK;Fontana_565x275_Zingale.JPG;;27/12/2023 12:57:44;565,05;275,05;1;15,5500;DGen Papyrus G5;BB Inchiostrazione elevata [Solutioncare];720x600;00:00:27;00:43:12;;0,00;€0,00;;;;;;;0;;;
OK;IlCentesimo_6x3.JPG;;27/12/2023 13:09:51;568,05;280,00;2;31,8500;DGen Papyrus G5;BB Inchiostrazione elevata [Solutioncare];720x600;00:00:16;00:43:12;;0,00;€0,00;;;;;;;0;;;
OK;FCF_palermo_6x3.JPG;;27/12/2023 13:51:44;568,00;280,00;8;127,2500;DGen Papyrus G5;BB Inchiostrazione elevata [Solutioncare];720x600;00:00:22;01:08:34;;0,00;€0,00;;;;;;;0;;;
OK;Eurospin_140x200_Dx.JPG;;27/12/2023 15:04:12;131,00;194,00;3;7,6500;DGen Papyrus G5;BB Inchiostrazione elevata [Solutioncare];720x600;00:00:08;00:09:17;;0,00;€0,00;;;;;;;0;;;
OK;Eurospin_140x200_Sx.JPG;;27/12/2023 15:05:02;131,00;194,00;3;7,6500;DGen Papyrus G5;BB Inchiostrazione elevata [Solutioncare];720x600;00:00:07;00:09:17;;0,00;€0,00;;;;;;;0;;;
OK;Eurospin_280x200.JPG;;27/12/2023 15:09:29;270,05;194,00;1;5,2500;DGen Papyrus G5;BB Inchiostrazione elevata [Solutioncare];720x600;00:00:17;00:09:17;;0,00;€0,00;;;;;;;0;;;
OK;Penny_140x200_4.JPG;;27/12/2023 15:30:10;131,00;194,00;2;5,1000;DGen Papyrus G5;BB Inchiostrazione elevata [Solutioncare];720x600;00:00:08;11:53:09;;0,00;€0,00;;;;;;;0;;;
OK;Penny_140x200_3.JPG;;27/12/2023 15:30:29;131,00;194,00;1;2,5500;DGen Papyrus G5;BB Inchiostrazione elevata [Solutioncare];720x600;00:00:07;11:53:09;;0,00;€0,00;;;;;;;0;;;
OK;Penny_140x200_2.JPG;;27/12/2023 15:31:22;131,00;194,00;2;5,1000;DGen Papyrus G5;BB Inchiostrazione elevata [Solutioncare];720x600;00:00:09;11:53:09;;0,00;€0,00;;;;;;;0;;;
OK;Penny_140x200_1.JPG;;27/12/2023 15:36:55;131,00;194,00;2;5,1000;DGen Papyrus G5;BB Inchiostrazione elevata [Solutioncare];720x600;00:00:08;11:53:09;;0,00;€0,00;;;;;;;0;;;
OK;Penny_100x140_1.JPG;;27/12/2023 15:42:32;131,00;95,00;3;3,7500;DGen Papyrus G5;BB Inchiostrazione elevata [Solutioncare];720x600;00:00:05;11:53:09;;0,00;€0,00;;;;;;;0;;;
OK;Penny_100x140_2.JPG;;27/12/2023 15:46:35;131,00;95,00;3;3,7500;DGen Papyrus G5;BB Inchiostrazione elevata [Solutioncare];720x600;00:00:05;11:53:09;;0,00;€0,00;;;;;;;0;;;
OK;Penny_100x140_3.JPG;;27/12/2023 15:50:43;131,00;95,00;3;3,7500;DGen Papyrus G5;BB Inchiostrazione elevata [Solutioncare];720x600;00:00:04;11:53:09;;0,00;€0,00;;;;;;;0;;;
OK;Penny_100x140_4.JPG;;27/12/2023 15:55:45;131,00;95,00;3;3,7500;DGen Papyrus G5;BB Inchiostrazione elevata [Solutioncare];720x600;00:00:05;11:53:09;;0,00;€0,00;;;;;;;0;;;
OK;Penny_6x3_1.JPG;;27/12/2023 15:59:49;568,00;280,00;1;15,9500;DGen Papyrus G5;BB Inchiostrazione elevata [Solutioncare];720x600;00:00:20;11:53:09;;0,00;€0,00;;;;;;;0;;;
OK;Penny_6x3_2.JPG;;27/12/2023 16:16:07;568,00;280,00;2;31,8500;DGen Papyrus G5;BB Inchiostrazione elevata [Solutioncare];720x600;00:00:22;11:53:09;;0,00;€0,00;;;;;;;0;;;
OK;Penny_6x3_3.JPG;;27/12/2023 16:49:38;568,00;280,00;2;31,8500;DGen Papyrus G5;BB Inchiostrazione elevata [Solutioncare];720x600;00:00:20;11:53:09;;0,00;€0,00;;;;;;;0;;;
OK;Penny_6x3_4.JPG;;27/12/2023 17:23:05;568,05;280,00;1;15,9500;DGen Papyrus G5;BB Inchiostrazione elevata [Solutioncare];720x600;00:00:20;11:53:09;;0,00;€0,00;;;;;;;0;;;
OK;AssLaNuovaPanormo.JPG;;27/12/2023 17:40:09;568,00;280,00;4;63,6500;DGen Papyrus G5;BB Inchiostrazione elevata [Solutioncare];720x600;00:00:26;11:53:09;;0,00;€0,00;;;;;;;0;;;
OK;FCF_palermo_6x3.JPG;;27/12/2023 18:47:07;568,00;280,00;8;127,2500;DGen Papyrus G5;BB Inchiostrazione elevata [Solutioncare];720x600;00:00:22;11:53:09;;0,00;€0,00;;;;;;;0;;;
OK;IlCentesimo_6x3.JPG;;27/12/2023 21:02:26;568,00;280,00;6;95,4500;DGen Papyrus G5;BB Inchiostrazione elevata [Solutioncare];720x600;00:00:16;11:53:09;;0,00;€0,00;;;;;;;0;;;
OK;IlCentesimo_140x200_1.JPG;;27/12/2023 22:42:52;131,00;194,00;19;48,3000;DGen Papyrus G5;BB Inchiostrazione elevata [Solutioncare];720x600;00:00:08;11:53:09;;0,00;€0,00;;;;;;;0;;;
OK;IlCentesimo_140x200_2.JPG;;27/12/2023 23:37:55;131,00;194,00;18;45,7500;DGen Papyrus G5;BB Inchiostrazione elevata [Solutioncare];720x600;00:00:09;11:53:09;;0,00;€0,00;;;;;;;0;;;
OK;IlCentesimo_140x200_3.JPG;;28/12/2023 00:30:05;131,00;194,00;18;45,7500;DGen Papyrus G5;BB Inchiostrazione elevata [Solutioncare];720x600;00:00:10;11:53:09;;0,00;€0,00;;;;;;;0;;;
OK;IlCentesimo_140x200_4.JPG;;28/12/2023 01:21:24;131,00;194,00;19;48,3000;DGen Papyrus G5;BB Inchiostrazione elevata [Solutioncare];720x600;00:00:09;11:53:09;;0,00;€0,00;;;;;;;0;;;
OK;Eurospin_6x3_MMarine-DX.JPG;;28/12/2023 02:16:41;568,00;280,00;1;15,9500;DGen Papyrus G5;BB Inchiostrazione elevata [Solutioncare];720x600;00:00:13;11:53:09;;0,00;€0,00;;;;;;;0;;;
OK;Eurospin_6x3_MMarine-SX.JPG;;28/12/2023 02:33:45;568,00;280,00;1;15,9500;DGen Papyrus G5;BB Inchiostrazione elevata [Solutioncare];720x600;00:00:15;11:53:09;;0,00;€0,00;;;;;;;0;;;
OK;Eurospin_6x3_PapaSergio.JPG;;28/12/2023 02:49:53;568,00;280,00;2;31,8500;DGen Papyrus G5;BB Inchiostrazione elevata [Solutioncare];720x600;00:00:14;11:53:09;;0,00;€0,00;;;;;;;0;;;
OK;Expert_6x3_Mars1.JPG;;28/12/2023 09:43:55;568,00;280,00;2;31,8500;DGen Papyrus G5;BB Inchiostrazione elevata [Solutioncare];720x600;00:00:21;00:33:59;;0,00;€0,00;;;;;;;0;;;
OK;Expert_6x3_Mars2.JPG;;28/12/2023 09:57:19;568,00;280,00;1;15,9500;DGen Papyrus G5;BB Inchiostrazione elevata [Solutioncare];720x600;00:00:20;00:33:59;;0,00;€0,00;;;;;;;0;;;
OK;Expert_140x200_Mars1.JPG;;28/12/2023 10:07:04;131,00;194,00;3;7,6500;DGen Papyrus G5;BB Inchiostrazione elevata [Solutioncare];720x600;00:00:07;00:33:59;;0,00;€0,00;;;;;;;0;;;
OK;Expert_140x200_Mars2.JPG;;28/12/2023 10:13:24;131,00;194,00;3;7,6500;DGen Papyrus G5;BB Inchiostrazione elevata [Solutioncare];720x600;00:00:07;00:33:59;;0,00;€0,00;;;;;;;0;;;
OK;Centrolegno_6x3_Cucina.JPG;;28/12/2023 10:25:55;568,00;280,00;1;15,9500;DGen Papyrus G5;BB Inchiostrazione elevata [Solutioncare];720x600;00:00:25;01:48:14;;0,00;€0,00;;;;;;;0;;;
OK;Centrolegno_6x3_Divano.JPG;;28/12/2023 10:38:49;568,00;280,00;1;15,9500;DGen Papyrus G5;BB Inchiostrazione elevata [Solutioncare];720x600;00:00:24;01:48:14;;0,00;€0,00;;;;;;;0;;;
OK;Centrolegno_140x200_Asciugatrice.JPG;;28/12/2023 10:55:09;131,00;194,00;1;2,5500;DGen Papyrus G5;BB Inchiostrazione elevata [Solutioncare];720x600;00:00:07;01:48:14;;0,00;€0,00;;;;;;;0;;;
OK;Centrolegno_140x200_Lavatrice.JPG;;28/12/2023 10:57:54;131,00;194,00;1;2,5500;DGen Papyrus G5;BB Inchiostrazione elevata [Solutioncare];720x600;00:00:07;01:48:14;;0,00;€0,00;;;;;;;0;;;
OK;Centrolegno_140x200_Scarpiera.JPG;;28/12/2023 11:01:33;131,00;194,00;1;2,5500;DGen Papyrus G5;BB Inchiostrazione elevata [Solutioncare];720x600;00:00:08;01:48:14;;0,00;€0,00;;;;;;;0;;;
OK;Centrolegno_140x200_Stufa.JPG;;28/12/2023 11:04:23;131,00;194,00;1;2,5500;DGen Papyrus G5;BB Inchiostrazione elevata [Solutioncare];720x600;00:00:07;01:48:14;;0,00;€0,00;;;;;;;0;;;
OK;FG_Detersivi_6x3.JPG;;28/12/2023 11:07:12;568,00;280,00;4;63,6500;DGen Papyrus G5;BB Inchiostrazione elevata [Solutioncare];720x600;00:00:21;01:48:14;;0,00;€0,00;;;;;;;0;;;
OK;BPSA_100x140-1.JPG;;28/12/2023 13:31:18;131,00;95,00;1;1,2500;DGen Papyrus G5;BB Inchiostrazione elevata [Solutioncare];720x600;00:00:06;00:00:04;;0,00;€0,00;;;;;;;0;;;
OK;BPSA_100x140-1.JPG;;28/12/2023 13:34:26;131,00;95,00;1;1,2500;DGen Papyrus G5;BB Inchiostrazione elevata [Solutioncare];720x600;00:00:06;00:00:05;;0,00;€0,00;;;;;;;0;;;
ERROR;poseidon.JPG;;28/12/2023 14:25:53;185,00;360,05;12;79,9500;DGen Papyrus G5;BB Inchiostrazione elevata [Solutioncare];720x600;00:00:29;01:34:24;;0,00;€0,00;;;;;;;0;;;
ERROR;DorelanPA_100x140.JPG;;28/12/2023 15:43:29;131,00;95,00;80;99,6000;DGen Papyrus G5;BB Inchiostrazione elevata [Solutioncare];720x600;00:00:06;01:34:24;;0,00;€0,00;;;;;;;0;;;
OK;DorelanPA_100x140.JPG;;28/12/2023 16:54:31;131,00;95,00;60;74,7000;DGen Papyrus G5;BB Inchiostrazione elevata [Solutioncare];720x600;00:00:06;11:35:32;;0,00;€0,00;;;;;;;0;;;
OK;Cina_100x140_1.JPG;;28/12/2023 18:11:09;131,00;95,00;22;27,4000;DGen Papyrus G5;BB Inchiostrazione elevata [Solutioncare];720x600;00:00:04;11:35:32;;0,00;€0,00;;;;;;;0;;;
OK;Cina_100x140_Lucky.JPG;;28/12/2023 18:42:14;131,00;95,00;22;27,4000;DGen Papyrus G5;BB Inchiostrazione elevata [Solutioncare];720x600;00:00:04;11:35:32;;0,00;€0,00;;;;;;;0;;;
OK;Cina_6x3_Cina.JPG;;28/12/2023 19:13:15;568,05;280,00;3;47,7500;DGen Papyrus G5;BB Inchiostrazione elevata [Solutioncare];720x600;00:00:17;11:35:32;;0,00;€0,00;;;;;;;0;;;
OK;Cina_6x3_Lucky.JPG;;28/12/2023 20:03:53;568,00;280,00;3;47,7500;DGen Papyrus G5;BB Inchiostrazione elevata [Solutioncare];720x600;00:00:19;11:35:32;;0,00;€0,00;;;;;;;0;;;
OK;Cina_140x200_Lucky.JPG;;28/12/2023 20:53:46;131,00;194,00;82;208,4000;DGen Papyrus G5;BB Inchiostrazione elevata [Solutioncare];720x600;00:00:06;11:35:32;;0,00;€0,00;;;;;;;0;;;
OK;Cina_140x200_1.JPG;;29/12/2023 00:41:24;131,00;194,00;83;210,9500;DGen Papyrus G5;BB Inchiostrazione elevata [Solutioncare];720x600;00:00:08;11:35:32;;0,00;€0,00;;;;;;;0;;;
ERROR;DorelanPA_140x200.JPG;;29/12/2023 08:27:28;131,00;194,00;80;203,3500;DGen Papyrus G5;BB Inchiostrazione elevata [Solutioncare];720x600;00:00:10;00:15:51;;0,00;€0,00;;;;;;;0;;;
OK;Eurospin_6x3_Rizzottonuovo.JPG;;29/12/2023 08:45:08;568,00;280,00;1;15,9500;DGen Papyrus G5;BB Inchiostrazione elevata [Solutioncare];720x600;00:00:15;00:25:52;;0,00;€0,00;;;;;;;0;;;
OK;Forum_12x3_LT.JPG;;29/12/2023 08:51:33;1.180,00;278,00;1;32,8500;DGen Papyrus G5;BB Inchiostrazione elevata [Solutioncare];720x600;00:00:30;00:25:52;;0,00;€0,00;;;;;;;0;;;
OK;DorelanPA_140x200.JPG;;29/12/2023 09:29:39;131,00;194,00;73;185,5500;DGen Papyrus G5;BB Inchiostrazione elevata [Solutioncare];720x600;00:00:10;01:44:34;;0,00;€0,00;;;;;;;0;;;
OK;DVPSardegna_6x3.JPG;;29/12/2023 11:22:26;568,00;280,00;1;15,9500;DGen Papyrus G5;BB Inchiostrazione elevata [Solutioncare];720x600;00:00:20;00:27:59;;0,00;€0,00;;;;;;;0;;;
OK;Ricotta_6x3.JPG;;29/12/2023 11:32:49;568,00;280,00;2;31,8500;DGen Papyrus G5;BB Inchiostrazione elevata [Solutioncare];720x600;00:00:28;00:27:59;;0,00;€0,00;;;;;;;0;;;
OK;manifesto_6x3_-Carini_Partinico_dal4al14genn.PDF;;29/12/2023 12:16:43;568,00;285,00;7;113,3000;DGen Papyrus G5;BB Inchiostrazione elevata [Solutioncare];720x600;00:00:27;01:15:15;;0,00;€0,00;;;;;;;0;;;
OK;Famila_6x3_1.JPG;;29/12/2023 13:52:01;568,00;280,00;17;270,4000;DGen Papyrus G5;BB Inchiostrazione elevata [Solutioncare];720x600;00:00:21;14:40:04;;0,00;€0,00;;;;;;;0;;;
OK;Famila_6x3_2.JPG;;29/12/2023 18:31:02;568,00;280,00;17;270,4000;DGen Papyrus G5;BB Inchiostrazione elevata [Solutioncare];720x600;00:00:22;14:40:04;;0,00;€0,00;;;;;;;0;;;
OK;Mazzara_280x200.JPG;;29/12/2023 23:16:41;270,05;194,00;43;225,2500;DGen Papyrus G5;BB Inchiostrazione elevata [Solutioncare];720x600;00:00:17;14:40:04;;0,00;€0,00;;;;;;;0;;;
OK;Mazzara_420x200.JPG;;30/12/2023 03:22:48;405,00;194,00;8;62,9000;DGen Papyrus G5;BB Inchiostrazione elevata [Solutioncare];720x600;00:00:17;14:40:04;;0,00;€0,00;;;;;;;0;;;
OK;BielleExpert_6x3.JPG;;30/12/2023 08:14:13;568,00;280,00;2;31,8500;DGen Papyrus G5;BB Inchiostrazione elevata [Solutioncare];720x600;00:00:20;00:26:44;;0,00;€0,00;;;;;;;0;;;
OK;DorelanPA_100x140.JPG;;30/12/2023 08:55:47;131,00;95,00;16;19,9500;DGen Papyrus G5;BB Inchiostrazione elevata [Solutioncare];720x600;00:00:06;00:11:55;;0,00;€0,00;;;;;;;0;;;
OK;Expert-TP_6x3.JPG;;30/12/2023 10:35:13;568,00;280,00;1;15,9500;DGen Papyrus G5;BB Inchiostrazione elevata [Solutioncare];720x600;00:00:20;00:04:00;;0,00;€0,00;;;;;;;0;;;
ERROR;Ard_6x3.JPG;;10/10/2023 10:11:47;568,00;280,00;1;15,9500;DGen Papyrus G5 - 1;BB Inchiostrazione elevata [Solutioncare];720x600;00:00:24;00:00:01;;0,00;€0,00;;;;;;;0;;;
ERROR;Ard_6x3.JPG;;10/10/2023 10:12:01;568,00;280,00;1;15,9500;DGen Papyrus G5 - 1;BB Inchiostrazione elevata [Solutioncare];720x600;00:00:24;00:00:17;;0,00;€0,00;;;;;;;0;;;
ERROR;Tigotà_6x3-Arrivati.JPG;;10/10/2023 10:12:46;568,00;280,00;2;31,8500;DGen Papyrus G5 - 1;BB Inchiostrazione elevata [Solutioncare];720x600;00:00:18;00:03:20;;0,00;€0,00;;;;;;;0;;;
ERROR;Tigotà_6x3-Arrivati.JPG;;10/10/2023 10:23:48;568,00;280,00;2;31,8500;DGen Papyrus G5 - 1;BB Inchiostrazione elevata [Solutioncare];720x600;00:00:18;00:02:08;;0,00;€0,00;;;;;;;0;;;
OK;Tigotà_6x3-Arrivati.JPG;;10/10/2023 10:26:30;568,00;280,00;2;31,8500;DGen Papyrus G5 - 1;BB Inchiostrazione elevata [Solutioncare];720x600;00:00:18;01:00:28;;0,00;€0,00;;;;;;;0;;;
OK;Tigotà_6x3-Prodotti.JPG;;10/10/2023 10:53:09;568,00;280,00;2;31,8500;DGen Papyrus G5 - 1;BB Inchiostrazione elevata [Solutioncare];720x600;00:00:19;01:00:28;;0,00;€0,00;;;;;;;0;;;
OK;SISA_6x3_2.JPG;;10/10/2023 13:09:29;568,00;280,00;4;63,6500;DGen Papyrus G5 - 1;BB Inchiostrazione elevata [Solutioncare];720x600;00:00:24;01:54:37;;0,00;€0,00;;;;;;;0;;;
OK;Sisa_140x200_1.JPG;;10/10/2023 14:08:32;131,00;194,00;10;25,4500;DGen Papyrus G5 - 1;BB Inchiostrazione elevata [Solutioncare];720x600;00:00:09;01:54:37;;0,00;€0,00;;;;;;;0;;;
OK;Sisa_140x200_2.JPG;;10/10/2023 14:36:27;131,00;194,00;10;25,4500;DGen Papyrus G5 - 1;BB Inchiostrazione elevata [Solutioncare];720x600;00:00:09;01:54:37;;0,00;€0,00;;;;;;;0;;;
OK;Eurospin_6x3_Campofelice.JPG;;10/10/2023 15:19:20;568,00;280,00;1;15,9500;DGen Papyrus G5 - 1;BB Inchiostrazione elevata [Solutioncare];720x600;00:00:14;00:18:48;;0,00;€0,00;;;;;;;0;;;
OK;FarmaciaRE_100x140_Dx.JPG;;10/10/2023 15:28:27;131,00;95,00;3;3,7500;DGen Papyrus G5 - 1;BB Inchiostrazione elevata [Solutioncare];720x600;00:00:05;00:18:48;;0,00;€0,00;;;;;;;0;;;
OK;FarmaciaRE_140x200_Dx.JPG;;10/10/2023 15:32:36;131,00;194,00;1;2,5500;DGen Papyrus G5 - 1;BB Inchiostrazione elevata [Solutioncare];720x600;00:00:11;00:18:48;;0,00;€0,00;;;;;;;0;;;
OK;FarmaciaRE_140x200_Sx.JPG;;10/10/2023 15:35:25;131,00;194,00;1;2,5500;DGen Papyrus G5 - 1;BB Inchiostrazione elevata [Solutioncare];720x600;00:00:10;00:18:48;;0,00;€0,00;;;;;;;0;;;
OK;Ard_6x3.JPG;;10/10/2023 16:12:27;568,00;280,00;2;31,8500;DGen Papyrus G5 - 1;BB Inchiostrazione elevata [Solutioncare];720x600;00:00:24;00:26:28;;0,00;€0,00;;;;;;;0;;;
ERROR;Eurospin_6x3_PapaSergio.JPG;;11/10/2023 08:22:02;568,00;280,00;2;31,8500;DGen Papyrus G5 - 1;BB Inchiostrazione elevata [Solutioncare];720x600;00:00:15;00:08:54;;0,00;€0,00;;;;;;;0;;;
OK;Eurospin_6x3_PapaSergio.JPG;;11/10/2023 08:31:40;568,00;280,00;1;15,9500;DGen Papyrus G5 - 1;BB Inchiostrazione elevata [Solutioncare];720x600;00:00:15;00:22:20;;0,00;€0,00;;;;;;;0;;;
OK;Eurospin_140x200_Dx.JPG;;11/10/2023 08:36:42;131,00;194,00;3;7,6500;DGen Papyrus G5 - 1;BB Inchiostrazione elevata [Solutioncare];720x600;00:00:09;00:22:20;;0,00;€0,00;;;;;;;0;;;
OK;Eurospin_140x200_Sx.JPG;;11/10/2023 08:45:05;131,00;194,00;3;7,6500;DGen Papyrus G5 - 1;BB Inchiostrazione elevata [Solutioncare];720x600;00:00:09;00:22:20;;0,00;€0,00;;;;;;;0;;;
OK;6X4_TRAPANI_IT.JPG;;11/10/2023 09:01:17;568,00;390,00;1;22,2000;DGen Papyrus G5 - 1;BB Inchiostrazione elevata [Solutioncare];720x600;00:00:28;00:16:30;;0,00;€0,00;;;;;;;0;;;
OK;Eurospin_6x3-_CampofeliceRibassati.JPG;;11/10/2023 09:32:02;568,00;280,00;1;15,9500;DGen Papyrus G5 - 1;BB Inchiostrazione elevata [Solutioncare];720x600;00:00:18;00:26:36;;0,00;€0,00;;;;;;;0;;;
OK;Eurospin_6x3-_PapaSergioRibassati.JPG;;11/10/2023 09:41:08;568,00;280,00;1;15,9500;DGen Papyrus G5 - 1;BB Inchiostrazione elevata [Solutioncare];720x600;00:00:20;00:26:36;;0,00;€0,00;;;;;;;0;;;
ERROR;IlCentesimo_6x3_Misterbianco.JPG;;11/10/2023 12:13:11;568,00;280,00;3;47,7500;DGen Papyrus G5 - 1;BB Inchiostrazione elevata [Solutioncare];720x600;00:00:18;00:00:00;;0,00;€0,00;;;;;;;0;;;
OK;IlCentesimo_6x3_Misterbianco.JPG;;11/10/2023 12:13:36;568,00;280,00;3;47,7500;DGen Papyrus G5 - 1;BB Inchiostrazione elevata [Solutioncare];720x600;00:00:18;01:19:20;;0,00;€0,00;;;;;;;0;;;
OK;IlCentesimo_12x3_Misterbianco.JPG;;11/10/2023 12:56:20;1.180,00;278,00;1;32,8500;DGen Papyrus G5 - 1;BB Inchiostrazione elevata [Solutioncare];720x600;00:00:35;01:19:20;;0,00;€0,00;;;;;;;0;;;
OK;Sisa_6x3_Partinico.JPG;;11/10/2023 13:33:36;568,00;280,00;1;15,9500;DGen Papyrus G5 - 1;BB Inchiostrazione elevata [Solutioncare];720x600;00:00:22;00:16:37;;0,00;€0,00;;;;;;;0;;;
OK;IlCentesimo_100x140_1.JPG;;11/10/2023 14:05:54;131,00;95,00;5;6,2500;DGen Papyrus G5 - 1;BB Inchiostrazione elevata [Solutioncare];720x600;00:00:05;00:21:38;;0,00;€0,00;;;;;;;0;;;
OK;IlCentesimo_100x140_2.JPG;;11/10/2023 14:06:14;131,00;95,00;5;6,2500;DGen Papyrus G5 - 1;BB Inchiostrazione elevata [Solutioncare];720x600;00:00:05;00:21:38;;0,00;€0,00;;;;;;;0;;;
OK;IlCentesimo_100x140_3.JPG;;11/10/2023 14:11:56;131,00;95,00;6;7,5000;DGen Papyrus G5 - 1;BB Inchiostrazione elevata [Solutioncare];720x600;00:00:05;00:21:38;;0,00;€0,00;;;;;;;0;;;
OK;IlCentesimo_100x140_4.JPG;;11/10/2023 14:19:44;131,00;95,00;6;7,5000;DGen Papyrus G5 - 1;BB Inchiostrazione elevata [Solutioncare];720x600;00:00:05;00:21:38;;0,00;€0,00;;;;;;;0;;;
ERROR;IlCentesimo_140x200_1.JPG;;12/10/2023 08:10:09;131,00;194,00;28;71,2000;DGen Papyrus G5 - 1;BB Inchiostrazione elevata [Solutioncare];720x600;00:00:08;00:00:00;;0,00;€0,00;;;;;;;0;;;
OK;IlCentesimo_140x200_1.JPG;;12/10/2023 08:11:08;131,00;194,00;28;71,2000;DGen Papyrus G5 - 1;BB Inchiostrazione elevata [Solutioncare];720x600;00:00:08;01:09:01;;0,00;€0,00;;;;;;;0;;;
OK;IlCentesimo_140x200_2.JPG;;12/10/2023 09:20:53;131,00;194,00;28;71,2000;DGen Papyrus G5 - 1;BB Inchiostrazione elevata [Solutioncare];720x600;00:00:08;01:16:59;;0,00;€0,00;;;;;;;0;;;
ERROR;IlCentesimo_140x200_3.JPG;;12/10/2023 10:54:12;131,00;194,00;29;73,7000;DGen Papyrus G5 - 1;BB Inchiostrazione elevata [Solutioncare];720x600;00:00:08;00:37:19;;0,00;€0,00;;;;;;;0;;;
OK;Zangaloro_140x200.JPG;;12/10/2023 11:34:42;131,05;194,00;14;35,6000;DGen Papyrus G5 - 1;BB Inchiostrazione elevata [Solutioncare];720x600;00:00:13;00:15:54;;0,00;€0,00;;;;;;;0;;;
ERROR;IlCentesimo_140x200_4.JPG;;12/10/2023 12:14:57;131,00;194,00;29;73,7000;DGen Papyrus G5 - 1;BB Inchiostrazione elevata [Solutioncare];720x600;00:00:09;00:00:32;;0,00;€0,00;;;;;;;0;;;
OK;IlCentesimo_140x200_4.JPG;;12/10/2023 12:16:22;131,00;194,00;29;73,7000;DGen Papyrus G5 - 1;BB Inchiostrazione elevata [Solutioncare];720x600;00:00:09;02:02:35;;0,00;€0,00;;;;;;;0;;;
OK;IlCentesimo_140x200_3.JPG;;12/10/2023 13:27:37;131,00;194,00;16;40,7000;DGen Papyrus G5 - 1;BB Inchiostrazione elevata [Solutioncare];720x600;00:00:08;02:02:35;;0,00;€0,00;;;;;;;0;;;
OK;IlCentesimo_6x3_Base.JPG;;12/10/2023 14:31:52;568,00;280,00;4;63,6500;DGen Papyrus G5 - 1;BB Inchiostrazione elevata [Solutioncare];720x600;00:00:16;01:00:57;;0,00;€0,00;;;;;;;0;;;
OK;IlCentesimo_6x3_Base.JPG;;12/10/2023 15:34:14;568,00;280,00;2;31,8500;DGen Papyrus G5 - 1;BB Inchiostrazione elevata [Solutioncare];720x600;00:00:16;00:32:44;;0,00;€0,00;;;;;;;0;;;
OK;PaghiPoco_6x3_Caltagirone.JPG;;12/10/2023 16:41:30;568,00;280,00;2;31,8500;DGen Papyrus G5 - 1;BB Inchiostrazione elevata [Solutioncare];720x600;00:00:21;08:49:10;;0,00;€0,00;;;;;;;0;;;
OK;PaghiPoco_6x3_CT_S.Giovanni.JPG;;12/10/2023 17:08:18;568,00;280,00;1;15,9500;DGen Papyrus G5 - 1;BB Inchiostrazione elevata [Solutioncare];720x600;00:00:22;08:49:10;;0,00;€0,00;;;;;;;0;;;
OK;PaghiPoco_6x3_Messina.JPG;;12/10/2023 17:25:34;568,00;280,00;2;31,8500;DGen Papyrus G5 - 1;BB Inchiostrazione elevata [Solutioncare];720x600;00:00:20;08:49:10;;0,00;€0,00;;;;;;;0;;;
OK;PaghiPoco_6x3_Misterbianco.JPG;;12/10/2023 17:58:56;568,00;280,00;1;15,9500;DGen Papyrus G5 - 1;BB Inchiostrazione elevata [Solutioncare];720x600;00:00:22;08:49:10;;0,00;€0,00;;;;;;;0;;;
OK;PaghiPoco_6x3_Siracusa.JPG;;12/10/2023 18:16:16;568,00;280,00;5;79,5500;DGen Papyrus G5 - 1;BB Inchiostrazione elevata [Solutioncare];720x600;00:00:21;08:49:10;;0,00;€0,00;;;;;;;0;;;
OK;PaghiPoco_6x3_CT_Besana.JPG;;12/10/2023 19:39:13;568,00;280,00;1;15,9500;DGen Papyrus G5 - 1;BB Inchiostrazione elevata [Solutioncare];720x600;00:00:22;08:49:10;;0,00;€0,00;;;;;;;0;;;
OK;PaghiPoco_6x3_CT_Marsala.JPG;;12/10/2023 19:56:25;568,00;280,00;2;31,8500;DGen Papyrus G5 - 1;BB Inchiostrazione elevata [Solutioncare];720x600;00:00:19;08:49:10;;0,00;€0,00;;;;;;;0;;;
OK;PaghiPoco_6x3_Partinico.JPG;;12/10/2023 20:29:37;568,00;280,00;1;15,9500;DGen Papyrus G5 - 1;BB Inchiostrazione elevata [Solutioncare];720x600;00:00:21;08:49:10;;0,00;€0,00;;;;;;;0;;;
OK;PaghiPoco_6x3_Trapani.JPG;;12/10/2023 20:46:42;568,00;280,00;6;95,4500;DGen Papyrus G5 - 1;BB Inchiostrazione elevata [Solutioncare];720x600;00:00:21;08:49:10;;0,00;€0,00;;;;;;;0;;;
OK;PaghiPoco_6x3_Palermo.JPG;;12/10/2023 22:26:14;568,00;280,00;10;159,0500;DGen Papyrus G5 - 1;BB Inchiostrazione elevata [Solutioncare];720x600;00:00:21;08:49:10;;0,00;€0,00;;;;;;;0;;;
OK;PaghiPoco_6x3_Bagheria.JPG;;13/10/2023 01:13:21;568,00;280,00;1;15,9500;DGen Papyrus G5 - 1;BB Inchiostrazione elevata [Solutioncare];720x600;00:00:21;08:49:10;;0,00;€0,00;;;;;;;0;;;
ERROR;PaghiPoco_6x3_Palermo.JPG;;13/10/2023 08:29:33;568,00;280,00;10;159,0500;DGen Papyrus G5 - 1;BB Inchiostrazione elevata [Solutioncare];720x600;00:00:21;00:00:28;;0,00;€0,00;;;;;;;0;;;
OK;PaghiPoco_6x3_Palermo.JPG;;13/10/2023 08:30:36;568,00;280,00;10;159,0500;DGen Papyrus G5 - 1;BB Inchiostrazione elevata [Solutioncare];720x600;00:00:21;02:40:28;;0,00;€0,00;;;;;;;0;;;
OK;PaghiPoco_6x3_Partinico.JPG;;13/10/2023 11:18:29;568,00;280,00;1;15,9500;DGen Papyrus G5 - 1;BB Inchiostrazione elevata [Solutioncare];720x600;00:00:21;01:00:39;;0,00;€0,00;;;;;;;0;;;
OK;PaghiPoco_6x3_Bagheria.JPG;;13/10/2023 11:28:43;568,00;280,00;1;15,9500;DGen Papyrus G5 - 1;BB Inchiostrazione elevata [Solutioncare];720x600;00:00:21;01:00:39;;0,00;€0,00;;;;;;;0;;;
OK;PaghiPoco_6x3_CT_Marsala.JPG;;13/10/2023 11:45:57;568,00;280,00;2;31,8500;DGen Papyrus G5 - 1;BB Inchiostrazione elevata [Solutioncare];720x600;00:00:19;01:00:39;;0,00;€0,00;;;;;;;0;;;
OK;6x3_Istituzionale.JPG;;13/10/2023 15:28:10;575,00;285,00;3;49,2000;DGen Papyrus G5 - 1;BB Inchiostrazione elevata [Solutioncare];720x600;00:00:19;00:50:39;;0,00;€0,00;;;;;;;0;;;
ERROR;IlCentesimo_6x3.JPG;;16/10/2023 08:17:34;568,00;280,00;6;95,4500;DGen Papyrus G5 - 1;BB Inchiostrazione elevata [Solutioncare];720x600;00:00:18;00:00:00;;0,00;€0,00;;;;;;;0;;;
ERROR;IlCentesimo_6x3.JPG;;16/10/2023 08:18:03;568,00;280,00;6;95,4500;DGen Papyrus G5 - 1;BB Inchiostrazione elevata [Solutioncare];720x600;00:00:18;00:03:16;;0,00;€0,00;;;;;;;0;;;
OK;IlCentesimo_6x3.JPG;;16/10/2023 08:21:46;568,00;280,00;6;95,4500;DGen Papyrus G5 - 1;BB Inchiostrazione elevata [Solutioncare];720x600;00:00:18;01:32:14;;0,00;€0,00;;;;;;;0;;;
OK;Fontana_555x271_HDI.JPG;;16/10/2023 10:04:54;555,00;271,05;1;15,0500;DGen Papyrus G5 - 1;BB Inchiostrazione elevata [Solutioncare];720x600;00:00:18;00:06:45;;0,00;€0,00;;;;;;;0;;;
OK;Cascino_6x3_Falcone.JPG;;16/10/2023 10:48:21;568,00;280,00;1;15,9500;DGen Papyrus G5 - 1;BB Inchiostrazione elevata [Solutioncare];720x600;00:00:15;00:24:46;;0,00;€0,00;;;;;;;0;;;
OK;Cascino_6x3_Zara.JPG;;16/10/2023 10:56:55;568,00;280,00;1;15,9500;DGen Papyrus G5 - 1;BB Inchiostrazione elevata [Solutioncare];720x600;00:00:14;00:24:46;;0,00;€0,00;;;;;;;0;;;
OK;Famila_6x3.JPG;;16/10/2023 15:19:57;568,00;280,00;34;540,7500;DGen Papyrus G5 - 1;BB Inchiostrazione elevata [Solutioncare];720x600;00:00:20;12:58:55;;0,00;€0,00;;;;;;;0;;;
OK;Famila_140x200.JPG;;17/10/2023 00:38:50;131,00;194,00;80;203,3500;DGen Papyrus G5 - 1;BB Inchiostrazione elevata [Solutioncare];720x600;00:00:08;12:58:55;;0,00;€0,00;;;;;;;0;;;
ERROR;distribution_point_16-10.PDF;;17/10/2023 08:00:47;585,00;275,00;4;64,3500;DGen Papyrus G5 - 1;BB Inchiostrazione elevata [Solutioncare];720x600;00:00:47;00:01:57;;0,00;€0,00;;;;;;;0;;;
OK;ScreeningOncologici_6x3.JPG;;17/10/2023 08:04:20;568,00;280,00;10;159,0500;DGen Papyrus G5 - 1;BB Inchiostrazione elevata [Solutioncare];720x600;00:00:26;02:38:12;;0,00;€0,00;;;;;;;0;;;
OK;ScreeningOncologici_6x3.JPG;;17/10/2023 10:56:15;568,00;280,00;4;63,6500;DGen Papyrus G5 - 1;BB Inchiostrazione elevata [Solutioncare];720x600;00:00:26;00:57:51;;0,00;€0,00;;;;;;;0;;;
OK;ScreeningOncologici_6x3.JPG;;17/10/2023 12:42:12;568,00;280,00;4;63,6500;DGen Papyrus G5 - 1;BB Inchiostrazione elevata [Solutioncare];720x600;00:00:26;00:58:18;;0,00;€0,00;;;;;;;0;;;
OK;VenditaAppartamenti_6x3.JPG;;17/10/2023 14:03:55;568,00;280,00;4;63,6500;DGen Papyrus G5 - 1;BB Inchiostrazione elevata [Solutioncare];720x600;00:00:24;00:58:19;;0,00;€0,00;;;;;;;0;;;
OK;PensareCasa_6x3.JPG;;17/10/2023 15:04:33;568,00;280,00;1;15,9500;DGen Papyrus G5 - 1;BB Inchiostrazione elevata [Solutioncare];720x600;00:00:22;00:15:30;;0,00;€0,00;;;;;;;0;;;
OK;B-FORM_6x3.JPG;;17/10/2023 15:29:01;568,00;280,00;1;15,9500;DGen Papyrus G5 - 1;BB Inchiostrazione elevata [Solutioncare];720x600;00:00:17;00:08:58;;0,00;€0,00;;;;;;;0;;;
OK;ScreeningOncologici_6x3.JPG;;17/10/2023 17:18:25;568,00;280,00;27;429,4500;DGen Papyrus G5 - 1;BB Inchiostrazione elevata [Solutioncare];720x600;00:00:26;13:48:03;;0,00;€0,00;;;;;;;0;;;
OK;Ciurma_6x3.JPG;;18/10/2023 00:41:39;568,00;280,00;11;174,9500;DGen Papyrus G5 - 1;BB Inchiostrazione elevata [Solutioncare];720x600;00:00:19;13:48:03;;0,00;€0,00;;;;;;;0;;;
OK;Ciurma_6x6.JPG;;18/10/2023 03:45:53;568,00;570,00;1;32,4000;DGen Papyrus G5 - 1;BB Inchiostrazione elevata [Solutioncare];720x600;00:00:33;13:48:03;;0,00;€0,00;;;;;;;0;;;
OK;NataleGalletta_6x3.JPG;;18/10/2023 04:19:41;568,00;280,00;2;31,8500;DGen Papyrus G5 - 1;BB Inchiostrazione elevata [Solutioncare];720x600;00:00:21;13:48:03;;0,00;€0,00;;;;;;;0;;;
OK;NataleGalletta_6x6.JPG;;18/10/2023 04:53:08;568,00;565,00;2;64,2000;DGen Papyrus G5 - 1;BB Inchiostrazione elevata [Solutioncare];720x600;00:00:41;13:48:03;;0,00;€0,00;;;;;;;0;;;
OK;NataleGalletta_100x140.JPG;;18/10/2023 06:01:49;131,00;95,00;25;31,1500;DGen Papyrus G5 - 1;BB Inchiostrazione elevata [Solutioncare];720x600;00:00:05;13:48:03;;0,00;€0,00;;;;;;;0;;;
OK;NataleGalletta_140x200.JPG;;18/10/2023 06:35:43;134,00;194,00;11;28,6000;DGen Papyrus G5 - 1;BB Inchiostrazione elevata [Solutioncare];720x600;00:00:12;13:48:03;;0,00;€0,00;;;;;;;0;;;
OK;Ciurma_12x3.JPG;;18/10/2023 08:07:36;1.180,00;278,00;1;32,8500;DGen Papyrus G5 - 1;BB Inchiostrazione elevata [Solutioncare];720x600;00:00:36;00:26:56;;0,00;€0,00;;;;;;;0;;;
OK;Maxisconto_12x3.JPG;;18/10/2023 08:47:47;1.180,00;278,00;1;32,8500;DGen Papyrus G5 - 1;BB Inchiostrazione elevata [Solutioncare];720x600;00:00:33;00:27:16;;0,00;€0,00;;;;;;;0;;;
OK;Ard_6x3.JPG;;18/10/2023 09:57:09;568,00;280,00;2;31,8500;DGen Papyrus G5 - 1;BB Inchiostrazione elevata [Solutioncare];720x600;00:00:22;00:24:02;;0,00;€0,00;;;;;;;0;;;
OK;Ard_6x3.JPG;;18/10/2023 10:22:26;568,00;280,00;2;31,8500;DGen Papyrus G5 - 1;BB Inchiostrazione elevata [Solutioncare];720x600;00:00:22;00:34:10;;0,00;€0,00;;;;;;;0;;;
ERROR;Ciurma_100x140.JPG;;18/10/2023 11:18:27;131,00;95,00;40;49,8000;DGen Papyrus G5 - 1;BB Inchiostrazione elevata [Solutioncare];720x600;00:00:05;00:01:15;;0,00;€0,00;;;;;;;0;;;
OK;Ciurma_100x140.JPG;;18/10/2023 11:20:23;131,00;95,00;40;49,8000;DGen Papyrus G5 - 1;BB Inchiostrazione elevata [Solutioncare];720x600;00:00:05;00:46:00;;0,00;€0,00;;;;;;;0;;;
OK;Ciurma_100x140.JPG;;18/10/2023 12:21:15;131,00;95,00;20;24,9000;DGen Papyrus G5 - 1;BB Inchiostrazione elevata [Solutioncare];720x600;00:00:05;00:19:35;;0,00;€0,00;;;;;;;0;;;
OK;Ciurma_100x140.JPG;;18/10/2023 12:54:51;131,00;95,00;20;24,9000;DGen Papyrus G5 - 1;BB Inchiostrazione elevata [Solutioncare];720x600;00:00:05;00:19:43;;0,00;€0,00;;;;;;;0;;;
OK;Ciurma_100x140.JPG;;18/10/2023 13:17:51;131,00;95,00;20;24,9000;DGen Papyrus G5 - 1;BB Inchiostrazione elevata [Solutioncare];720x600;00:00:05;00:24:16;;0,00;€0,00;;;;;;;0;;;
OK;Ciurma_100x140.JPG;;18/10/2023 13:52:45;131,00;95,00;10;12,4500;DGen Papyrus G5 - 1;BB Inchiostrazione elevata [Solutioncare];720x600;00:00:05;00:55:14;;0,00;€0,00;;;;;;;0;;;
OK;BPER_100x140.JPG;;18/10/2023 13:58:55;131,00;95,00;24;29,9000;DGen Papyrus G5 - 1;BB Inchiostrazione elevata [Solutioncare];720x600;00:00:09;00:55:14;;0,00;€0,00;;;;;;;0;;;
OK;Elettroingross_Alcamo_6x3.JPG;;18/10/2023 14:31:15;568,00;280,00;1;15,9500;DGen Papyrus G5 - 1;BB Inchiostrazione elevata [Solutioncare];720x600;00:00:18;00:55:14;;0,00;€0,00;;;;;;;0;;;
ERROR;TeatroMassimo_6x3.JPG;;18/10/2023 16:33:09;568,00;280,00;40;636,1500;DGen Papyrus G5 - 1;BB Inchiostrazione elevata [Solutioncare];720x600;00:00:24;00:01:28;;0,00;€0,00;;;;;;;0;;;
OK;SorrentinoDesign_6x3.JPG;;18/10/2023 16:40:42;568,00;280,00;8;127,2500;DGen Papyrus G5 - 1;BB Inchiostrazione elevata [Solutioncare];720x600;00:00:22;11:37:19;;0,00;€0,00;;;;;;;0;;;
OK;TeatroMassimo_100x140.JPG;;18/10/2023 18:45:36;131,00;95,00;58;72,2000;DGen Papyrus G5 - 1;BB Inchiostrazione elevata [Solutioncare];720x600;00:00:07;11:37:19;;0,00;€0,00;;;;;;;0;;;
OK;MaxWorld_6x3.JPG;;18/10/2023 20:03:30;568,00;280,00;2;31,8500;DGen Papyrus G5 - 1;BB Inchiostrazione elevata [Solutioncare];720x600;00:00:25;11:37:19;;0,00;€0,00;;;;;;;0;;;
OK;ConcertiVari_140x200.JPG;;18/10/2023 20:36:29;131,00;194,00;33;83,9000;DGen Papyrus G5 - 1;BB Inchiostrazione elevata [Solutioncare];720x600;00:00:11;11:37:19;;0,00;€0,00;;;;;;;0;;;
OK;TeatroBellini_6x6.JPG;;18/10/2023 22:07:29;568,00;565,05;4;128,4000;DGen Papyrus G5 - 1;BB Inchiostrazione elevata [Solutioncare];720x600;00:00:43;11:37:19;;0,00;€0,00;;;;;;;0;;;
OK;CC_Archimede_6x3.JPG;;19/10/2023 00:22:56;568,00;280,00;5;79,5500;DGen Papyrus G5 - 1;BB Inchiostrazione elevata [Solutioncare];720x600;00:00:19;11:37:19;;0,00;€0,00;;;;;;;0;;;
OK;Ierofanie_100x140.JPG;;19/10/2023 01:46:37;131,00;95,00;102;126,9500;DGen Papyrus G5 - 1;BB Inchiostrazione elevata [Solutioncare];720x600;00:00:04;11:37:19;;0,00;€0,00;;;;;;;0;;;
OK;Ierofanie_140x200.JPG;;19/10/2023 04:03:46;131,00;194,00;5;12,7500;DGen Papyrus G5 - 1;BB Inchiostrazione elevata [Solutioncare];720x600;00:00:09;11:37:19;;0,00;€0,00;;;;;;;0;;;
OK;Magnaroma_6x3_Bagheria.JPG;;19/10/2023 08:00:48;568,00;280,00;6;95,4500;DGen Papyrus G5 - 1;BB Inchiostrazione elevata [Solutioncare];720x600;00:00:22;01:31:14;;0,00;€0,00;;;;;;;0;;;
OK;Scarpinando_6x3_Castelv.JPG;;19/10/2023 09:52:58;568,00;280,00;3;47,7500;DGen Papyrus G5 - 1;BB Inchiostrazione elevata [Solutioncare];720x600;00:00:18;00:41:34;;0,00;€0,00;;;;;;;0;;;
OK;Scarpinando_6x3_Marsala.JPG;;19/10/2023 10:55:48;568,00;280,00;4;63,6500;DGen Papyrus G5 - 1;BB Inchiostrazione elevata [Solutioncare];720x600;00:00:19;02:19:47;;0,00;€0,00;;;;;;;0;;;
OK;Scarpinando_6x3_TP.JPG;;19/10/2023 11:52:29;568,00;280,00;5;79,5500;DGen Papyrus G5 - 1;BB Inchiostrazione elevata [Solutioncare];720x600;00:00:18;02:19:47;;0,00;€0,00;;;;;;;0;;;
OK;TDCar_6x3.JPG;;19/10/2023 13:16:09;568,00;280,00;4;63,6500;DGen Papyrus G5 - 1;BB Inchiostrazione elevata [Solutioncare];720x600;00:00:23;01:07:36;;0,00;€0,00;;;;;;;0;;;
OK;N_1_MANIF_CM_80X120_ARNOLD.JPG;;19/10/2023 14:33:28;120,05;80,00;1;1,0000;DGen Papyrus G5 - 1;BB Inchiostrazione elevata [Solutioncare];720x600;00:00:07;00:00:15;;0,00;€0,00;;;;;;;0;;;
OK;N_1_MANIF_CM_80X120_KEVIN_SOG_1.JPG;;19/10/2023 14:33:31;120,05;80,00;1;1,0000;DGen Papyrus G5 - 1;BB Inchiostrazione elevata [Solutioncare];720x600;00:00:10;00:00:15;;0,00;€0,00;;;;;;;0;;;
OK;N_1_MANIFESTO_CM_80X120_KEVIN_SOG_2.JPG;;19/10/2023 14:33:35;120,05;80,00;1;1,0000;DGen Papyrus G5 - 1;BB Inchiostrazione elevata [Solutioncare];720x600;00:00:12;00:00:15;;0,00;€0,00;;;;;;;0;;;
OK;N_1_MANIFESTO_CM_80X120_KEVIN_SOG_3.JPG;;19/10/2023 14:33:38;120,05;80,00;1;1,0000;DGen Papyrus G5 - 1;BB Inchiostrazione elevata [Solutioncare];720x600;00:00:12;00:00:15;;0,00;€0,00;;;;;;;0;;;
OK;TeatroMassimo_6x3.JPG;;19/10/2023 16:43:56;568,00;280,00;40;636,1500;DGen Papyrus G5 - 1;BB Inchiostrazione elevata [Solutioncare];720x600;00:00:24;18:06:41;;0,00;€0,00;;;;;;;0;;;
OK;Agave_140x200.JPG;;20/10/2023 03:51:45;131,00;194,00;151;383,7500;DGen Papyrus G5 - 1;BB Inchiostrazione elevata [Solutioncare];720x600;00:00:10;18:06:41;;0,00;€0,00;;;;;;;0;;;
OK;Mazzara_280x200.JPG;;20/10/2023 12:50:31;270,05;194,00;40;209,5500;DGen Papyrus G5 - 1;BB Inchiostrazione elevata [Solutioncare];720x600;00:00:20;03:40:34;;0,00;€0,00;;;;;;;0;;;
OK;Cash&Carry_6x3.JPG;;20/10/2023 16:32:23;568,00;280,00;7;111,3500;DGen Papyrus G5 - 1;BB Inchiostrazione elevata [Solutioncare];720x600;00:00:21;12:19:58;;0,00;€0,00;;;;;;;0;;;
OK;Cash&Carry_100x140.JPG;;20/10/2023 18:30:23;131,00;95,00;43;53,5500;DGen Papyrus G5 - 1;BB Inchiostrazione elevata [Solutioncare];720x600;00:00:05;12:19:58;;0,00;€0,00;;;;;;;0;;;
OK;Cash&Carry_140x200.JPG;;20/10/2023 19:28:57;131,00;194,00;42;106,7500;DGen Papyrus G5 - 1;BB Inchiostrazione elevata [Solutioncare];720x600;00:00:09;12:19:58;;0,00;€0,00;;;;;;;0;;;
OK;Cash&Carry_150x70.JPG;;20/10/2023 21:23:26;143,00;67,05;24;23,0000;DGen Papyrus G5 - 1;BB Inchiostrazione elevata [Solutioncare];720x600;00:00:03;12:19:58;;0,00;€0,00;;;;;;;0;;;
OK;Unieruro_6x6_1.JPG;;20/10/2023 21:47:10;568,00;570,00;1;32,4000;DGen Papyrus G5 - 1;BB Inchiostrazione elevata [Solutioncare];720x600;00:00:39;12:19:58;;0,00;€0,00;;;;;;;0;;;
OK;Unieruro_6x6_2.JPG;;20/10/2023 22:21:10;568,00;570,00;1;32,4000;DGen Papyrus G5 - 1;BB Inchiostrazione elevata [Solutioncare];720x600;00:00:40;12:19:58;;0,00;€0,00;;;;;;;0;;;
OK;FieraCampionaria_6x3.JPG;;20/10/2023 22:55:15;568,00;280,00;9;143,1500;DGen Papyrus G5 - 1;BB Inchiostrazione elevata [Solutioncare];720x600;00:00:18;12:19:58;;0,00;€0,00;;;;;;;0;;;
OK;FieraCampionaria_12x3.JPG;;21/10/2023 01:28:02;1.180,00;278,00;2;65,6500;DGen Papyrus G5 - 1;BB Inchiostrazione elevata [Solutioncare];720x600;00:00:40;12:19:58;;0,00;€0,00;;;;;;;0;;;
OK;FieraCampionaria_100x140.JPG;;21/10/2023 02:40:20;131,00;95,00;6;7,5000;DGen Papyrus G5 - 1;BB Inchiostrazione elevata [Solutioncare];720x600;00:00:07;12:19:58;;0,00;€0,00;;;;;;;0;;;
OK;ADM_100x140.JPG;;21/10/2023 02:48:18;131,00;95,00;80;99,6000;DGen Papyrus G5 - 1;BB Inchiostrazione elevata [Solutioncare];720x600;00:00:05;12:19:58;;0,00;€0,00;;;;;;;0;;;
OK;DVP_Sardegna_6x3.JPG;;21/10/2023 04:36:31;568,00;280,00;1;15,9500;DGen Papyrus G5 - 1;BB Inchiostrazione elevata [Solutioncare];720x600;00:00:25;12:19:58;;0,00;€0,00;;;;;;;0;;;
OK;distribution_point_20-1023.PDF;;21/10/2023 08:11:34;585,00;275,00;4;64,3500;DGen Papyrus G5 - 1;BB Inchiostrazione elevata [Solutioncare];720x600;00:00:26;01:05:03;;0,00;€0,00;;;;;;;0;;;
OK;distribution_point_20-1023.PDF;;21/10/2023 09:43:19;585,00;275,00;1;16,1000;DGen Papyrus G5 - 1;BB Inchiostrazione elevata [Solutioncare];720x600;00:00:26;00:08:45;;0,00;€0,00;;;;;;;0;;;
OK;distribution_point_20-1023.PDF;;21/10/2023 10:13:24;585,00;275,00;2;32,2000;DGen Papyrus G5 - 1;BB Inchiostrazione elevata [Solutioncare];720x600;00:00:26;00:27:47;;0,00;€0,00;;;;;;;0;;;
OK;Eurospin_6x3_Campofelice.JPG;;21/10/2023 11:24:56;568,00;280,00;1;15,9500;DGen Papyrus G5 - 1;BB Inchiostrazione elevata [Solutioncare];720x600;00:00:16;13:54:41;;0,00;€0,00;;;;;;;0;;;
OK;Eurospin_6x3_Ingham.JPG;;21/10/2023 11:32:39;568,00;280,00;1;15,9500;DGen Papyrus G5 - 1;BB Inchiostrazione elevata [Solutioncare];720x600;00:00:14;13:54:41;;0,00;€0,00;;;;;;;0;;;
OK;Eurospin_6x3_MMarineDX.JPG;;21/10/2023 11:49:02;568,00;280,00;1;15,9500;DGen Papyrus G5 - 1;BB Inchiostrazione elevata [Solutioncare];720x600;00:00:14;13:54:41;;0,00;€0,00;;;;;;;0;;;
OK;Eurospin_6x3_MMarineSX.JPG;;21/10/2023 12:06:19;568,00;280,00;1;15,9500;DGen Papyrus G5 - 1;BB Inchiostrazione elevata [Solutioncare];720x600;00:00:16;13:54:41;;0,00;€0,00;;;;;;;0;;;
OK;Eurospin_6x3_PapaSergio.JPG;;21/10/2023 12:22:33;568,00;280,00;2;31,8500;DGen Papyrus G5 - 1;BB Inchiostrazione elevata [Solutioncare];720x600;00:00:17;13:54:41;;0,00;€0,00;;;;;;;0;;;
OK;EuroSpin_12x3.JPG;;21/10/2023 12:57:09;1.180,00;278,00;1;32,8500;DGen Papyrus G5 - 1;BB Inchiostrazione elevata [Solutioncare];720x600;00:00:40;13:54:41;;0,00;€0,00;;;;;;;0;;;
OK;Eurospin_140x200_DX.JPG;;21/10/2023 13:33:19;131,00;194,00;3;7,6500;DGen Papyrus G5 - 1;BB Inchiostrazione elevata [Solutioncare];720x600;00:00:09;13:54:41;;0,00;€0,00;;;;;;;0;;;
OK;Eurospin_140x200_SX.JPG;;21/10/2023 13:41:29;131,00;194,00;3;7,6500;DGen Papyrus G5 - 1;BB Inchiostrazione elevata [Solutioncare];720x600;00:00:08;13:54:41;;0,00;€0,00;;;;;;;0;;;
OK;Eurospin_280x200.JPG;;21/10/2023 13:49:26;270,05;194,00;1;5,2500;DGen Papyrus G5 - 1;BB Inchiostrazione elevata [Solutioncare];720x600;00:00:17;13:54:41;;0,00;€0,00;;;;;;;0;;;
OK;Global1Communication_6x3.JPG;;21/10/2023 13:54:46;568,00;280,00;11;174,9500;DGen Papyrus G5 - 1;BB Inchiostrazione elevata [Solutioncare];720x600;00:00:21;13:54:41;;0,00;€0,00;;;;;;;0;;;
OK;NuovaSicilauto_6x3_Opel.JPG;;21/10/2023 17:00:47;568,00;280,00;4;63,6500;DGen Papyrus G5 - 1;BB Inchiostrazione elevata [Solutioncare];720x600;00:00:26;13:54:41;;0,00;€0,00;;;;;;;0;;;
OK;NuovaSicilauto_100x140_Opel.JPG;;21/10/2023 18:07:56;131,00;95,05;84;104,5500;DGen Papyrus G5 - 1;BB Inchiostrazione elevata [Solutioncare];720x600;00:00:06;13:54:41;;0,00;€0,00;;;;;;;0;;;
OK;NuovaSicilauto_280x200.JPG;;21/10/2023 20:01:42;270,05;194,00;1;5,2500;DGen Papyrus G5 - 1;BB Inchiostrazione elevata [Solutioncare];720x600;00:00:23;13:54:41;;0,00;€0,00;;;;;;;0;;;
OK;OrchestraSinfonica_6x3.JPG;;21/10/2023 20:07:04;568,00;280,00;10;159,0500;DGen Papyrus G5 - 1;BB Inchiostrazione elevata [Solutioncare];720x600;00:00:18;13:54:41;;0,00;€0,00;;;;;;;0;;;
OK;OrchestraSinfonica_100x140.JPG;;21/10/2023 22:55:37;131,00;95,00;39;48,5500;DGen Papyrus G5 - 1;BB Inchiostrazione elevata [Solutioncare];720x600;00:00:04;13:54:41;;0,00;€0,00;;;;;;;0;;;
OK;OrchestraSinfonica_140x200.JPG;;21/10/2023 23:48:58;131,00;194,00;33;83,9000;DGen Papyrus G5 - 1;BB Inchiostrazione elevata [Solutioncare];720x600;00:00:08;13:54:41;;0,00;€0,00;;;;;;;0;;;
OK;IlCentesimo_6x3_Base.JPG;;23/10/2023 08:12:46;568,00;280,00;5;79,5500;DGen Papyrus G5 - 1;BB Inchiostrazione elevata [Solutioncare];720x600;00:00:15;01:15:12;;0,00;€0,00;;;;;;;0;;;
OK;IlCentesimo_6x3_Base.JPG;;23/10/2023 09:30:54;568,00;280,00;4;63,6500;DGen Papyrus G5 - 1;BB Inchiostrazione elevata [Solutioncare];720x600;00:00:15;01:06:00;;0,00;€0,00;;;;;;;0;;;
OK;N_1_MANIF_CM_50X75_SAN_GIUSEPPE.JPG;;23/10/2023 10:38:16;50,00;75,05;1;0,4000;DGen Papyrus G5 - 1;BB Inchiostrazione elevata [Solutioncare];720x600;00:00:04;00:01:32;;0,00;€0,00;;;;;;;0;;;
OK;N_1_MANIF_CM_100X100_SOG_BIONDA.JPG;;23/10/2023 10:38:19;100,05;100,05;1;1,0500;DGen Papyrus G5 - 1;BB Inchiostrazione elevata [Solutioncare];720x600;00:00:09;00:01:32;;0,00;€0,00;;;;;;;0;;;
OK;N_1_MANIF_CM_100X100_SOG_MORA.JPG;;23/10/2023 10:38:44;100,05;100,05;1;1,0500;DGen Papyrus G5 - 1;BB Inchiostrazione elevata [Solutioncare];720x600;00:00:08;00:01:32;;0,00;€0,00;;;;;;;0;;;
OK;IlCentesimo_6x3_Base.JPG;;23/10/2023 10:54:10;568,00;280,00;2;31,8500;DGen Papyrus G5 - 1;BB Inchiostrazione elevata [Solutioncare];720x600;00:00:15;00:26:23;;0,00;€0,00;;;;;;;0;;;
OK;Bebe_6x3.JPG;;23/10/2023 11:50:36;568,00;280,00;4;63,6500;DGen Papyrus G5 - 1;BB Inchiostrazione elevata [Solutioncare];720x600;00:00:19;00:59:55;;0,00;€0,00;;;;;;;0;;;
OK;Bebe_6x3.JPG;;23/10/2023 13:18:31;568,00;280,00;2;31,8500;DGen Papyrus G5 - 1;BB Inchiostrazione elevata [Solutioncare];720x600;00:00:19;00:26:23;;0,00;€0,00;;;;;;;0;;;
OK;BebeChic_100140.JPG;;23/10/2023 13:54:26;131,00;95,00;19;23,6500;DGen Papyrus G5 - 1;BB Inchiostrazione elevata [Solutioncare];720x600;00:00:04;00:18:25;;0,00;€0,00;;;;;;;0;;;
OK;BebeChic_140x200.JPG;;23/10/2023 14:39:43;131,00;194,00;24;61,0000;DGen Papyrus G5 - 1;BB Inchiostrazione elevata [Solutioncare];720x600;00:00:07;00:58:24;;0,00;€0,00;;;;;;;0;;;
OK;IlCentesimo_6x3_Base.JPG;;23/10/2023 16:06:34;568,00;280,00;13;206,7500;DGen Papyrus G5 - 1;BB Inchiostrazione elevata [Solutioncare];720x600;00:00:16;11:42:11;;0,00;€0,00;;;;;;;0;;;
OK;IlCentesimo_6x3_Base~1.JPG;;23/10/2023 19:37:03;568,00;280,00;9;143,1500;DGen Papyrus G5 - 1;BB Inchiostrazione elevata [Solutioncare];720x600;00:00:15;11:42:11;;0,00;€0,00;;;;;;;0;;;
OK;IlCentesimo_100x140_1.JPG;;23/10/2023 22:08:41;131,00;95,00;5;6,2500;DGen Papyrus G5 - 1;BB Inchiostrazione elevata [Solutioncare];720x600;00:00:05;11:42:11;;0,00;€0,00;;;;;;;0;;;
OK;IlCentesimo_100x140_2.JPG;;23/10/2023 22:16:31;131,00;95,00;5;6,2500;DGen Papyrus G5 - 1;BB Inchiostrazione elevata [Solutioncare];720x600;00:00:05;11:42:11;;0,00;€0,00;;;;;;;0;;;
OK;IlCentesimo_100x140_3.JPG;;23/10/2023 22:23:01;131,00;95,00;5;6,2500;DGen Papyrus G5 - 1;BB Inchiostrazione elevata [Solutioncare];720x600;00:00:05;11:42:11;;0,00;€0,00;;;;;;;0;;;
OK;IlCentesimo_100x140_4.JPG;;23/10/2023 22:29:32;131,00;95,00;4;5,0000;DGen Papyrus G5 - 1;BB Inchiostrazione elevata [Solutioncare];720x600;00:00:05;11:42:11;;0,00;€0,00;;;;;;;0;;;
OK;IlCentesimo_140x200_1.JPG;;23/10/2023 22:34:46;131,00;194,00;28;71,2000;DGen Papyrus G5 - 1;BB Inchiostrazione elevata [Solutioncare];720x600;00:00:08;11:42:11;;0,00;€0,00;;;;;;;0;;;
OK;IlCentesimo_140x200_2.JPG;;23/10/2023 23:52:13;131,00;194,00;29;73,7000;DGen Papyrus G5 - 1;BB Inchiostrazione elevata [Solutioncare];720x600;00:00:08;11:42:11;;0,00;€0,00;;;;;;;0;;;
OK;IlCentesimo_140x200_3.JPG;;24/10/2023 01:12:15;131,00;194,00;29;73,7000;DGen Papyrus G5 - 1;BB Inchiostrazione elevata [Solutioncare];720x600;00:00:09;11:42:11;;0,00;€0,00;;;;;;;0;;;
OK;IlCentesimo_140x200_4.JPG;;24/10/2023 02:31:16;131,00;194,00;28;71,2000;DGen Papyrus G5 - 1;BB Inchiostrazione elevata [Solutioncare];720x600;00:00:08;11:42:11;;0,00;€0,00;;;;;;;0;;;
OK;Famila_140x200-3.JPG;;24/10/2023 07:53:47;131,00;194,00;30;76,2500;DGen Papyrus G5 - 1;BB Inchiostrazione elevata [Solutioncare];720x600;00:00:10;01:14:18;;0,00;€0,00;;;;;;;0;;;
OK;MARIO_CARIO_6X3_.JPG;;24/10/2023 09:21:35;568,00;280,00;1;15,9500;DGen Papyrus G5 - 1;BB Inchiostrazione elevata [Solutioncare];720x600;00:00:31;00:10:03;;0,00;€0,00;;;;;;;0;;;
OK;Expert_140x200_Marsala.JPG;;24/10/2023 09:41:35;131,00;194,00;8;20,3500;DGen Papyrus G5 - 1;BB Inchiostrazione elevata [Solutioncare];720x600;00:00:08;00:13:54;;0,00;€0,00;;;;;;;0;;;
OK;Expert_6x3_Marsala.JPG;;24/10/2023 10:08:32;568,00;280,00;1;15,9500;DGen Papyrus G5 - 1;BB Inchiostrazione elevata [Solutioncare];720x600;00:00:18;00:08:58;;0,00;€0,00;;;;;;;0;;;
OK;N_1_MANIF_CM_50X75_SAN_GIUSEPPE.JPG;;24/10/2023 10:21:43;50,00;75,05;2;0,8000;DGen Papyrus G5 - 1;BB Inchiostrazione elevata [Solutioncare];720x600;00:00:04;00:00:03;;0,00;€0,00;;;;;;;0;;;
OK;Expert_6x3_Marsala.JPG;;24/10/2023 10:28:02;568,00;280,00;1;15,9500;DGen Papyrus G5 - 1;BB Inchiostrazione elevata [Solutioncare];720x600;00:00:18;00:08:58;;0,00;€0,00;;;;;;;0;;;
OK;Sisa_6x3_1.JPG;;24/10/2023 10:48:35;568,00;280,00;4;63,6500;DGen Papyrus G5 - 1;BB Inchiostrazione elevata [Solutioncare];720x600;00:00:24;01:17:46;;0,00;€0,00;;;;;;;0;;;
OK;Sisa_6x3_2.JPG;;24/10/2023 11:37:31;568,00;280,00;2;31,8500;DGen Papyrus G5 - 1;BB Inchiostrazione elevata [Solutioncare];720x600;00:00:23;01:17:46;;0,00;€0,00;;;;;;;0;;;
OK;GED_140x200_Angelico1~1.JPG;;24/10/2023 12:24:35;131,00;194,00;1;2,5500;DGen Papyrus G5 - 1;BB Inchiostrazione elevata [Solutioncare];720x600;00:00:10;00:56:27;;0,00;€0,00;;;;;;;0;;;
OK;GED_140x200_Angelico2.JPG;;24/10/2023 12:24:45;131,00;194,00;1;2,5500;DGen Papyrus G5 - 1;BB Inchiostrazione elevata [Solutioncare];720x600;00:00:10;00:56:27;;0,00;€0,00;;;;;;;0;;;
OK;GED_140x200_Angelico3.JPG;;24/10/2023 12:24:54;131,00;194,00;1;2,5500;DGen Papyrus G5 - 1;BB Inchiostrazione elevata [Solutioncare];720x600;00:00:10;00:56:27;;0,00;€0,00;;;;;;;0;;;
OK;GED_140x200_Angelico4.JPG;;24/10/2023 12:25:03;131,00;194,00;1;2,5500;DGen Papyrus G5 - 1;BB Inchiostrazione elevata [Solutioncare];720x600;00:00:10;00:56:27;;0,00;€0,00;;;;;;;0;;;
OK;GED_140x200_Angelico5~1.JPG;;24/10/2023 12:27:05;131,00;194,00;2;5,1000;DGen Papyrus G5 - 1;BB Inchiostrazione elevata [Solutioncare];720x600;00:00:11;00:56:27;;0,00;€0,00;;;;;;;0;;;
OK;GED_140x200_Angelico6.JPG;;24/10/2023 12:31:38;131,00;194,00;1;2,5500;DGen Papyrus G5 - 1;BB Inchiostrazione elevata [Solutioncare];720x600;00:00:10;00:56:27;;0,00;€0,00;;;;;;;0;;;
OK;GED_140x200_Angelico7.JPG;;24/10/2023 12:33:53;131,00;194,00;2;5,1000;DGen Papyrus G5 - 1;BB Inchiostrazione elevata [Solutioncare];720x600;00:00:10;00:56:27;;0,00;€0,00;;;;;;;0;;;
OK;GED_140x200_Angelico8.JPG;;24/10/2023 12:39:20;131,00;194,00;2;5,1000;DGen Papyrus G5 - 1;BB Inchiostrazione elevata [Solutioncare];720x600;00:00:10;00:56:27;;0,00;€0,00;;;;;;;0;;;
OK;GED_140x200_1.JPG;;24/10/2023 12:43:53;131,00;194,00;2;5,1000;DGen Papyrus G5 - 1;BB Inchiostrazione elevata [Solutioncare];720x600;00:00:10;00:56:27;;0,00;€0,00;;;;;;;0;;;
OK;GED_140x200_2.JPG;;24/10/2023 12:48:27;131,00;194,00;2;5,1000;DGen Papyrus G5 - 1;BB Inchiostrazione elevata [Solutioncare];720x600;00:00:09;00:56:27;;0,00;€0,00;;;;;;;0;;;
OK;GED_140x200_3.JPG;;24/10/2023 12:52:54;131,00;194,00;2;5,1000;DGen Papyrus G5 - 1;BB Inchiostrazione elevata [Solutioncare];720x600;00:00:10;00:56:27;;0,00;€0,00;;;;;;;0;;;
OK;GED_140x200_4.JPG;;24/10/2023 12:57:28;131,00;194,00;2;5,1000;DGen Papyrus G5 - 1;BB Inchiostrazione elevata [Solutioncare];720x600;00:00:11;00:56:27;;0,00;€0,00;;;;;;;0;;;
OK;GED_140x200_5.JPG;;24/10/2023 13:02:01;131,00;194,00;2;5,1000;DGen Papyrus G5 - 1;BB Inchiostrazione elevata [Solutioncare];720x600;00:00:11;00:56:27;;0,00;€0,00;;;;;;;0;;;
OK;GED_140x200_6.JPG;;24/10/2023 13:07:27;131,00;194,00;3;7,6500;DGen Papyrus G5 - 1;BB Inchiostrazione elevata [Solutioncare];720x600;00:00:08;00:56:27;;0,00;€0,00;;;;;;;0;;;
OK;GED_140x200_7.JPG;;24/10/2023 13:14:17;131,00;194,00;3;7,6500;DGen Papyrus G5 - 1;BB Inchiostrazione elevata [Solutioncare];720x600;00:00:10;00:56:27;;0,00;€0,00;;;;;;;0;;;
OK;GED_6x3_Angelico.JPG;;24/10/2023 13:27:10;568,00;280,00;1;15,9500;DGen Papyrus G5 - 1;BB Inchiostrazione elevata [Solutioncare];720x600;00:00:20;00:23:15;;0,00;€0,00;;;;;;;0;;;
OK;GED_6x3_Basile.JPG;;24/10/2023 13:35:27;568,00;280,00;1;15,9500;DGen Papyrus G5 - 1;BB Inchiostrazione elevata [Solutioncare];720x600;00:00:19;00:23:15;;0,00;€0,00;;;;;;;0;;;
OK;GED_6x3_Bernini.JPG;;24/10/2023 14:02:03;568,00;280,00;1;15,9500;DGen Papyrus G5 - 1;BB Inchiostrazione elevata [Solutioncare];720x600;00:00:20;00:08:57;;0,00;€0,00;;;;;;;0;;;
OK;GED_6x3_Borremans.JPG;;24/10/2023 14:13:22;568,00;280,00;1;15,9500;DGen Papyrus G5 - 1;BB Inchiostrazione elevata [Solutioncare];720x600;00:00:20;00:15:21;;0,00;€0,00;;;;;;;0;;;
OK;GED_6x3_Lazzaro.JPG;;24/10/2023 14:37:07;568,00;280,00;1;15,9500;DGen Papyrus G5 - 1;BB Inchiostrazione elevata [Solutioncare];720x600;00:00:20;00:09:55;;0,00;€0,00;;;;;;;0;;;
OK;GED_6x3_Lussorio.JPG;;24/10/2023 15:05:04;568,00;280,00;1;15,9500;DGen Papyrus G5 - 1;BB Inchiostrazione elevata [Solutioncare];720x600;00:00:19;00:59:18;;0,00;€0,00;;;;;;;0;;;
OK;GED_6x3_Paterno.JPG;;24/10/2023 15:14:00;568,00;280,00;1;15,9500;DGen Papyrus G5 - 1;BB Inchiostrazione elevata [Solutioncare];720x600;00:00:21;00:59:18;;0,00;€0,00;;;;;;;0;;;
OK;GED_6x3_Perricone.JPG;;24/10/2023 15:31:10;568,00;280,00;1;15,9500;DGen Papyrus G5 - 1;BB Inchiostrazione elevata [Solutioncare];720x600;00:00:24;00:59:18;;0,00;€0,00;;;;;;;0;;;
OK;GED_6x3_R.DaVinci.JPG;;24/10/2023 15:47:17;568,00;280,00;1;15,9500;DGen Papyrus G5 - 1;BB Inchiostrazione elevata [Solutioncare];720x600;00:00:23;00:59:18;;0,00;€0,00;;;;;;;0;;;
OK;SERRAINO_5_COPIE.PDF;;24/10/2023 16:11:29;71,00;101,00;6;4,3500;DGen Papyrus G5 - 1;BB Inchiostrazione elevata [Solutioncare];720x600;00:00:04;00:00:16;;0,00;€0,00;;;;;;;0;;;
OK;GED_6x3_Terrasini.JPG;;24/10/2023 16:16:17;568,00;280,00;1;15,9500;DGen Papyrus G5 - 1;BB Inchiostrazione elevata [Solutioncare];720x600;00:00:19;00:10:17;;0,00;€0,00;;;;;;;0;;;
OK;5e5x1e45[2].JPG;;24/10/2023 16:31:20;143,00;550,00;1;7,9000;DGen Papyrus G5 - 1;BB Inchiostrazione elevata [Solutioncare];720x600;00:00:08;00:03:31;;0,00;€0,00;;;;;;;0;;;
OK;GED_6x3_Scienze.JPG;;24/10/2023 17:29:52;568,00;280,00;1;15,9500;DGen Papyrus G5 - 1;BB Inchiostrazione elevata [Solutioncare];720x600;00:00:21;13:41:47;;0,00;€0,00;;;;;;;0;;;
OK;GED_6x3_Tricomi.JPG;;24/10/2023 17:38:54;568,00;280,00;1;15,9500;DGen Papyrus G5 - 1;BB Inchiostrazione elevata [Solutioncare];720x600;00:00:20;13:41:47;;0,00;€0,00;;;;;;;0;;;
OK;GED_6x3_Uditore.JPG;;24/10/2023 17:55:20;568,00;280,00;1;15,9500;DGen Papyrus G5 - 1;BB Inchiostrazione elevata [Solutioncare];720x600;00:00:21;13:41:47;;0,00;€0,00;;;;;;;0;;;
OK;GED_6x3_UditoreHotel.JPG;;24/10/2023 18:12:34;568,00;280,00;1;15,9500;DGen Papyrus G5 - 1;BB Inchiostrazione elevata [Solutioncare];720x600;00:00:22;13:41:47;;0,00;€0,00;;;;;;;0;;;
OK;GED_6x3_Vespro.JPG;;24/10/2023 18:28:52;568,00;280,00;1;15,9500;DGen Papyrus G5 - 1;BB Inchiostrazione elevata [Solutioncare];720x600;00:00:20;13:41:47;;0,00;€0,00;;;;;;;0;;;
OK;GED_6x3_Ziino.JPG;;24/10/2023 18:46:08;568,00;280,00;1;15,9500;DGen Papyrus G5 - 1;BB Inchiostrazione elevata [Solutioncare];720x600;00:00:17;13:41:47;;0,00;€0,00;;;;;;;0;;;
OK;Sisa_6x3_1.JPG;;24/10/2023 19:03:34;568,00;280,00;28;445,3500;DGen Papyrus G5 - 1;BB Inchiostrazione elevata [Solutioncare];720x600;00:00:23;13:41:47;;0,00;€0,00;;;;;;;0;;;
OK;Sisa_140x200_1.JPG;;25/10/2023 02:52:11;131,00;194,00;10;25,4500;DGen Papyrus G5 - 1;BB Inchiostrazione elevata [Solutioncare];720x600;00:00:10;13:41:47;;0,00;€0,00;;;;;;;0;;;
OK;Sisa_140x200_2.JPG;;25/10/2023 03:20:09;131,00;194,00;10;25,4500;DGen Papyrus G5 - 1;BB Inchiostrazione elevata [Solutioncare];720x600;00:00:10;13:41:47;;0,00;€0,00;;;;;;;0;;;
OK;Sisa_100x140_1.JPG;;25/10/2023 03:47:39;131,00;95,00;23;28,6500;DGen Papyrus G5 - 1;BB Inchiostrazione elevata [Solutioncare];720x600;00:00:06;13:41:47;;0,00;€0,00;;;;;;;0;;;
OK;Sisa_100x140_2.JPG;;25/10/2023 04:18:41;131,00;95,00;24;29,9000;DGen Papyrus G5 - 1;BB Inchiostrazione elevata [Solutioncare];720x600;00:00:06;13:41:47;;0,00;€0,00;;;;;;;0;;;
OK;Tosto_6x6.JPG;;25/10/2023 04:50:51;568,00;570,00;2;64,8000;DGen Papyrus G5 - 1;BB Inchiostrazione elevata [Solutioncare];720x600;00:00:37;13:41:47;;0,00;€0,00;;;;;;;0;;;
OK;Tosto_12x3.JPG;;25/10/2023 05:58:32;1.180,00;278,00;2;65,6500;DGen Papyrus G5 - 1;BB Inchiostrazione elevata [Solutioncare];720x600;00:00:33;13:41:47;;0,00;€0,00;;;;;;;0;;;
OK;Sisa_6x3_2.JPG;;25/10/2023 07:49:25;568,00;280,00;12;190,8500;DGen Papyrus G5 - 1;BB Inchiostrazione elevata [Solutioncare];720x600;00:00:23;03:13:20;;0,00;€0,00;;;;;;;0;;;
OK;IlCentesimo_140x200_1.JPG;;25/10/2023 11:08:39;131,00;194,00;3;7,6500;DGen Papyrus G5 - 1;BB Inchiostrazione elevata [Solutioncare];720x600;00:00:08;00:22:00;;0,00;€0,00;;;;;;;0;;;
OK;IlCentesimo_140x200_2.JPG;;25/10/2023 11:12:05;131,00;194,00;2;5,1000;DGen Papyrus G5 - 1;BB Inchiostrazione elevata [Solutioncare];720x600;00:00:08;00:22:00;;0,00;€0,00;;;;;;;0;;;
OK;IlCentesimo_140x200_3.JPG;;25/10/2023 11:17:20;131,00;194,00;2;5,1000;DGen Papyrus G5 - 1;BB Inchiostrazione elevata [Solutioncare];720x600;00:00:09;00:22:00;;0,00;€0,00;;;;;;;0;;;
OK;IlCentesimo_140x200_4.JPG;;25/10/2023 11:22:42;131,00;194,00;3;7,6500;DGen Papyrus G5 - 1;BB Inchiostrazione elevata [Solutioncare];720x600;00:00:08;00:22:00;;0,00;€0,00;;;;;;;0;;;
OK;N_1_POSTER_580x275_SIVIGLIA_SINDACO_RINGRAZIAMENTO.JPG;;25/10/2023 11:47:48;568,00;280,00;1;15,9500;DGen Papyrus G5 - 1;BB Inchiostrazione elevata [Solutioncare];720x600;00:00:38;00:09:54;;0,00;€0,00;;;;;;;0;;;
ERROR;Cascino_6x3_Term1.JPG;;25/10/2023 12:26:04;568,00;280,00;1;15,9500;DGen Papyrus G5 - 1;BB Inchiostrazione elevata [Solutioncare];720x600;00:00:16;00:03:03;;0,00;€0,00;;;;;;;0;;;
OK;dal24al5novembre.PDF;;25/10/2023 12:29:45;575,00;285,05;1;16,4000;DGen Papyrus G5 - 1;BB Inchiostrazione elevata [Solutioncare];720x600;00:00:44;00:11:33;;0,00;€0,00;;;;;;;0;;;
OK;Cascino_6x3_Term1.JPG;;25/10/2023 12:58:57;568,00;280,00;1;15,9500;DGen Papyrus G5 - 1;BB Inchiostrazione elevata [Solutioncare];720x600;00:00:16;01:34:18;;0,00;€0,00;;;;;;;0;;;
OK;AtelierArena_6x3.JPG;;25/10/2023 13:08:56;568,00;280,00;1;15,9500;DGen Papyrus G5 - 1;BB Inchiostrazione elevata [Solutioncare];720x600;00:00:16;01:34:18;;0,00;€0,00;;;;;;;0;;;
OK;FG_Detersivi_6x3.JPG;;25/10/2023 13:25:21;568,00;280,00;2;31,8500;DGen Papyrus G5 - 1;BB Inchiostrazione elevata [Solutioncare];720x600;00:00:22;01:34:18;;0,00;€0,00;;;;;;;0;;;
OK;FG_Detersivi_6x3~1.JPG;;25/10/2023 13:58:45;568,00;280,00;2;31,8500;DGen Papyrus G5 - 1;BB Inchiostrazione elevata [Solutioncare];720x600;00:00:22;01:34:18;;0,00;€0,00;;;;;;;0;;;
OK;PaghiPoco_140x200_A_Partinico.JPG;;25/10/2023 14:33:31;131,00;194,00;2;5,1000;DGen Papyrus G5 - 1;BB Inchiostrazione elevata [Solutioncare];720x600;00:00:09;00:40:50;;0,00;€0,00;;;;;;;0;;;
OK;PaghiPoco_140x200_B_Partinico.JPG;;25/10/2023 14:38:52;131,00;194,00;2;5,1000;DGen Papyrus G5 - 1;BB Inchiostrazione elevata [Solutioncare];720x600;00:00:09;00:40:50;;0,00;€0,00;;;;;;;0;;;
OK;PaghiPoco_6x3_Marsala.JPG;;25/10/2023 14:44:33;568,00;280,00;2;31,8500;DGen Papyrus G5 - 1;BB Inchiostrazione elevata [Solutioncare];720x600;00:00:21;00:40:50;;0,00;€0,00;;;;;;;0;;;
OK;PaghiPoco_6x3_Partinico.JPG;;25/10/2023 15:14:29;568,00;280,00;1;15,9500;DGen Papyrus G5 - 1;BB Inchiostrazione elevata [Solutioncare];720x600;00:00:22;01:06:06;;0,00;€0,00;;;;;;;0;;;
OK;PaghiPoco_6x3_Trapani.JPG;;25/10/2023 15:25:33;568,00;280,00;6;95,4500;DGen Papyrus G5 - 1;BB Inchiostrazione elevata [Solutioncare];720x600;00:00:23;01:06:06;;0,00;€0,00;;;;;;;0;;;
ERROR;PaghiPoco_12x3_Palermo.JPG;;25/10/2023 17:18:57;1.180,00;278,00;3;98,4500;DGen Papyrus G5 - 1;BB Inchiostrazione elevata [Solutioncare];720x600;00:00:40;00:00:29;;0,00;€0,00;;;;;;;0;;;
OK;PaghiPoco_12x3_Palermo.JPG;;25/10/2023 17:20:52;1.180,00;278,00;3;98,4500;DGen Papyrus G5 - 1;BB Inchiostrazione elevata [Solutioncare];720x600;00:00:40;01:41:20;;0,00;€0,00;;;;;;;0;;;
OK;MercatoneCeramica_100x140.JPG;;26/10/2023 07:58:29;131,00;95,00;60;74,7000;DGen Papyrus G5 - 1;BB Inchiostrazione elevata [Solutioncare];720x600;00:00:04;01:28:06;;0,00;€0,00;;;;;;;0;;;
OK;MercatoneCeramica_100x140.JPG;;26/10/2023 09:37:28;131,00;95,00;10;12,4500;DGen Papyrus G5 - 1;BB Inchiostrazione elevata [Solutioncare];720x600;00:00:04;00:05:40;;0,00;€0,00;;;;;;;0;;;
OK;MercatoneCeramica_100x140.JPG;;26/10/2023 09:59:29;131,00;95,00;35;43,6000;DGen Papyrus G5 - 1;BB Inchiostrazione elevata [Solutioncare];720x600;00:00:04;00:40:03;;0,00;€0,00;;;;;;;0;;;
OK;Cascino_6x3_Term2.JPG;;26/10/2023 10:40:06;568,00;280,00;1;15,9500;DGen Papyrus G5 - 1;BB Inchiostrazione elevata [Solutioncare];720x600;00:00:16;00:16:17;;0,00;€0,00;;;;;;;0;;;
OK;MercatoneCeramica_140x200.JPG;;26/10/2023 11:09:44;131,00;194,00;30;76,2500;DGen Papyrus G5 - 1;BB Inchiostrazione elevata [Solutioncare];720x600;00:00:07;01:14:19;;0,00;€0,00;;;;;;;0;;;
ERROR;Stellantis_6x3.JPG;;26/10/2023 13:29:25;568,00;280,00;10;159,0500;DGen Papyrus G5 - 1;BB Inchiostrazione elevata [Solutioncare];720x600;00:00:19;00:03:17;;0,00;€0,00;;;;;;;0;;;
OK;Stellantis_6x3.JPG;;26/10/2023 13:34:10;568,00;280,00;10;159,0500;DGen Papyrus G5 - 1;BB Inchiostrazione elevata [Solutioncare];720x600;00:00:19;02:40:23;;0,00;€0,00;;;;;;;0;;;
OK;Stellantis_6x3.JPG;;26/10/2023 16:26:31;568,00;280,00;16;254,5000;DGen Papyrus G5 - 1;BB Inchiostrazione elevata [Solutioncare];720x600;00:00:19;04:21:20;;0,00;€0,00;;;;;;;0;;;
OK;TeatroMassimo_100x140.JPG;;27/10/2023 11:32:49;131,00;95,00;19;23,6500;DGen Papyrus G5 - 1;BB Inchiostrazione elevata [Solutioncare];720x600;00:00:07;02:44:38;;0,00;€0,00;;;;;;;0;;;
OK;BebeChic_100140.JPG;;27/10/2023 11:49:22;131,00;85,00;2;2,2500;DGen Papyrus G5 - 1;BB Inchiostrazione elevata [Solutioncare];720x600;00:00:04;02:44:38;;0,00;€0,00;;;;;;;0;;;
OK;BebeChic_140x200.JPG;;27/10/2023 11:51:45;131,00;194,00;7;17,8000;DGen Papyrus G5 - 1;BB Inchiostrazione elevata [Solutioncare];720x600;00:00:07;02:44:38;;0,00;€0,00;;;;;;;0;;;
OK;SicilyByCar_6x6.JPG;;27/10/2023 12:11:20;568,00;570,00;1;32,4000;DGen Papyrus G5 - 1;BB Inchiostrazione elevata [Solutioncare];720x600;00:00:40;02:44:38;;0,00;€0,00;;;;;;;0;;;
OK;SicilyByCar_100x140.JPG;;27/10/2023 12:45:00;131,00;95,00;10;12,4500;DGen Papyrus G5 - 1;BB Inchiostrazione elevata [Solutioncare];720x600;00:00:07;02:44:38;;0,00;€0,00;;;;;;;0;;;
OK;SicilyByCar_140x200.JPG;;27/10/2023 12:58:27;131,00;194,00;7;17,8000;DGen Papyrus G5 - 1;BB Inchiostrazione elevata [Solutioncare];720x600;00:00:09;02:44:38;;0,00;€0,00;;;;;;;0;;;
OK;ADM_100x140.JPG;;27/10/2023 13:18:01;131,00;95,00;16;19,9500;DGen Papyrus G5 - 1;BB Inchiostrazione elevata [Solutioncare];720x600;00:00:04;02:44:38;;0,00;€0,00;;;;;;;0;;;
OK;Decathlon_100x140.JPG;;27/10/2023 13:39:55;131,00;95,00;22;27,4000;DGen Papyrus G5 - 1;BB Inchiostrazione elevata [Solutioncare];720x600;00:00:05;02:44:38;;0,00;€0,00;;;;;;;0;;;
OK;Decathlon_140x200.JPG;;27/10/2023 14:09:29;131,00;194,00;3;7,6500;DGen Papyrus G5 - 1;BB Inchiostrazione elevata [Solutioncare];720x600;00:00:09;02:44:38;;0,00;€0,00;;;;;;;0;;;
OK;Todis_6x3_1.JPG;;27/10/2023 15:35:45;568,00;280,00;6;95,4500;DGen Papyrus G5 - 1;BB Inchiostrazione elevata [Solutioncare];720x600;00:00:22;12:30:17;;0,00;€0,00;;;;;;;0;;;
OK;Todis_6x3_2.JPG;;27/10/2023 17:08:35;568,00;280,00;6;95,4500;DGen Papyrus G5 - 1;BB Inchiostrazione elevata [Solutioncare];720x600;00:00:20;12:30:17;;0,00;€0,00;;;;;;;0;;;
OK;Todis_6x3_4.JPG;;27/10/2023 18:50:12;568,00;280,00;6;95,4500;DGen Papyrus G5 - 1;BB Inchiostrazione elevata [Solutioncare];720x600;00:00:23;12:30:17;;0,00;€0,00;;;;;;;0;;;
OK;Todis_6x3_3.JPG;;27/10/2023 20:31:14;568,00;280,00;19;302,2000;DGen Papyrus G5 - 1;BB Inchiostrazione elevata [Solutioncare];720x600;00:00:21;12:30:17;;0,00;€0,00;;;;;;;0;;;
OK;Todis_100X140_1.JPG;;28/10/2023 01:52:45;131,00;95,00;33;41,1000;DGen Papyrus G5 - 1;BB Inchiostrazione elevata [Solutioncare];720x600;00:00:05;12:30:17;;0,00;€0,00;;;;;;;0;;;
OK;Todis_100X140_2.JPG;;28/10/2023 02:37:05;131,00;95,00;33;41,1000;DGen Papyrus G5 - 1;BB Inchiostrazione elevata [Solutioncare];720x600;00:00:05;12:30:17;;0,00;€0,00;;;;;;;0;;;
OK;Todis_100X140_3.JPG;;28/10/2023 03:22:00;131,00;95,00;33;41,1000;DGen Papyrus G5 - 1;BB Inchiostrazione elevata [Solutioncare];720x600;00:00:05;12:30:17;;0,00;€0,00;;;;;;;0;;;
OK;Famila_6x3_1.JPG;;29/10/2023 19:06:16;568,00;280,00;8;127,2500;DGen Papyrus G5 - 1;BB Inchiostrazione elevata [Solutioncare];720x600;00:00:25;10:20:37;;0,00;€0,00;;;;;;;0;;;
OK;Famila_6x3_2.JPG;;29/10/2023 21:12:31;568,00;280,00;8;127,2500;DGen Papyrus G5 - 1;BB Inchiostrazione elevata [Solutioncare];720x600;00:00:23;10:20:37;;0,00;€0,00;;;;;;;0;;;
OK;Famila_6x3_3.JPG;;29/10/2023 23:27:08;568,00;280,00;9;143,1500;DGen Papyrus G5 - 1;BB Inchiostrazione elevata [Solutioncare];720x600;00:00:24;10:20:37;;0,00;€0,00;;;;;;;0;;;
OK;Famila_6x3_4.JPG;;30/10/2023 01:59:26;568,00;280,00;9;143,1500;DGen Papyrus G5 - 1;BB Inchiostrazione elevata [Solutioncare];720x600;00:00:23;10:20:37;;0,00;€0,00;;;;;;;0;;;
OK;Famila_100x140_1.JPG;;30/10/2023 04:31:50;131,00;95,00;1;1,2500;DGen Papyrus G5 - 1;BB Inchiostrazione elevata [Solutioncare];720x600;00:00:06;10:20:37;;0,00;€0,00;;;;;;;0;;;
OK;Famila_100x140_2.JPG;;30/10/2023 04:33:09;131,00;95,00;1;1,2500;DGen Papyrus G5 - 1;BB Inchiostrazione elevata [Solutioncare];720x600;00:00:05;10:20:37;;0,00;€0,00;;;;;;;0;;;
OK;Famila_100x140_3.JPG;;30/10/2023 04:34:35;131,00;95,00;2;2,5000;DGen Papyrus G5 - 1;BB Inchiostrazione elevata [Solutioncare];720x600;00:00:05;10:20:37;;0,00;€0,00;;;;;;;0;;;
OK;Famila_100x140_4.JPG;;30/10/2023 04:37:17;131,00;95,00;2;2,5000;DGen Papyrus G5 - 1;BB Inchiostrazione elevata [Solutioncare];720x600;00:00:06;10:20:37;;0,00;€0,00;;;;;;;0;;;
OK;O.G.T._585x390_2_Copie.JPG;;30/10/2023 04:40:03;568,00;390,00;2;44,3500;DGen Papyrus G5 - 1;BB Inchiostrazione elevata [Solutioncare];720x600;00:00:27;10:20:37;;0,00;€0,00;;;;;;;0;;;
OK;Bruno_6x6_BlackFriday.JPG;;30/10/2023 08:30:32;568,00;570,00;2;64,8000;DGen Papyrus G5 - 1;BB Inchiostrazione elevata [Solutioncare];720x600;00:00:40;01:17:24;;0,00;€0,00;;;;;;;0;;;
OK;NoMasVello_6x3.JPG;;30/10/2023 09:30:31;568,00;280,00;1;15,9500;DGen Papyrus G5 - 1;BB Inchiostrazione elevata [Solutioncare];720x600;00:00:20;01:17:24;;0,00;€0,00;;;;;;;0;;;
OK;ARD_6x3_Marsala.JPG;;30/10/2023 11:16:26;568,00;280,00;1;15,9500;DGen Papyrus G5 - 1;BB Inchiostrazione elevata [Solutioncare];720x600;00:00:23;02:40:28;;0,00;€0,00;;;;;;;0;;;
OK;ARD_6x311.JPG;;30/10/2023 11:25:00;568,00;280,00;2;31,8500;DGen Papyrus G5 - 1;BB Inchiostrazione elevata [Solutioncare];720x600;00:00:22;02:40:28;;0,00;€0,00;;;;;;;0;;;
OK;Todis_6x3_ViaCasella_PA.JPG;;30/10/2023 11:58:33;568,00;280,00;1;15,9500;DGen Papyrus G5 - 1;BB Inchiostrazione elevata [Solutioncare];720x600;00:00:21;02:40:28;;0,00;€0,00;;;;;;;0;;;
OK;Todis_6x3_ViaCorbino_PA.JPG;;30/10/2023 12:14:58;568,00;280,00;2;31,8500;DGen Papyrus G5 - 1;BB Inchiostrazione elevata [Solutioncare];720x600;00:00:22;02:40:28;;0,00;€0,00;;;;;;;0;;;
OK;Todis_6x3_ViaGeremia_PA.JPG;;30/10/2023 12:48:30;568,00;280,00;2;31,8500;DGen Papyrus G5 - 1;BB Inchiostrazione elevata [Solutioncare];720x600;00:00:22;02:40:28;;0,00;€0,00;;;;;;;0;;;
OK;Todis_6x3_ViaRudinì_PA.JPG;;30/10/2023 13:22:06;568,00;280,00;1;15,9500;DGen Papyrus G5 - 1;BB Inchiostrazione elevata [Solutioncare];720x600;00:00:22;02:40:28;;0,00;€0,00;;;;;;;0;;;
OK;Todis_6x3_ViaTricomi_PA.JPG;;30/10/2023 13:39:31;568,00;280,00;1;15,9500;DGen Papyrus G5 - 1;BB Inchiostrazione elevata [Solutioncare];720x600;00:00:22;02:40:28;;0,00;€0,00;;;;;;;0;;;
OK;Mangiatorella_6x3.JPG;;30/10/2023 13:58:56;568,00;280,00;2;31,8500;DGen Papyrus G5 - 1;BB Inchiostrazione elevata [Solutioncare];720x600;00:00:23;00:33:05;;0,00;€0,00;;;;;;;0;;;
OK;IlCentesimo_100x140_1.JPG;;30/10/2023 14:52:11;131,00;95,00;5;6,2500;DGen Papyrus G5 - 1;BB Inchiostrazione elevata [Solutioncare];720x600;00:00:05;00:21:52;;0,00;€0,00;;;;;;;0;;;
OK;IlCentesimo_100x140_2.JPG;;30/10/2023 14:52:33;131,00;95,00;6;7,5000;DGen Papyrus G5 - 1;BB Inchiostrazione elevata [Solutioncare];720x600;00:00:06;00:21:52;;0,00;€0,00;;;;;;;0;;;
OK;IlCentesimo_100x140_3.JPG;;30/10/2023 14:58:39;131,00;95,00;5;6,2500;DGen Papyrus G5 - 1;BB Inchiostrazione elevata [Solutioncare];720x600;00:00:05;00:21:52;;0,00;€0,00;;;;;;;0;;;
OK;IlCentesimo_100x140_4.JPG;;30/10/2023 15:05:11;131,00;95,00;6;7,5000;DGen Papyrus G5 - 1;BB Inchiostrazione elevata [Solutioncare];720x600;00:00:05;00:21:52;;0,00;€0,00;;;;;;;0;;;
OK;IlCentesimo_140x200_1.JPG;;30/10/2023 15:16:49;131,00;194,00;3;7,6500;DGen Papyrus G5 - 1;BB Inchiostrazione elevata [Solutioncare];720x600;00:00:08;00:25:33;;0,00;€0,00;;;;;;;0;;;
OK;IlCentesimo_140x200_2.JPG;;30/10/2023 15:22:53;131,00;194,00;3;7,6500;DGen Papyrus G5 - 1;BB Inchiostrazione elevata [Solutioncare];720x600;00:00:09;00:25:33;;0,00;€0,00;;;;;;;0;;;
OK;IlCentesimo_140x200_3.JPG;;30/10/2023 15:30:49;131,00;194,00;2;5,1000;DGen Papyrus G5 - 1;BB Inchiostrazione elevata [Solutioncare];720x600;00:00:08;00:25:33;;0,00;€0,00;;;;;;;0;;;
OK;IlCentesimo_140x200_4.JPG;;30/10/2023 15:37:06;131,00;194,05;2;5,1000;DGen Papyrus G5 - 1;BB Inchiostrazione elevata [Solutioncare];720x600;00:00:08;00:25:33;;0,00;€0,00;;;;;;;0;;;
ERROR;IlCentesimo_140x200_1.JPG;;30/10/2023 16:58:11;131,00;194,00;29;73,7000;DGen Papyrus G5 - 1;BB Inchiostrazione elevata [Solutioncare];720x600;00:00:08;15:36:13;;0,00;€0,00;;;;;;;0;;;
ERROR;IlCentesimo_140x200_2.JPG;;30/10/2023 18:10:51;131,00;194,00;29;73,7000;DGen Papyrus G5 - 1;BB Inchiostrazione elevata [Solutioncare];720x600;00:00:09;15:36:13;;0,00;€0,00;;;;;;;0;;;
ERROR;IlCentesimo_140x200_3.JPG;;30/10/2023 19:30:53;131,00;194,00;28;71,2000;DGen Papyrus G5 - 1;BB Inchiostrazione elevata [Solutioncare];720x600;00:00:08;15:36:13;;0,00;€0,00;;;;;;;0;;;
ERROR;IlCentesimo_140x200_4.JPG;;30/10/2023 20:48:19;131,00;194,05;28;71,2000;DGen Papyrus G5 - 1;BB Inchiostrazione elevata [Solutioncare];720x600;00:00:08;15:36:13;;0,00;€0,00;;;;;;;0;;;
ERROR;Mangiatorella_6x3.JPG;;30/10/2023 22:04:42;568,00;280,00;30;477,1500;DGen Papyrus G5 - 1;BB Inchiostrazione elevata [Solutioncare];720x600;00:00:23;15:36:13;;0,00;€0,00;;;;;;;0;;;
ERROR;Mangiatorella_6x6.JPG;;31/10/2023 06:31:05;568,00;570,00;5;161,9000;DGen Papyrus G5 - 1;BB Inchiostrazione elevata [Solutioncare];720x600;00:00:40;15:36:13;;0,00;€0,00;;;;;;;0;;;
OK;Mangiatorella_6x6.JPG;;31/10/2023 08:46:12;568,00;570,00;5;161,9000;DGen Papyrus G5 - 1;BB Inchiostrazione elevata [Solutioncare];720x600;00:00:40;00:49:50;;0,00;€0,00;;;;;;;0;;;
OK;ConcaD'Oro_12x3.JPG;;31/10/2023 09:44:23;1.180,00;278,00;1;32,8500;DGen Papyrus G5 - 1;BB Inchiostrazione elevata [Solutioncare];720x600;00:00:38;00:29:07;;0,00;€0,00;;;;;;;0;;;
OK;ConcaD'Oro_12x3.JPG;;31/10/2023 10:19:05;1.180,00;278,00;1;32,8500;DGen Papyrus G5 - 1;BB Inchiostrazione elevata [Solutioncare];720x600;00:00:38;00:30:52;;0,00;€0,00;;;;;;;0;;;
OK;ConcaD'Oro_6x3.JPG;;31/10/2023 10:57:24;568,00;280,00;1;15,9500;DGen Papyrus G5 - 1;BB Inchiostrazione elevata [Solutioncare];720x600;00:00:27;00:10:39;;0,00;€0,00;;;;;;;0;;;
OK;ConcaD'Oro_6x3.JPG;;31/10/2023 11:26:19;568,00;280,00;1;15,9500;DGen Papyrus G5 - 1;BB Inchiostrazione elevata [Solutioncare];720x600;00:00:27;00:09:34;;0,00;€0,00;;;;;;;0;;;
OK;ConcaD'Oro_6x3.JPG;;31/10/2023 11:44:07;568,00;280,00;8;127,2500;DGen Papyrus G5 - 1;BB Inchiostrazione elevata [Solutioncare];720x600;00:00:27;02:09:12;;0,00;€0,00;;;;;;;0;;;
OK;ConcaD'Oro_12x3.JPG;;31/10/2023 14:04:04;1.180,00;278,00;2;65,6500;DGen Papyrus G5 - 1;BB Inchiostrazione elevata [Solutioncare];720x600;00:00:38;01:05:01;;0,00;€0,00;;;;;;;0;;;
OK;ConcaD'Oro_6x3.JPG;;31/10/2023 15:10:16;568,00;280,00;2;31,8500;DGen Papyrus G5 - 1;BB Inchiostrazione elevata [Solutioncare];720x600;00:00:27;00:33:08;;0,00;€0,00;;;;;;;0;;;
OK;ConcaD'Oro_6x3.JPG;;31/10/2023 16:26:29;568,00;280,00;18;286,3000;DGen Papyrus G5 - 1;BB Inchiostrazione elevata [Solutioncare];720x600;00:00:27;16:14:02;;0,00;€0,00;;;;;;;0;;;
OK;ConcaD'Oro_6x6.JPG;;31/10/2023 21:22:37;568,00;570,00;2;64,8000;DGen Papyrus G5 - 1;BB Inchiostrazione elevata [Solutioncare];720x600;00:00:46;16:14:02;;0,00;€0,00;;;;;;;0;;;
OK;Comer_6x3.JPG;;31/10/2023 22:31:42;568,00;280,00;36;572,5500;DGen Papyrus G5 - 1;BB Inchiostrazione elevata [Solutioncare];720x600;00:00:20;16:14:02;;0,00;€0,00;;;;;;;0;;;
OK;Comer_6x6.JPG;;02/11/2023 08:21:41;568,00;570,00;1;32,4000;DGen Papyrus G5 - 1;BB Inchiostrazione elevata [Solutioncare];720x600;00:00:37;00:26:24;;0,00;€0,00;;;;;;;0;;;
OK;Comer_6x6.JPG;;02/11/2023 08:48:37;568,00;570,00;1;32,4000;DGen Papyrus G5 - 1;BB Inchiostrazione elevata [Solutioncare];720x600;00:00:37;00:34:50;;0,00;€0,00;;;;;;;0;;;
OK;Comer_140x200.JPG;;02/11/2023 09:25:38;131,00;194,00;14;35,6000;DGen Papyrus G5 - 1;BB Inchiostrazione elevata [Solutioncare];720x600;00:00:09;00:35:57;;0,00;€0,00;;;;;;;0;;;
OK;Comer_140x200.JPG;;02/11/2023 10:19:44;131,00;194,00;40;101,7000;DGen Papyrus G5 - 1;BB Inchiostrazione elevata [Solutioncare];720x600;00:00:09;01:42:43;;0,00;€0,00;;;;;;;0;;;
OK;Comer_100x140.JPG;;02/11/2023 12:55:57;131,00;95,00;47;58,5000;DGen Papyrus G5 - 1;BB Inchiostrazione elevata [Solutioncare];720x600;00:00:05;00:55:58;;0,00;€0,00;;;;;;;0;;;
OK;La_Grande_Giara_A3_novembre_2023__4copie_.JPG;;02/11/2023 14:05:15;29,75;42,05;4;0,5000;DGen Papyrus G5 - 1;BB Inchiostrazione elevata [Solutioncare];720x600;00:00:04;00:00:06;;0,00;€0,00;;;;;;;0;;;
OK;N_1_MANIF_CM_69,90X49,90_SOG_ASSISTENZA_TECNICA.JPG;;02/11/2023 14:05:17;69,90;49,90;1;0,3500;DGen Papyrus G5 - 1;BB Inchiostrazione elevata [Solutioncare];720x600;00:00:05;00:00:06;;0,00;€0,00;;;;;;;0;;;
OK;N_1_MANIF_CM_69,90X49,90_SOG_SITI_WEB.JPG;;02/11/2023 14:05:17;69,90;49,90;1;0,3500;DGen Papyrus G5 - 1;BB Inchiostrazione elevata [Solutioncare];720x600;00:00:06;00:00:06;;0,00;€0,00;;;;;;;0;;;
OK;Conad_6x3_Bagheria.JPG;;02/11/2023 14:09:49;568,00;280,00;1;15,9500;DGen Papyrus G5 - 1;BB Inchiostrazione elevata [Solutioncare];720x600;00:00:19;00:29:59;;0,00;€0,00;;;;;;;0;;;
OK;distribution_point_2-11-2023.JPG;;02/11/2023 14:20:26;575,00;285,00;1;16,4000;DGen Papyrus G5 - 1;BB Inchiostrazione elevata [Solutioncare];720x600;00:00:26;00:29:59;;0,00;€0,00;;;;;;;0;;;
OK;LaViaLattea_6x6_1.JPG;;02/11/2023 14:49:24;568,00;565,00;1;32,1000;DGen Papyrus G5 - 1;BB Inchiostrazione elevata [Solutioncare];720x600;00:00:40;00:27:33;;0,00;€0,00;;;;;;;0;;;
OK;LaViaLattea_6x6_2.JPG;;02/11/2023 15:30:45;568,00;565,00;1;32,1000;DGen Papyrus G5 - 1;BB Inchiostrazione elevata [Solutioncare];720x600;00:00:39;00:27:16;;0,00;€0,00;;;;;;;0;;;
OK;LaViaLattea_12x6.JPG;;02/11/2023 17:22:33;1.185,05;585,00;1;69,3500;DGen Papyrus G5 - 1;BB Inchiostrazione elevata [Solutioncare];720x600;00:01:18;14:40:26;;0,00;€0,00;;;;;;;0;;;
OK;PennyMarket_6x3_CT1.JPG;;02/11/2023 18:31:55;568,00;280,00;4;63,6500;DGen Papyrus G5 - 1;BB Inchiostrazione elevata [Solutioncare];720x600;00:00:23;14:40:26;;0,00;€0,00;;;;;;;0;;;
OK;PennyMarket_6x3_CT4.JPG;;02/11/2023 19:38:52;568,00;280,00;5;79,5500;DGen Papyrus G5 - 1;BB Inchiostrazione elevata [Solutioncare];720x600;00:00:22;14:40:26;;0,00;€0,00;;;;;;;0;;;
OK;PennyMarket_102x142_CT1.JPG;;02/11/2023 21:03:16;142,05;102,05;18;26,1000;DGen Papyrus G5 - 1;BB Inchiostrazione elevata [Solutioncare];720x600;00:00:06;14:40:26;;0,00;€0,00;;;;;;;0;;;
OK;PennyMarket_102x142_CT2.JPG;;02/11/2023 21:30:38;142,05;102,05;17;24,6500;DGen Papyrus G5 - 1;BB Inchiostrazione elevata [Solutioncare];720x600;00:00:08;14:40:26;;0,00;€0,00;;;;;;;0;;;
OK;PennyMarket_102x142_CT3.JPG;;02/11/2023 21:56:32;142,05;102,05;17;24,6500;DGen Papyrus G5 - 1;BB Inchiostrazione elevata [Solutioncare];720x600;00:00:08;14:40:26;;0,00;€0,00;;;;;;;0;;;
OK;PennyMarket_102x142_CT4.JPG;;02/11/2023 22:21:21;142,05;102,05;18;26,1000;DGen Papyrus G5 - 1;BB Inchiostrazione elevata [Solutioncare];720x600;00:00:04;14:40:26;;0,00;€0,00;;;;;;;0;;;
OK;PennyMarket_140x200_CT3.JPG;;02/11/2023 22:48:44;134,00;194,00;7;18,2000;DGen Papyrus G5 - 1;BB Inchiostrazione elevata [Solutioncare];720x600;00:00:08;14:40:26;;0,00;€0,00;;;;;;;0;;;
OK;PennyMarket_140x200_CT4.JPG;;02/11/2023 23:08:58;134,00;194,00;7;18,2000;DGen Papyrus G5 - 1;BB Inchiostrazione elevata [Solutioncare];720x600;00:00:08;14:40:26;;0,00;€0,00;;;;;;;0;;;
OK;PennyMarket_140x200_CT1.JPG;;02/11/2023 23:28:49;134,00;194,00;8;20,8000;DGen Papyrus G5 - 1;BB Inchiostrazione elevata [Solutioncare];720x600;00:00:09;14:40:26;;0,00;€0,00;;;;;;;0;;;
OK;PennyMarket_140x200_CT2.JPG;;02/11/2023 23:50:33;134,00;194,00;8;20,8000;DGen Papyrus G5 - 1;BB Inchiostrazione elevata [Solutioncare];720x600;00:00:08;14:40:26;;0,00;€0,00;;;;;;;0;;;
OK;PaghiPoco_6x3_Caltag.JPG;;03/11/2023 00:13:19;568,00;280,00;2;31,8500;DGen Papyrus G5 - 1;BB Inchiostrazione elevata [Solutioncare];720x600;00:00:18;14:40:26;;0,00;€0,00;;;;;;;0;;;
OK;PaghiPoco_6x3_CT.JPG;;03/11/2023 00:46:35;568,00;280,00;1;15,9500;DGen Papyrus G5 - 1;BB Inchiostrazione elevata [Solutioncare];720x600;00:00:19;14:40:26;;0,00;€0,00;;;;;;;0;;;
OK;PaghiPoco_6x3_ME.JPG;;03/11/2023 01:03:48;568,00;280,00;2;31,8500;DGen Papyrus G5 - 1;BB Inchiostrazione elevata [Solutioncare];720x600;00:00:19;14:40:26;;0,00;€0,00;;;;;;;0;;;
OK;PaghiPoco_6x3_Misterb.JPG;;03/11/2023 01:37:16;568,00;280,00;1;15,9500;DGen Papyrus G5 - 1;BB Inchiostrazione elevata [Solutioncare];720x600;00:00:19;14:40:26;;0,00;€0,00;;;;;;;0;;;
OK;PaghiPoco_6x3_SanGiov.JPG;;03/11/2023 01:53:22;568,00;280,00;1;15,9500;DGen Papyrus G5 - 1;BB Inchiostrazione elevata [Solutioncare];720x600;00:00:19;14:40:26;;0,00;€0,00;;;;;;;0;;;
OK;PaghiPoco_6x3_SR.JPG;;03/11/2023 02:10:36;568,00;280,00;5;79,5500;DGen Papyrus G5 - 1;BB Inchiostrazione elevata [Solutioncare];720x600;00:00:19;14:40:26;;0,00;€0,00;;;;;;;0;;;
OK;H&B_6x3-Altamoda.JPG;;03/11/2023 03:34:40;568,00;280,00;3;47,7500;DGen Papyrus G5 - 1;BB Inchiostrazione elevata [Solutioncare];720x600;00:00:25;14:40:26;;0,00;€0,00;;;;;;;0;;;
OK;H&B_6x3-Istituz.JPG;;03/11/2023 04:24:10;568,00;280,00;13;206,7500;DGen Papyrus G5 - 1;BB Inchiostrazione elevata [Solutioncare];720x600;00:00:26;14:40:26;;0,00;€0,00;;;;;;;0;;;
OK;H&B_6x3-Amoroso.JPG;;03/11/2023 08:25:44;568,00;280,00;2;31,8500;DGen Papyrus G5 - 1;BB Inchiostrazione elevata [Solutioncare];720x600;00:00:23;01:34:07;;0,00;€0,00;;;;;;;0;;;
OK;H&B_6x3-Barrile.JPG;;03/11/2023 08:51:43;568,00;280,00;3;47,7500;DGen Papyrus G5 - 1;BB Inchiostrazione elevata [Solutioncare];720x600;00:00:24;01:34:07;;0,00;€0,00;;;;;;;0;;;
OK;H&B_6x3-Mabitus.JPG;;03/11/2023 09:42:31;568,00;280,00;1;15,9500;DGen Papyrus G5 - 1;BB Inchiostrazione elevata [Solutioncare];720x600;00:00:24;01:34:07;;0,00;€0,00;;;;;;;0;;;
OK;H&B_12x3.JPG;;03/11/2023 10:27:13;1.180,00;278,00;1;32,8500;DGen Papyrus G5 - 1;BB Inchiostrazione elevata [Solutioncare];720x600;00:00:47;00:45:03;;0,00;€0,00;;;;;;;0;;;
OK;H&B_140x200_Mabitus.JPG;;03/11/2023 10:55:15;131,00;194,00;4;10,2000;DGen Papyrus G5 - 1;BB Inchiostrazione elevata [Solutioncare];720x600;00:00:12;00:45:03;;0,00;€0,00;;;;;;;0;;;
OK;H&B_140x200-Amoroso.JPG;;03/11/2023 11:06:56;131,00;194,00;2;5,1000;DGen Papyrus G5 - 1;BB Inchiostrazione elevata [Solutioncare];720x600;00:00:11;00:45:03;;0,00;€0,00;;;;;;;0;;;
OK;H&B_140x200-Gianfilippo.JPG;;03/11/2023 11:22:42;131,00;194,00;8;20,3500;DGen Papyrus G5 - 1;BB Inchiostrazione elevata [Solutioncare];720x600;00:00:14;00:14:38;;0,00;€0,00;;;;;;;0;;;
OK;Findomestic_140x200.JPG;;03/11/2023 12:02:01;131,00;194,00;3;7,6500;DGen Papyrus G5 - 1;BB Inchiostrazione elevata [Solutioncare];720x600;00:00:08;00:01:43;;0,00;€0,00;;;;;;;0;;;
OK;H&B_100x140_Istituz.JPG;;03/11/2023 12:31:54;131,00;95,00;20;24,9000;DGen Papyrus G5 - 1;BB Inchiostrazione elevata [Solutioncare];720x600;00:00:08;01:33:57;;0,00;€0,00;;;;;;;0;;;
OK;H&B_140x200-Spada~1.JPG;;03/11/2023 12:51:33;131,00;95,00;30;37,3500;DGen Papyrus G5 - 1;BB Inchiostrazione elevata [Solutioncare];720x600;00:00:11;01:33:57;;0,00;€0,00;;;;;;;0;;;
OK;MaxWorld_6x3_Natale_2.JPG;;03/11/2023 13:32:38;568,00;280,00;2;31,8500;DGen Papyrus G5 - 1;BB Inchiostrazione elevata [Solutioncare];720x600;00:00:27;01:33:57;;0,00;€0,00;;;;;;;0;;;
OK;H&B_6x3-Bertini.JPG;;03/11/2023 14:12:35;568,00;280,00;1;15,9500;DGen Papyrus G5 - 1;BB Inchiostrazione elevata [Solutioncare];720x600;00:00:23;00:10:00;;0,00;€0,00;;;;;;;0;;;
OK;Essepiauto_6x3.JPG;;03/11/2023 16:46:42;568,00;280,00;10;159,0500;DGen Papyrus G5 - 1;BB Inchiostrazione elevata [Solutioncare];720x600;00:00:21;16:50:41;;0,00;€0,00;;;;;;;0;;;
OK;Expert_TP_6x3.JPG;;03/11/2023 19:23:50;568,00;280,00;3;47,7500;DGen Papyrus G5 - 1;BB Inchiostrazione elevata [Solutioncare];720x600;00:00:20;16:50:41;;0,00;€0,00;;;;;;;0;;;
OK;ExpertMarsala_140x200_1.JPG;;03/11/2023 20:12:56;131,00;194,00;4;10,2000;DGen Papyrus G5 - 1;BB Inchiostrazione elevata [Solutioncare];720x600;00:00:08;16:50:41;;0,00;€0,00;;;;;;;0;;;
OK;ExpertMarsala_140x200_2.JPG;;03/11/2023 20:24:52;131,00;194,00;4;10,2000;DGen Papyrus G5 - 1;BB Inchiostrazione elevata [Solutioncare];720x600;00:00:09;16:50:41;;0,00;€0,00;;;;;;;0;;;
OK;Megarisparmio_6x3.JPG;;03/11/2023 20:35:29;568,00;280,00;1;15,9500;DGen Papyrus G5 - 1;BB Inchiostrazione elevata [Solutioncare];720x600;00:00:22;16:50:41;;0,00;€0,00;;;;;;;0;;;
OK;Megarisparmio_100x140.JPG;;03/11/2023 20:52:20;131,00;95,00;6;7,5000;DGen Papyrus G5 - 1;BB Inchiostrazione elevata [Solutioncare];720x600;00:00:05;16:50:41;;0,00;€0,00;;;;;;;0;;;
OK;Megarisparmio_100x140_2.JPG;;03/11/2023 21:00:33;131,00;95,00;6;7,5000;DGen Papyrus G5 - 1;BB Inchiostrazione elevata [Solutioncare];720x600;00:00:05;16:50:41;;0,00;€0,00;;;;;;;0;;;
OK;Anytime_100x140.JPG;;03/11/2023 21:08:21;131,00;95,00;10;12,4500;DGen Papyrus G5 - 1;BB Inchiostrazione elevata [Solutioncare];720x600;00:00:05;16:50:41;;0,00;€0,00;;;;;;;0;;;
OK;Dorelan_280x200.JPG;;03/11/2023 21:22:17;270,05;194,00;40;209,5500;DGen Papyrus G5 - 1;BB Inchiostrazione elevata [Solutioncare];720x600;00:00:23;16:50:41;;0,00;€0,00;;;;;;;0;;;
OK;Dorelan_420x200.JPG;;04/11/2023 01:10:51;405,00;194,00;9;70,7500;DGen Papyrus G5 - 1;BB Inchiostrazione elevata [Solutioncare];720x600;00:00:24;16:50:41;;0,00;€0,00;;;;;;;0;;;
OK;NuovaSicilauto_6x3_Opel.JPG;;04/11/2023 02:28:54;568,00;280,00;3;47,7500;DGen Papyrus G5 - 1;BB Inchiostrazione elevata [Solutioncare];720x600;00:00:26;16:50:41;;0,00;€0,00;;;;;;;0;;;
OK;DiFettaInFetta_6x3.JPG;;04/11/2023 03:18:00;568,00;280,00;2;31,8500;DGen Papyrus G5 - 1;BB Inchiostrazione elevata [Solutioncare];720x600;00:00:33;16:50:41;;0,00;€0,00;;;;;;;0;;;
OK;DiFettaInFetta_100x140.JPG;;04/11/2023 03:51:12;131,00;95,00;14;17,4500;DGen Papyrus G5 - 1;BB Inchiostrazione elevata [Solutioncare];720x600;00:00:10;16:50:41;;0,00;€0,00;;;;;;;0;;;
OK;DiFettaInFetta_140x200.JPG;;04/11/2023 04:10:45;131,00;194,00;7;17,8000;DGen Papyrus G5 - 1;BB Inchiostrazione elevata [Solutioncare];720x600;00:00:18;16:50:41;;0,00;€0,00;;;;;;;0;;;
OK;Cash&Carry_6x3.JPG;;04/11/2023 04:30:24;568,00;280,00;7;111,3500;DGen Papyrus G5 - 1;BB Inchiostrazione elevata [Solutioncare];720x600;00:00:20;16:50:41;;0,00;€0,00;;;;;;;0;;;
OK;Cash&Carry_100x140.JPG;;04/11/2023 06:27:25;131,00;95,00;37;46,0500;DGen Papyrus G5 - 1;BB Inchiostrazione elevata [Solutioncare];720x600;00:00:05;16:50:41;;0,00;€0,00;;;;;;;0;;;
OK;Cash&Carry_150x70.JPG;;04/11/2023 07:17:00;143,00;67,05;25;24,0000;DGen Papyrus G5 - 1;BB Inchiostrazione elevata [Solutioncare];720x600;00:00:03;16:50:41;;0,00;€0,00;;;;;;;0;;;
OK;Cash&Carry_140x200.JPG;;04/11/2023 07:18:52;131,00;194,00;42;106,7500;DGen Papyrus G5 - 1;BB Inchiostrazione elevata [Solutioncare];720x600;00:00:09;16:50:41;;0,00;€0,00;;;;;;;0;;;
OK;Bruno_12x3_PA.JPG;;04/11/2023 09:50:28;1.180,00;278,00;1;32,8500;DGen Papyrus G5 - 1;BB Inchiostrazione elevata [Solutioncare];720x600;00:00:35;00:26:57;;0,00;€0,00;;;;;;;0;;;
ERROR;Bruno_6x6_PA-BlackFriday.JPG;;04/11/2023 10:22:25;568,00;570,00;1;32,4000;DGen Papyrus G5 - 1;BB Inchiostrazione elevata [Solutioncare];720x600;00:00:47;00:24:17;;0,00;€0,00;;;;;;;0;;;
OK;Bruno_6x6_PA-BlackFriday.JPG;;04/11/2023 10:50:21;568,00;570,00;1;32,4000;DGen Papyrus G5 - 1;BB Inchiostrazione elevata [Solutioncare];720x600;00:00:47;00:05:51;;0,00;€0,00;;;;;;;0;;;
OK;LA_FONTANA12x3.JPG;;04/11/2023 11:03:15;1.185,00;285,00;1;33,8000;DGen Papyrus G5 - 1;BB Inchiostrazione elevata [Solutioncare];720x600;00:00:32;00:29:56;;0,00;€0,00;;;;;;;0;;;
OK;GianniBarbara_6x3.JPG;;04/11/2023 11:50:52;568,00;280,00;53;842,9000;DGen Papyrus G5 - 1;BB Inchiostrazione elevata [Solutioncare];720x600;00:00:24;15:29:20;;0,00;€0,00;;;;;;;0;;;
OK;AS_Piscine_6x3.JPG;;05/11/2023 02:29:06;568,00;280,00;1;15,9500;DGen Papyrus G5 - 1;BB Inchiostrazione elevata [Solutioncare];720x600;00:00:23;15:29:20;;0,00;€0,00;;;;;;;0;;;
OK;Expert_6x3_Petrosino.JPG;;05/11/2023 02:31:08;568,00;280,00;2;31,8500;DGen Papyrus G5 - 1;BB Inchiostrazione elevata [Solutioncare];720x600;00:00:21;15:29:20;;0,00;€0,00;;;;;;;0;;;
OK;IneditoSantomauro_6x3_1.JPG;;06/11/2023 07:55:54;568,00;280,00;2;31,8500;DGen Papyrus G5 - 1;BB Inchiostrazione elevata [Solutioncare];720x600;00:00:20;00:46:51;;0,00;€0,00;;;;;;;0;;;
OK;IneditoSantomauro_6x3_2.JPG;;06/11/2023 08:21:03;568,00;280,00;1;15,9500;DGen Papyrus G5 - 1;BB Inchiostrazione elevata [Solutioncare];720x600;00:00:16;00:46:51;;0,00;€0,00;;;;;;;0;;;
OK;Eurospin_6x3_Michelangelo.JPG;;06/11/2023 08:53:06;568,00;280,00;3;47,7500;DGen Papyrus G5 - 1;BB Inchiostrazione elevata [Solutioncare];720x600;00:00:14;00:42:12;;0,00;€0,00;;;;;;;0;;;
OK;Eurospin_12x3_Michelangelo.JPG;;06/11/2023 09:54:14;1.180,00;278,00;1;32,8500;DGen Papyrus G5 - 1;BB Inchiostrazione elevata [Solutioncare];720x600;00:00:37;00:45:30;;0,00;€0,00;;;;;;;0;;;
OK;Eurospin_6x3_Campofelice.JPG;;06/11/2023 10:22:52;568,00;280,00;1;15,9500;DGen Papyrus G5 - 1;BB Inchiostrazione elevata [Solutioncare];720x600;00:00:14;00:45:30;;0,00;€0,00;;;;;;;0;;;
OK;Eurospin_140x200_Dx.JPG;;06/11/2023 10:51:59;131,00;194,00;3;7,6500;DGen Papyrus G5 - 1;BB Inchiostrazione elevata [Solutioncare];720x600;00:00:08;00:15:14;;0,00;€0,00;;;;;;;0;;;
OK;Eurospin_140x200_Sx.JPG;;06/11/2023 10:52:51;131,00;194,00;3;7,6500;DGen Papyrus G5 - 1;BB Inchiostrazione elevata [Solutioncare];720x600;00:00:08;00:15:14;;0,00;€0,00;;;;;;;0;;;
OK;Eurospin_280x200.JPG;;06/11/2023 11:01:51;270,05;194,00;1;5,2500;DGen Papyrus G5 - 1;BB Inchiostrazione elevata [Solutioncare];720x600;00:00:18;00:15:14;;0,00;€0,00;;;;;;;0;;;
OK;PennyMarket_100x140_SR1.JPG;;06/11/2023 11:48:01;131,00;95,00;2;2,5000;DGen Papyrus G5 - 1;BB Inchiostrazione elevata [Solutioncare];720x600;00:00:05;00:35:26;;0,00;€0,00;;;;;;;0;;;
OK;PennyMarket_100x140_SR2.JPG;;06/11/2023 11:48:10;131,00;95,00;2;2,5000;DGen Papyrus G5 - 1;BB Inchiostrazione elevata [Solutioncare];720x600;00:00:05;00:35:26;;0,00;€0,00;;;;;;;0;;;
OK;PennyMarket_100x140_SR4.JPG;;06/11/2023 11:48:18;131,00;95,00;2;2,5000;DGen Papyrus G5 - 1;BB Inchiostrazione elevata [Solutioncare];720x600;00:00:04;00:35:26;;0,00;€0,00;;;;;;;0;;;
OK;PennyMarket_100x140_SR3.JPG;;06/11/2023 11:48:33;131,00;95,00;3;3,7500;DGen Papyrus G5 - 1;BB Inchiostrazione elevata [Solutioncare];720x600;00:00:05;00:35:26;;0,00;€0,00;;;;;;;0;;;
OK;PennyMarket_140x200_SR1.JPG;;06/11/2023 11:50:20;134,00;194,00;5;13,0000;DGen Papyrus G5 - 1;BB Inchiostrazione elevata [Solutioncare];720x600;00:00:08;00:35:26;;0,00;€0,00;;;;;;;0;;;
OK;PennyMarket_140x200_SR3.JPG;;06/11/2023 11:57:36;134,00;194,00;5;13,0000;DGen Papyrus G5 - 1;BB Inchiostrazione elevata [Solutioncare];720x600;00:00:08;00:35:26;;0,00;€0,00;;;;;;;0;;;
OK;PennyMarket_140x200_SR4.JPG;;06/11/2023 12:04:56;134,00;194,00;6;15,6000;DGen Papyrus G5 - 1;BB Inchiostrazione elevata [Solutioncare];720x600;00:00:08;00:35:26;;0,00;€0,00;;;;;;;0;;;
OK;PennyMarket_140x200_SR2.JPG;;06/11/2023 12:13:45;134,00;194,00;6;15,6000;DGen Papyrus G5 - 1;BB Inchiostrazione elevata [Solutioncare];720x600;00:00:08;00:35:26;;0,00;€0,00;;;;;;;0;;;
OK;Eurospin_12x3_Ingham.JPG;;06/11/2023 12:32:47;1.180,00;278,00;1;32,8500;DGen Papyrus G5 - 1;BB Inchiostrazione elevata [Solutioncare];720x600;00:00:42;00:14:41;;0,00;€0,00;;;;;;;0;;;
OK;Eurospin_6x3_Ingham.JPG;;06/11/2023 13:15:16;568,00;280,00;1;15,9500;DGen Papyrus G5 - 1;BB Inchiostrazione elevata [Solutioncare];720x600;00:00:19;01:15:41;;0,00;€0,00;;;;;;;0;;;
OK;Eurospin_6x3_MMarine-DX.JPG;;06/11/2023 13:20:57;568,00;280,00;1;15,9500;DGen Papyrus G5 - 1;BB Inchiostrazione elevata [Solutioncare];720x600;00:00:15;01:15:41;;0,00;€0,00;;;;;;;0;;;
OK;Eurospin_6x3_MMarine-Sx.JPG;;06/11/2023 13:29:57;568,00;280,00;1;15,9500;DGen Papyrus G5 - 1;BB Inchiostrazione elevata [Solutioncare];720x600;00:00:14;01:15:41;;0,00;€0,00;;;;;;;0;;;
OK;Eurospin_6x3_PapaSergio.JPG;;06/11/2023 13:43:52;568,00;280,00;2;31,8500;DGen Papyrus G5 - 1;BB Inchiostrazione elevata [Solutioncare];720x600;00:00:14;01:15:41;;0,00;€0,00;;;;;;;0;;;
OK;Essepiauto_6x3.JPG;;06/11/2023 14:12:41;568,00;280,00;1;15,9500;DGen Papyrus G5 - 1;BB Inchiostrazione elevata [Solutioncare];720x600;00:00:19;01:15:41;;0,00;€0,00;;;;;;;0;;;
OK;Eurospin_12x3_Ingham.JPG;;06/11/2023 14:27:32;1.180,00;278,00;1;32,8500;DGen Papyrus G5 - 1;BB Inchiostrazione elevata [Solutioncare];720x600;00:00:42;01:15:41;;0,00;€0,00;;;;;;;0;;;
OK;N_1_MANIF_300X200_FESTIVALBAR.JPG;;06/11/2023 14:33:30;300,00;200,00;1;6,0000;DGen Papyrus G5 - 1;BB Inchiostrazione elevata [Solutioncare];720x600;00:00:23;00:02:57;;0,00;€0,00;;;;;;;0;;;
OK;manifesti_6x3_PartinicoSOGG1.JPG;;06/11/2023 14:42:18;575,00;285,00;4;65,5500;DGen Papyrus G5 - 1;BB Inchiostrazione elevata [Solutioncare];720x600;00:00:25;01:13:34;;0,00;€0,00;;;;;;;0;;;
OK;manifesti_6x3_PartinicoSOGG2.JPG;;06/11/2023 15:57:11;575,00;285,00;3;49,2000;DGen Papyrus G5 - 1;BB Inchiostrazione elevata [Solutioncare];720x600;00:00:26;01:00:40;;0,00;€0,00;;;;;;;0;;;
OK;Ingrassia_195x135_Tumbarello.JPG;;06/11/2023 16:55:19;135,05;195,00;1;2,6500;DGen Papyrus G5 - 1;BB Inchiostrazione elevata [Solutioncare];720x600;00:00:22;01:00:40;;0,00;€0,00;;;;;;;0;;;
OK;SISA_6x3_1.JPG;;06/11/2023 17:10:46;568,00;280,00;23;365,8000;DGen Papyrus G5 - 1;BB Inchiostrazione elevata [Solutioncare];720x600;00:00:23;13:48:32;;0,00;€0,00;;;;;;;0;;;
OK;SISA_6x3_2.JPG;;06/11/2023 23:28:14;568,00;280,00;23;365,8000;DGen Papyrus G5 - 1;BB Inchiostrazione elevata [Solutioncare];720x600;00:00:22;13:48:32;;0,00;€0,00;;;;;;;0;;;
OK;SISA_6x3_1~1.JPG;;07/11/2023 05:51:43;568,00;280,00;2;31,8500;DGen Papyrus G5 - 1;BB Inchiostrazione elevata [Solutioncare];720x600;00:00:23;13:48:32;;0,00;€0,00;;;;;;;0;;;
OK;SISA_6x3_2~1.JPG;;07/11/2023 06:24:56;568,00;280,00;2;31,8500;DGen Papyrus G5 - 1;BB Inchiostrazione elevata [Solutioncare];720x600;00:00:22;13:48:32;;0,00;€0,00;;;;;;;0;;;
OK;SISA_6x3_2~1.JPG;;07/11/2023 08:03:51;568,00;280,00;2;31,8500;DGen Papyrus G5 - 1;BB Inchiostrazione elevata [Solutioncare];720x600;00:00:22;00:01:44;;0,00;€0,00;;;;;;;0;;;
ERROR;Cascino_6x6_2.JPG;;07/11/2023 08:41:33;568,00;570,00;1;32,4000;DGen Papyrus G5 - 1;BB Inchiostrazione elevata [Solutioncare];720x600;00:00:32;00:00:01;;0,00;€0,00;;;;;;;0;;;
ERROR;Cascino_6x6_1~1.JPG;;07/11/2023 08:49:53;568,00;570,00;1;32,4000;DGen Papyrus G5 - 1;BB Inchiostrazione elevata [Solutioncare];720x600;00:00:31;00:00:00;;0,00;€0,00;;;;;;;0;;;
OK;Cascino_6x6_1~1.JPG;;07/11/2023 08:51:02;568,00;570,00;1;32,4000;DGen Papyrus G5 - 1;BB Inchiostrazione elevata [Solutioncare];720x600;00:00:31;00:58:32;;0,00;€0,00;;;;;;;0;;;
OK;Cascino_6x6_2~1.JPG;;07/11/2023 09:15:32;568,00;570,00;1;32,4000;DGen Papyrus G5 - 1;BB Inchiostrazione elevata [Solutioncare];720x600;00:00:29;00:58:32;;0,00;€0,00;;;;;;;0;;;
OK;SISA_140x200_1.JPG;;07/11/2023 09:56:49;134,00;194,00;3;7,8000;DGen Papyrus G5 - 1;BB Inchiostrazione elevata [Solutioncare];720x600;00:00:09;00:23:36;;0,00;€0,00;;;;;;;0;;;
OK;SISA_140x200_2.JPG;;07/11/2023 09:58:28;134,00;194,00;8;20,8000;DGen Papyrus G5 - 1;BB Inchiostrazione elevata [Solutioncare];720x600;00:00:09;00:23:36;;0,00;€0,00;;;;;;;0;;;
OK;GED_140x200_Ammorb.JPG;;07/11/2023 10:44:16;131,00;194,00;3;7,6500;DGen Papyrus G5 - 1;BB Inchiostrazione elevata [Solutioncare];720x600;00:00:08;02:11:03;;0,00;€0,00;;;;;;;0;;;
OK;GED_140x200_Ferro.JPG;;07/11/2023 10:44:47;131,00;194,00;3;7,6500;DGen Papyrus G5 - 1;BB Inchiostrazione elevata [Solutioncare];720x600;00:00:09;02:11:03;;0,00;€0,00;;;;;;;0;;;
OK;GED_140x200_Friggitr.JPG;;07/11/2023 10:52:06;131,00;194,00;2;5,1000;DGen Papyrus G5 - 1;BB Inchiostrazione elevata [Solutioncare];720x600;00:00:09;02:11:03;;0,00;€0,00;;;;;;;0;;;
OK;GED_6x6_Uditore.JPG;;07/11/2023 10:57:24;568,00;570,00;1;32,4000;DGen Papyrus G5 - 1;BB Inchiostrazione elevata [Solutioncare];720x600;00:00:40;02:11:03;;0,00;€0,00;;;;;;;0;;;
OK;GED_6x3_Angelico.JPG;;07/11/2023 11:31:01;568,00;280,00;1;15,9500;DGen Papyrus G5 - 1;BB Inchiostrazione elevata [Solutioncare];720x600;00:00:20;02:11:03;;0,00;€0,00;;;;;;;0;;;
OK;GED_6x3_Bernini.JPG;;07/11/2023 11:48:16;568,00;280,00;1;15,9500;DGen Papyrus G5 - 1;BB Inchiostrazione elevata [Solutioncare];720x600;00:00:22;02:11:03;;0,00;€0,00;;;;;;;0;;;
OK;GED_6x3_Perricone.JPG;;07/11/2023 12:04:27;568,00;280,00;1;15,9500;DGen Papyrus G5 - 1;BB Inchiostrazione elevata [Solutioncare];720x600;00:00:21;02:11:03;;0,00;€0,00;;;;;;;0;;;
OK;GED_6x3_R.daDaVinci.JPG;;07/11/2023 12:21:47;568,00;280,00;1;15,9500;DGen Papyrus G5 - 1;BB Inchiostrazione elevata [Solutioncare];720x600;00:00:23;02:11:03;;0,00;€0,00;;;;;;;0;;;
OK;GED_6x3_UditoreAgip.JPG;;07/11/2023 12:39:01;568,00;280,00;1;15,9500;DGen Papyrus G5 - 1;BB Inchiostrazione elevata [Solutioncare];720x600;00:00:20;02:11:03;;0,00;€0,00;;;;;;;0;;;
OK;RHS_6x6.JPG;;07/11/2023 14:02:36;568,00;570,00;1;32,4000;DGen Papyrus G5 - 1;BB Inchiostrazione elevata [Solutioncare];720x600;00:00:38;01:38:49;;0,00;€0,00;;;;;;;0;;;
OK;RHS_12x3.JPG;;07/11/2023 14:28:00;1.180,00;278,00;2;65,6500;DGen Papyrus G5 - 1;BB Inchiostrazione elevata [Solutioncare];720x600;00:00:35;01:38:49;;0,00;€0,00;;;;;;;0;;;
ERROR;SISA_6x3_2~2.JPG;;08/11/2023 08:30:41;143,50;141,00;24;48,6000;DGen Papyrus G5 - 1;BB Inchiostrazione elevata [Solutioncare];720x600;00:00:21;00:00:00;;0,00;€0,00;;;;;;;0;;;
OK;SISA_6x3_2~2.JPG;;08/11/2023 08:40:40;143,50;141,00;24;48,6000;DGen Papyrus G5 - 1;BB Inchiostrazione elevata [Solutioncare];720x600;00:00:21;00:42:14;;0,00;€0,00;;;;;;;0;;;
ERROR;SISA_6x3_2~2.JPG;;08/11/2023 09:27:10;568,00;280,00;28;445,3500;DGen Papyrus G5 - 1;BB Inchiostrazione elevata [Solutioncare];720x600;00:00:21;00:02:04;;0,00;€0,00;;;;;;;0;;;
OK;SISA_6x3_2~2.JPG;;08/11/2023 09:34:10;143,50;141,00;24;48,6000;DGen Papyrus G5 - 1;BB Inchiostrazione elevata [Solutioncare];720x600;00:00:21;00:41:31;;0,00;€0,00;;;;;;;0;;;
OK;SISA_6x3_2~2.JPG;;08/11/2023 10:18:06;568,00;280,00;28;445,3500;DGen Papyrus G5 - 1;BB Inchiostrazione elevata [Solutioncare];720x600;00:00:21;01:56:38;;0,00;€0,00;;;;;;;0;;;
OK;Fp_Group_6x3.JPG;;08/11/2023 12:18:34;568,00;280,00;6;95,4500;DGen Papyrus G5 - 1;BB Inchiostrazione elevata [Solutioncare];720x600;00:00:23;01:37:35;;0,00;€0,00;;;;;;;0;;;
ERROR;Todis_6x3_ViaCasella.JPG;;10/11/2023 08:38:24;568,00;280,00;1;15,9500;DGen Papyrus G5 - 1;BB Inchiostrazione elevata [Solutioncare];720x600;00:00:21;00:00:01;;0,00;€0,00;;;;;;;0;;;
OK;Todis_6x3_ViaCasella.JPG;;10/11/2023 08:38:35;568,00;280,00;1;15,9500;DGen Papyrus G5 - 1;BB Inchiostrazione elevata [Solutioncare];720x600;00:00:21;00:41:25;;0,00;€0,00;;;;;;;0;;;
OK;Todis_6x3_ViaCorbino.JPG;;10/11/2023 08:46:19;568,00;280,00;2;31,8500;DGen Papyrus G5 - 1;BB Inchiostrazione elevata [Solutioncare];720x600;00:00:22;00:41:25;;0,00;€0,00;;;;;;;0;;;
OK;Todis_6x3_Messina.JPG;;10/11/2023 09:33:11;568,00;280,00;1;15,9500;DGen Papyrus G5 - 1;BB Inchiostrazione elevata [Solutioncare];720x600;00:00:22;00:07:43;;0,00;€0,00;;;;;;;0;;;
OK;Todis_6x3_ViaTricomi.JPG;;10/11/2023 09:56:19;568,00;280,00;1;15,9500;DGen Papyrus G5 - 1;BB Inchiostrazione elevata [Solutioncare];720x600;00:00:21;00:07:44;;0,00;€0,00;;;;;;;0;;;
OK;IlCentesimo_100x140_1.JPG;;10/11/2023 10:35:22;131,00;95,00;5;6,2500;DGen Papyrus G5 - 1;BB Inchiostrazione elevata [Solutioncare];720x600;00:00:05;00:29:30;;0,00;€0,00;;;;;;;0;;;
OK;IlCentesimo_100x140_2.JPG;;10/11/2023 10:35:45;131,00;95,00;5;6,2500;DGen Papyrus G5 - 1;BB Inchiostrazione elevata [Solutioncare];720x600;00:00:06;00:29:30;;0,00;€0,00;;;;;;;0;;;
OK;IlCentesimo_100x140_3.JPG;;10/11/2023 10:37:55;131,00;95,00;6;7,5000;DGen Papyrus G5 - 1;BB Inchiostrazione elevata [Solutioncare];720x600;00:00:06;00:29:30;;0,00;€0,00;;;;;;;0;;;
OK;IlCentesimo_100x140_4.JPG;;10/11/2023 10:42:10;131,00;95,00;6;7,5000;DGen Papyrus G5 - 1;BB Inchiostrazione elevata [Solutioncare];720x600;00:00:07;00:29:30;;0,00;€0,00;;;;;;;0;;;
OK;IlCentesimo_6x3_1.JPG;;10/11/2023 10:46:27;568,00;280,00;1;15,9500;DGen Papyrus G5 - 1;BB Inchiostrazione elevata [Solutioncare];720x600;00:00:17;00:29:30;;0,00;€0,00;;;;;;;0;;;
OK;IlCentesimo_6x3_2.JPG;;10/11/2023 10:55:00;568,00;280,00;1;15,9500;DGen Papyrus G5 - 1;BB Inchiostrazione elevata [Solutioncare];720x600;00:00:18;00:29:30;;0,00;€0,00;;;;;;;0;;;
OK;IlCentesimo_6x3_1.JPG;;10/11/2023 11:16:07;568,00;280,00;6;95,4500;DGen Papyrus G5 - 1;BB Inchiostrazione elevata [Solutioncare];720x600;00:00:17;01:42:35;;0,00;€0,00;;;;;;;0;;;
OK;IlCentesimo_6x3_2.JPG;;10/11/2023 12:04:35;568,00;280,00;6;95,4500;DGen Papyrus G5 - 1;BB Inchiostrazione elevata [Solutioncare];720x600;00:00:16;01:42:35;;0,00;€0,00;;;;;;;0;;;
OK;IlCentesimo_6x3_1.JPG;;10/11/2023 13:29:51;568,00;280,00;2;31,8500;DGen Papyrus G5 - 1;BB Inchiostrazione elevata [Solutioncare];720x600;00:00:17;00:31:20;;0,00;€0,00;;;;;;;0;;;
OK;IlCentesimo_6x3_2.JPG;;10/11/2023 13:43:37;568,00;280,00;2;31,8500;DGen Papyrus G5 - 1;BB Inchiostrazione elevata [Solutioncare];720x600;00:00:17;00:31:20;;0,00;€0,00;;;;;;;0;;;
ERROR;IlCentesimo_140x200_2~1.JPG;;10/11/2023 14:09:36;131,00;194,00;28;71,2000;DGen Papyrus G5 - 1;BB Inchiostrazione elevata [Solutioncare];720x600;00:00:10;00:01:28;;0,00;€0,00;;;;;;;0;;;
OK;IlCentesimo_140x200_3~1.JPG;;10/11/2023 14:13:20;131,00;194,00;29;73,7000;DGen Papyrus G5 - 1;BB Inchiostrazione elevata [Solutioncare];720x600;00:00:09;00:38:44;;0,00;€0,00;;;;;;;0;;;
OK;IlCentesimo_140x200_2~1.JPG;;10/11/2023 14:56:20;131,00;194,00;28;71,2000;DGen Papyrus G5 - 1;BB Inchiostrazione elevata [Solutioncare];720x600;00:00:10;00:37:32;;0,00;€0,00;;;;;;;0;;;
ERROR;Todis_6x3_ViaGeremia.JPG;;13/11/2023 08:22:03;568,00;280,00;2;31,8500;DGen Papyrus G5 - 1;BB Inchiostrazione elevata [Solutioncare];720x600;00:00:23;00:02:12;;0,00;€0,00;;;;;;;0;;;
OK;6x3_A&S_Istituzionale__2_.JPG;;13/11/2023 08:35:51;575,00;285,00;3;49,2000;DGen Papyrus G5 - 1;BB Inchiostrazione elevata [Solutioncare];720x600;00:00:20;01:49:00;;0,00;€0,00;;;;;;;0;;;
OK;EGEA_6x3-1.PSD;;13/11/2023 09:25:17;575,00;285,00;1;16,4000;DGen Papyrus G5 - 1;BB Inchiostrazione elevata [Solutioncare];720x600;00:00:12;01:49:00;;0,00;€0,00;;;;;;;0;;;
OK;EGEA_6x3-2.PSD;;13/11/2023 09:44:59;575,00;285,00;2;32,8000;DGen Papyrus G5 - 1;BB Inchiostrazione elevata [Solutioncare];720x600;00:00:12;01:49:00;;0,00;€0,00;;;;;;;0;;;
OK;N_1_MANIF_140X100_COMPLEANNO_BEATRICE_3_anni_.JPG;;13/11/2023 10:23:34;140,05;100,05;1;1,4500;DGen Papyrus G5 - 1;BB Inchiostrazione elevata [Solutioncare];720x600;00:00:30;01:49:00;;0,00;€0,00;;;;;;;0;;;
OK;Famila_6x3_1.JPG;;13/11/2023 10:25:48;568,00;280,00;1;15,9500;DGen Papyrus G5 - 1;BB Inchiostrazione elevata [Solutioncare];720x600;00:00:22;00:52:14;;0,00;€0,00;;;;;;;0;;;
OK;Famila_140x200_1.JPG;;13/11/2023 10:42:02;131,00;194,00;4;10,2000;DGen Papyrus G5 - 1;BB Inchiostrazione elevata [Solutioncare];720x600;00:00:09;00:52:14;;0,00;€0,00;;;;;;;0;;;
OK;Famila_140x200_2.JPG;;13/11/2023 10:53:12;131,00;194,00;3;7,6500;DGen Papyrus G5 - 1;BB Inchiostrazione elevata [Solutioncare];720x600;00:00:10;00:52:14;;0,00;€0,00;;;;;;;0;;;
OK;Famila_140x200_3.JPG;;13/11/2023 11:01:07;131,00;194,00;3;7,6500;DGen Papyrus G5 - 1;BB Inchiostrazione elevata [Solutioncare];720x600;00:00:09;00:52:14;;0,00;€0,00;;;;;;;0;;;
OK;Famila_140x200_4.JPG;;13/11/2023 11:10:06;131,00;194,00;3;7,6500;DGen Papyrus G5 - 1;BB Inchiostrazione elevata [Solutioncare];720x600;00:00:09;00:52:14;;0,00;€0,00;;;;;;;0;;;
OK;Luana_-_Carta_Sagomata_180x180.JPG;;13/11/2023 11:21:38;185,00;185,00;1;3,4500;DGen Papyrus G5 - 1;BB Inchiostrazione elevata [Solutioncare];720x600;00:00:09;00:02:20;;0,00;€0,00;;;;;;;0;;;
OK;Tram_-_Integrale_Forum.JPG;;13/11/2023 11:22:19;120,05;34,30;4;1,6500;DGen Papyrus G5 - 1;BB Inchiostrazione elevata [Solutioncare];720x600;00:00:02;00:02:20;;0,00;€0,00;;;;;;;0;;;
OK;Famila_140x200_2.JPG;;13/11/2023 11:51:34;131,00;194,00;48;122,0000;DGen Papyrus G5 - 1;BB Inchiostrazione elevata [Solutioncare];720x600;00:00:10;02:03:36;;0,00;€0,00;;;;;;;0;;;
OK;Famila_140x200_1.JPG;;13/11/2023 14:04:44;131,00;194,00;48;122,0000;DGen Papyrus G5 - 1;BB Inchiostrazione elevata [Solutioncare];720x600;00:00:09;02:02:41;;0,00;€0,00;;;;;;;0;;;
OK;Lactoflorene_6x3.JPG;;13/11/2023 16:51:06;568,00;280,00;21;334,0000;DGen Papyrus G5 - 1;BB Inchiostrazione elevata [Solutioncare];720x600;00:00:24;14:34:10;;0,00;€0,00;;;;;;;0;;;
OK;Lactoflorene_6x6.JPG;;13/11/2023 22:34:28;568,00;565,00;2;64,2000;DGen Papyrus G5 - 1;BB Inchiostrazione elevata [Solutioncare];720x600;00:00:44;14:34:10;;0,00;€0,00;;;;;;;0;;;
OK;Lactoflorene_12x3.JPG;;13/11/2023 23:41:57;1.180,00;278,00;1;32,8500;DGen Papyrus G5 - 1;BB Inchiostrazione elevata [Solutioncare];720x600;00:00:40;14:34:10;;0,00;€0,00;;;;;;;0;;;
OK;Lactoflorene_140x200.JPG;;14/11/2023 00:18:18;134,00;194,00;24;62,4000;DGen Papyrus G5 - 1;BB Inchiostrazione elevata [Solutioncare];720x600;00:00:11;14:34:10;;0,00;€0,00;;;;;;;0;;;
OK;Lactoflorene_6x3~1.JPG;;14/11/2023 01:25:37;568,00;280,00;6;95,4500;DGen Papyrus G5 - 1;BB Inchiostrazione elevata [Solutioncare];720x600;00:00:24;14:34:10;;0,00;€0,00;;;;;;;0;;;
OK;Mondia_6x3.JPG;;14/11/2023 03:06:28;568,00;280,00;10;159,0500;DGen Papyrus G5 - 1;BB Inchiostrazione elevata [Solutioncare];720x600;00:00:29;14:34:10;;0,00;€0,00;;;;;;;0;;;
OK;Mondia_12x6.JPG;;14/11/2023 05:53:28;1.185,00;575,05;1;68,1500;DGen Papyrus G5 - 1;BB Inchiostrazione elevata [Solutioncare];720x600;00:01:29;14:34:10;;0,00;€0,00;;;;;;;0;;;
OK;FG_Detersivi_6x3.JPG;;14/11/2023 07:09:18;568,00;280,00;1;15,9500;DGen Papyrus G5 - 1;BB Inchiostrazione elevata [Solutioncare];720x600;00:00:22;14:34:10;;0,00;€0,00;;;;;;;0;;;
OK;Mondia_6x3.JPG;;14/11/2023 08:27:45;568,00;280,00;8;127,2500;DGen Papyrus G5 - 1;BB Inchiostrazione elevata [Solutioncare];720x600;00:00:29;02:06:49;;0,00;€0,00;;;;;;;0;;;
OK;Mondia_6x3.JPG;;14/11/2023 11:08:36;568,00;280,00;1;15,9500;DGen Papyrus G5 - 1;BB Inchiostrazione elevata [Solutioncare];720x600;00:00:29;00:07:43;;0,00;€0,00;;;;;;;0;;;
OK;Mondia_100x140.JPG;;14/11/2023 11:42:11;131,00;95,00;24;29,9000;DGen Papyrus G5 - 1;BB Inchiostrazione elevata [Solutioncare];720x600;00:00:11;01:51:33;;0,00;€0,00;;;;;;;0;;;
OK;Mangiatorella_140x200.JPG;;14/11/2023 12:05:42;131,00;194,05;20;50,8500;DGen Papyrus G5 - 1;BB Inchiostrazione elevata [Solutioncare];720x600;00:00:09;01:51:33;;0,00;€0,00;;;;;;;0;;;
OK;Expert_6x3_Bielle.JPG;;14/11/2023 13:00:54;568,00;280,00;2;31,8500;DGen Papyrus G5 - 1;BB Inchiostrazione elevata [Solutioncare];720x600;00:00:20;01:51:33;;0,00;€0,00;;;;;;;0;;;
OK;MaxWorld_6x3_Natale3.JPG;;14/11/2023 13:55:27;568,00;280,00;2;31,8500;DGen Papyrus G5 - 1;BB Inchiostrazione elevata [Solutioncare];720x600;00:00:26;00:24:20;;0,00;€0,00;;;;;;;0;;;
OK;LCS_6x3-A.JPG;;14/11/2023 14:26:35;568,00;280,00;1;15,9500;DGen Papyrus G5 - 1;BB Inchiostrazione elevata [Solutioncare];720x600;00:00:19;00:10:50;;0,00;€0,00;;;;;;;0;;;
OK;N_1_MANIFESTO_CM_125X210_denise_.JPG;;14/11/2023 14:50:08;125,00;210,05;1;2,6500;DGen Papyrus G5 - 1;BB Inchiostrazione elevata [Solutioncare];720x600;00:00:17;00:01:07;;0,00;€0,00;;;;;;;0;;;
OK;LCS_6x3-A.JPG;;14/11/2023 15:15:57;568,00;280,00;2;31,8500;DGen Papyrus G5 - 1;BB Inchiostrazione elevata [Solutioncare];720x600;00:00:19;00:58:53;;0,00;€0,00;;;;;;;0;;;
OK;LCS_6x3-B.JPG;;14/11/2023 15:41:06;568,00;280,00;2;31,8500;DGen Papyrus G5 - 1;BB Inchiostrazione elevata [Solutioncare];720x600;00:00:20;00:58:53;;0,00;€0,00;;;;;;;0;;;
OK;Unieuro_6x6_1.JPG;;14/11/2023 17:05:43;568,00;570,00;1;32,4000;DGen Papyrus G5 - 1;BB Inchiostrazione elevata [Solutioncare];720x600;00:00:34;14:01:56;;0,00;€0,00;;;;;;;0;;;
OK;Unieuro_6x6_2.JPG;;14/11/2023 17:31:17;568,00;570,00;1;32,4000;DGen Papyrus G5 - 1;BB Inchiostrazione elevata [Solutioncare];720x600;00:00:39;14:01:56;;0,00;€0,00;;;;;;;0;;;
OK;Forum_12x3_LT.JPG;;14/11/2023 18:05:25;1.180,00;278,00;1;32,8500;DGen Papyrus G5 - 1;BB Inchiostrazione elevata [Solutioncare];720x600;00:00:30;14:01:56;;0,00;€0,00;;;;;;;0;;;
OK;PaghiPoco_6x3_PA.JPG;;14/11/2023 18:41:39;568,00;280,00;10;159,0500;DGen Papyrus G5 - 1;BB Inchiostrazione elevata [Solutioncare];720x600;00:00:20;14:01:56;;0,00;€0,00;;;;;;;0;;;
OK;PaghiPoco_6x3_Bagheria.JPG;;14/11/2023 21:30:23;568,00;280,00;1;15,9500;DGen Papyrus G5 - 1;BB Inchiostrazione elevata [Solutioncare];720x600;00:00:19;14:01:56;;0,00;€0,00;;;;;;;0;;;
OK;PaghiPoco_6x3_Caltag.JPG;;14/11/2023 21:46:44;568,00;280,00;2;31,8500;DGen Papyrus G5 - 1;BB Inchiostrazione elevata [Solutioncare];720x600;00:00:19;14:01:56;;0,00;€0,00;;;;;;;0;;;
OK;PaghiPoco_6x3_CT.JPG;;14/11/2023 22:20:31;568,00;280,00;1;15,9500;DGen Papyrus G5 - 1;BB Inchiostrazione elevata [Solutioncare];720x600;00:00:20;14:01:56;;0,00;€0,00;;;;;;;0;;;
OK;PaghiPoco_6x3_ME.JPG;;14/11/2023 22:37:57;568,00;280,00;2;31,8500;DGen Papyrus G5 - 1;BB Inchiostrazione elevata [Solutioncare];720x600;00:00:20;14:01:56;;0,00;€0,00;;;;;;;0;;;
OK;PaghiPoco_6x3_Misterb.JPG;;14/11/2023 23:11:44;568,00;280,00;1;15,9500;DGen Papyrus G5 - 1;BB Inchiostrazione elevata [Solutioncare];720x600;00:00:20;14:01:56;;0,00;€0,00;;;;;;;0;;;
OK;PaghiPoco_6x3_SanGiov.JPG;;14/11/2023 23:29:07;568,00;280,00;1;15,9500;DGen Papyrus G5 - 1;BB Inchiostrazione elevata [Solutioncare];720x600;00:00:20;14:01:56;;0,00;€0,00;;;;;;;0;;;
OK;PaghiPoco_6x3_SR.JPG;;14/11/2023 23:45:25;568,00;280,00;5;79,5500;DGen Papyrus G5 - 1;BB Inchiostrazione elevata [Solutioncare];720x600;00:00:20;14:01:56;;0,00;€0,00;;;;;;;0;;;
OK;PaghiPoco_6x3_TP.JPG;;15/11/2023 01:10:08;568,00;280,00;6;95,4500;DGen Papyrus G5 - 1;BB Inchiostrazione elevata [Solutioncare];720x600;00:00:19;14:01:56;;0,00;€0,00;;;;;;;0;;;
OK;PaghiPoco_6x3_Marsala.JPG;;15/11/2023 02:50:10;568,00;280,00;2;31,8500;DGen Papyrus G5 - 1;BB Inchiostrazione elevata [Solutioncare];720x600;00:00:19;14:01:56;;0,00;€0,00;;;;;;;0;;;
OK;PaghiPoco_6x3_Partinico.JPG;;15/11/2023 03:23:39;568,00;280,00;1;15,9500;DGen Papyrus G5 - 1;BB Inchiostrazione elevata [Solutioncare];720x600;00:00:19;14:01:56;;0,00;€0,00;;;;;;;0;;;
OK;PaghiPoco_140x200_PA1.JPG;;15/11/2023 03:40:55;131,00;194,00;18;45,7500;DGen Papyrus G5 - 1;BB Inchiostrazione elevata [Solutioncare];720x600;00:00:08;14:01:56;;0,00;€0,00;;;;;;;0;;;
OK;PaghiPoco_140x200_PA2.JPG;;15/11/2023 04:31:14;131,00;194,00;19;48,3000;DGen Papyrus G5 - 1;BB Inchiostrazione elevata [Solutioncare];720x600;00:00:07;14:01:56;;0,00;€0,00;;;;;;;0;;;
OK;PaghiPoco_140x200_Part1.JPG;;15/11/2023 05:22:36;131,00;194,00;2;5,1000;DGen Papyrus G5 - 1;BB Inchiostrazione elevata [Solutioncare];720x600;00:00:07;14:01:56;;0,00;€0,00;;;;;;;0;;;
OK;PaghiPoco_140x200_Part2.JPG;;15/11/2023 05:29:03;131,00;194,00;2;5,1000;DGen Papyrus G5 - 1;BB Inchiostrazione elevata [Solutioncare];720x600;00:00:07;14:01:56;;0,00;€0,00;;;;;;;0;;;
OK;PaghiPoco_140x200_TP1.JPG;;15/11/2023 05:34:20;131,00;194,00;17;43,2500;DGen Papyrus G5 - 1;BB Inchiostrazione elevata [Solutioncare];720x600;00:00:08;14:01:56;;0,00;€0,00;;;;;;;0;;;
OK;PaghiPoco_140x200_TP2.JPG;;15/11/2023 06:20:25;131,00;194,00;17;43,2500;DGen Papyrus G5 - 1;BB Inchiostrazione elevata [Solutioncare];720x600;00:00:07;14:01:56;;0,00;€0,00;;;;;;;0;;;
OK;PaghiPoco_12x3_PA.JPG;;15/11/2023 08:20:37;1.180,00;278,00;3;98,4500;DGen Papyrus G5 - 1;BB Inchiostrazione elevata [Solutioncare];720x600;00:00:32;01:39:01;;0,00;€0,00;;;;;;;0;;;
OK;LCS_6x3-B~1.JPG;;15/11/2023 10:05:48;568,00;280,00;2;31,8500;DGen Papyrus G5 - 1;BB Inchiostrazione elevata [Solutioncare];720x600;00:00:20;00:29:19;;0,00;€0,00;;;;;;;0;;;
OK;distribution_point_15-11-023.PDF;;15/11/2023 11:16:51;568,00;285,00;1;16,2000;DGen Papyrus G5 - 1;BB Inchiostrazione elevata [Solutioncare];720x600;00:00:21;00:07:57;;0,00;€0,00;;;;;;;0;;;
OK;Autoclinic_6x3.JPG;;15/11/2023 11:52:07;568,00;280,00;2;31,8500;DGen Papyrus G5 - 1;BB Inchiostrazione elevata [Solutioncare];720x600;00:00:20;00:24:46;;0,00;€0,00;;;;;;;0;;;
OK;LaViaLattea_6x6_1.JPG;;15/11/2023 12:35:31;568,00;565,00;1;32,1000;DGen Papyrus G5 - 1;BB Inchiostrazione elevata [Solutioncare];720x600;00:00:38;00:24:13;;0,00;€0,00;;;;;;;0;;;
OK;LaViaLattea_6x6_2.JPG;;15/11/2023 13:29:53;568,00;565,00;1;32,1000;DGen Papyrus G5 - 1;BB Inchiostrazione elevata [Solutioncare];720x600;00:00:40;00:25:10;;0,00;€0,00;;;;;;;0;;;
OK;Lactoflorene_6x3.JPG;;15/11/2023 14:11:21;568,00;280,00;1;15,9500;DGen Papyrus G5 - 1;BB Inchiostrazione elevata [Solutioncare];720x600;00:00:22;00:07:39;;0,00;€0,00;;;;;;;0;;;
OK;Lactoflorene_6x3.JPG;;15/11/2023 14:42:43;568,00;280,00;1;15,9500;DGen Papyrus G5 - 1;BB Inchiostrazione elevata [Solutioncare];720x600;00:00:22;00:14:03;;0,00;€0,00;;;;;;;0;;;
OK;Lactoflorene_100x140.JPG;;15/11/2023 15:01:01;131,00;95,00;18;22,4000;DGen Papyrus G5 - 1;BB Inchiostrazione elevata [Solutioncare];720x600;00:00:06;00:15:47;;0,00;€0,00;;;;;;;0;;;
OK;Lactoflorene_6x3.JPG;;15/11/2023 15:24:56;568,00;280,00;1;15,9500;DGen Papyrus G5 - 1;BB Inchiostrazione elevata [Solutioncare];720x600;00:00:22;00:00:14;;0,00;€0,00;;;;;;;0;;;
ERROR;CCBelvedere_6x3_Tombola.JPG;;15/11/2023 15:37:08;568,00;280,00;4;63,6500;DGen Papyrus G5 - 1;BB Inchiostrazione elevata [Solutioncare];720x600;00:00:23;00:02:08;;0,00;€0,00;;;;;;;0;;;
OK;Energy_6x3_Democracy.JPG;;15/11/2023 16:00:36;568,00;280,00;10;159,0500;DGen Papyrus G5 - 1;BB Inchiostrazione elevata [Solutioncare];720x600;00:00:21;14:18:58;;0,00;€0,00;;;;;;;0;;;
OK;Energy_6x3_Freedom.JPG;;15/11/2023 18:39:06;568,00;280,00;10;159,0500;DGen Papyrus G5 - 1;BB Inchiostrazione elevata [Solutioncare];720x600;00:00:24;14:18:58;;0,00;€0,00;;;;;;;0;;;
OK;Energy_6x3_Stability.JPG;;15/11/2023 21:25:17;568,00;280,00;12;190,8500;DGen Papyrus G5 - 1;BB Inchiostrazione elevata [Solutioncare];720x600;00:00:24;14:18:58;;0,00;€0,00;;;;;;;0;;;
OK;Energy_6x3_Unity.JPG;;16/11/2023 00:45:46;568,00;280,00;12;190,8500;DGen Papyrus G5 - 1;BB Inchiostrazione elevata [Solutioncare];720x600;00:00:22;14:18:58;;0,00;€0,00;;;;;;;0;;;
OK;Energy_6x3_Democracy~1.JPG;;16/11/2023 04:05:14;568,00;280,00;2;31,8500;DGen Papyrus G5 - 1;BB Inchiostrazione elevata [Solutioncare];720x600;00:00:21;14:18:58;;0,00;€0,00;;;;;;;0;;;
OK;Energy_6x3_Freedom~1.JPG;;16/11/2023 04:39:26;568,00;280,00;2;31,8500;DGen Papyrus G5 - 1;BB Inchiostrazione elevata [Solutioncare];720x600;00:00:24;14:18:58;;0,00;€0,00;;;;;;;0;;;
OK;Energy_6x3_Stability~1.JPG;;16/11/2023 05:12:47;568,00;280,00;2;31,8500;DGen Papyrus G5 - 1;BB Inchiostrazione elevata [Solutioncare];720x600;00:00:24;14:18:58;;0,00;€0,00;;;;;;;0;;;
OK;Energy_6x3_Unity~1.JPG;;16/11/2023 05:46:12;568,00;280,00;2;31,8500;DGen Papyrus G5 - 1;BB Inchiostrazione elevata [Solutioncare];720x600;00:00:22;14:18:58;;0,00;€0,00;;;;;;;0;;;
OK;Energy_140x200_Democracy.JPG;;16/11/2023 08:00:35;131,00;194,00;74;188,1000;DGen Papyrus G5 - 1;BB Inchiostrazione elevata [Solutioncare];720x600;00:00:09;03:52:25;;0,00;€0,00;;;;;;;0;;;
OK;Energy_140x200_Freedom.JPG;;16/11/2023 12:14:47;131,00;194,00;30;76,2500;DGen Papyrus G5 - 1;BB Inchiostrazione elevata [Solutioncare];720x600;00:00:11;01:13:47;;0,00;€0,00;;;;;;;0;;;
OK;Energy_140x200_Freedom.JPG;;16/11/2023 13:44:32;131,00;194,00;44;111,8500;DGen Papyrus G5 - 1;BB Inchiostrazione elevata [Solutioncare];720x600;00:00:11;01:52:05;;0,00;€0,00;;;;;;;0;;;
OK;Energy_140x200_Stability.JPG;;16/11/2023 16:05:32;131,00;194,00;74;188,1000;DGen Papyrus G5 - 1;BB Inchiostrazione elevata [Solutioncare];720x600;00:00:11;11:54:45;;0,00;€0,00;;;;;;;0;;;
OK;Energy_140x200_Unity.JPG;;16/11/2023 19:19:54;131,00;194,00;74;188,1000;DGen Papyrus G5 - 1;BB Inchiostrazione elevata [Solutioncare];720x600;00:00:10;11:54:45;;0,00;€0,00;;;;;;;0;;;
OK;Energy_12x3_Democracy.JPG;;16/11/2023 22:43:30;1.180,00;278,00;1;32,8500;DGen Papyrus G5 - 1;BB Inchiostrazione elevata [Solutioncare];720x600;00:00:38;11:54:45;;0,00;€0,00;;;;;;;0;;;
OK;Energy_12x3_Freedom.JPG;;16/11/2023 23:19:16;1.180,00;278,00;2;65,6500;DGen Papyrus G5 - 1;BB Inchiostrazione elevata [Solutioncare];720x600;00:00:49;11:54:45;;0,00;€0,00;;;;;;;0;;;
OK;Energy_12x3_Stability.JPG;;17/11/2023 00:31:14;1.180,00;278,00;2;65,6500;DGen Papyrus G5 - 1;BB Inchiostrazione elevata [Solutioncare];720x600;00:00:49;11:54:45;;0,00;€0,00;;;;;;;0;;;
OK;Energy_6x6_Democracy.JPG;;17/11/2023 01:44:08;568,00;570,00;2;64,8000;DGen Papyrus G5 - 1;BB Inchiostrazione elevata [Solutioncare];720x600;00:00:56;11:54:45;;0,00;€0,00;;;;;;;0;;;
OK;Energy_6x6_Freedom.JPG;;17/11/2023 02:52:00;568,00;570,00;2;64,8000;DGen Papyrus G5 - 1;BB Inchiostrazione elevata [Solutioncare];720x600;00:00:59;11:54:45;;0,00;€0,00;;;;;;;0;;;
OK;Eurospar_6x3_soggetto_acqua.JPG;;17/11/2023 08:28:13;568,00;280,00;1;15,9500;DGen Papyrus G5 - 1;BB Inchiostrazione elevata [Solutioncare];720x600;00:00:25;00:41:23;;0,00;€0,00;;;;;;;0;;;
OK;Eurospar_6x3_BuoniSpesa.JPG;;17/11/2023 08:35:56;568,00;280,00;2;31,8500;DGen Papyrus G5 - 1;BB Inchiostrazione elevata [Solutioncare];720x600;00:00:18;00:41:23;;0,00;€0,00;;;;;;;0;;;
OK;Sinergy-RalloStore_6x3.JPG;;17/11/2023 09:19:26;568,00;280,00;2;31,8500;DGen Papyrus G5 - 1;BB Inchiostrazione elevata [Solutioncare];720x600;00:00:22;00:25:04;;0,00;€0,00;;;;;;;0;;;
OK;Penny_140x200_Mars1.JPG;;17/11/2023 10:01:48;131,00;194,00;2;5,1000;DGen Papyrus G5 - 1;BB Inchiostrazione elevata [Solutioncare];720x600;00:00:09;00:00:18;;0,00;€0,00;;;;;;;0;;;
OK;Penny_140x200_Mars2.JPG;;17/11/2023 10:08:22;131,00;194,00;2;5,1000;DGen Papyrus G5 - 1;BB Inchiostrazione elevata [Solutioncare];720x600;00:00:08;00:00:19;;0,00;€0,00;;;;;;;0;;;
OK;Penny_140x200_Mars3.JPG;;17/11/2023 10:27:09;131,00;194,00;2;5,1000;DGen Papyrus G5 - 1;BB Inchiostrazione elevata [Solutioncare];720x600;00:00:08;00:36:08;;0,00;€0,00;;;;;;;0;;;
OK;Penny_140x200_Mars4.JPG;;17/11/2023 10:27:28;131,00;194,00;2;5,1000;DGen Papyrus G5 - 1;BB Inchiostrazione elevata [Solutioncare];720x600;00:00:09;00:36:08;;0,00;€0,00;;;;;;;0;;;
OK;Energy_6x6_Stability.JPG;;17/11/2023 10:29:37;568,00;570,00;1;32,4000;DGen Papyrus G5 - 1;BB Inchiostrazione elevata [Solutioncare];720x600;00:00:50;00:36:08;;0,00;€0,00;;;;;;;0;;;
OK;N_1_MANIFESTO_CM_60X100_FASTWEB.JPG;;17/11/2023 11:14:31;60,00;100,05;2;1,2000;DGen Papyrus G5 - 1;BB Inchiostrazione elevata [Solutioncare];720x600;00:00:02;00:00:22;;0,00;€0,00;;;;;;;0;;;
OK;Energy_100x140_Democracy.JPG;;17/11/2023 11:14:36;131,00;95,00;4;5,0000;DGen Papyrus G5 - 1;BB Inchiostrazione elevata [Solutioncare];720x600;00:00:06;00:00:22;;0,00;€0,00;;;;;;;0;;;
OK;Penny_6x3_Mars1.JPG;;17/11/2023 11:33:35;568,00;280,00;1;15,9500;DGen Papyrus G5 - 1;BB Inchiostrazione elevata [Solutioncare];720x600;00:00:21;00:58:14;;0,00;€0,00;;;;;;;0;;;
OK;Penny_6x3_Mars2.JPG;;17/11/2023 11:42:10;568,00;280,00;1;15,9500;DGen Papyrus G5 - 1;BB Inchiostrazione elevata [Solutioncare];720x600;00:00:21;00:58:14;;0,00;€0,00;;;;;;;0;;;
OK;Penny_6x3_Mars3.JPG;;17/11/2023 11:58:22;568,00;280,00;1;15,9500;DGen Papyrus G5 - 1;BB Inchiostrazione elevata [Solutioncare];720x600;00:00:24;00:58:14;;0,00;€0,00;;;;;;;0;;;
OK;Penny_6x3_Mars4.JPG;;17/11/2023 12:15:37;568,00;280,00;1;15,9500;DGen Papyrus G5 - 1;BB Inchiostrazione elevata [Solutioncare];720x600;00:00:22;00:58:14;;0,00;€0,00;;;;;;;0;;;
OK;PianetaExpert_TP_6x3.JPG;;17/11/2023 12:38:54;568,00;280,00;3;47,7500;DGen Papyrus G5 - 1;BB Inchiostrazione elevata [Solutioncare];720x600;00:00:20;00:44:44;;0,00;€0,00;;;;;;;0;;;
OK;NO+Vello_6x3.JPG;;17/11/2023 13:32:34;568,00;280,00;1;15,9500;DGen Papyrus G5 - 1;BB Inchiostrazione elevata [Solutioncare];720x600;00:00:24;00:09:21;;0,00;€0,00;;;;;;;0;;;
ERROR;Giarrusso_100x140.JPG;;17/11/2023 14:01:02;131,00;95,00;17;21,2000;DGen Papyrus G5 - 1;BB Inchiostrazione elevata [Solutioncare];720x600;00:00:06;00:01:44;;0,00;€0,00;;;;;;;0;;;
OK;Giarrusso_6x3.JPG;;17/11/2023 14:03:15;568,00;280,00;3;47,7500;DGen Papyrus G5 - 1;BB Inchiostrazione elevata [Solutioncare];720x600;00:00:20;01:05:37;;0,00;€0,00;;;;;;;0;;;
OK;Giarrusso_100x140.JPG;;17/11/2023 14:45:20;131,00;95,00;17;21,2000;DGen Papyrus G5 - 1;BB Inchiostrazione elevata [Solutioncare];720x600;00:00:06;01:05:37;;0,00;€0,00;;;;;;;0;;;
OK;IlMondoDelCaffe_6x3.JPG;;17/11/2023 15:12:01;568,00;280,00;4;63,6500;DGen Papyrus G5 - 1;BB Inchiostrazione elevata [Solutioncare];720x600;00:00:23;01:04:27;;0,00;€0,00;;;;;;;0;;;
OK;DaGea_6x3-tv.JPG;;17/11/2023 16:54:23;568,00;280,00;4;63,6500;DGen Papyrus G5 - 1;BB Inchiostrazione elevata [Solutioncare];720x600;00:00:25;13:27:50;;0,00;€0,00;;;;;;;0;;;
OK;DaGea_6x3-Divano.JPG;;17/11/2023 17:52:57;568,00;280,00;4;63,6500;DGen Papyrus G5 - 1;BB Inchiostrazione elevata [Solutioncare];720x600;00:00:23;13:27:50;;0,00;€0,00;;;;;;;0;;;
OK;Magnaroma_6x3_Bagh.JPG;;17/11/2023 19:00:20;568,00;280,00;5;79,5500;DGen Papyrus G5 - 1;BB Inchiostrazione elevata [Solutioncare];720x600;00:00:28;13:27:50;;0,00;€0,00;;;;;;;0;;;
OK;Penny_6x3_PA1.JPG;;17/11/2023 20:23:15;568,00;280,00;4;63,6500;DGen Papyrus G5 - 1;BB Inchiostrazione elevata [Solutioncare];720x600;00:00:20;13:27:50;;0,00;€0,00;;;;;;;0;;;
OK;Penny_6x3_PA2.JPG;;17/11/2023 21:31:04;568,00;280,00;4;63,6500;DGen Papyrus G5 - 1;BB Inchiostrazione elevata [Solutioncare];720x600;00:00:20;13:27:50;;0,00;€0,00;;;;;;;0;;;
OK;Penny_6x3_PA3.JPG;;17/11/2023 22:37:31;568,00;280,00;5;79,5500;DGen Papyrus G5 - 1;BB Inchiostrazione elevata [Solutioncare];720x600;00:00:23;13:27:50;;0,00;€0,00;;;;;;;0;;;
OK;Penny_6x3_PA4.JPG;;18/11/2023 00:01:12;568,00;280,00;5;79,5500;DGen Papyrus G5 - 1;BB Inchiostrazione elevata [Solutioncare];720x600;00:00:22;13:27:50;;0,00;€0,00;;;;;;;0;;;
OK;Penny_100x140_PA1.JPG;;18/11/2023 01:23:48;131,00;95,05;15;18,7000;DGen Papyrus G5 - 1;BB Inchiostrazione elevata [Solutioncare];720x600;00:00:06;13:27:50;;0,00;€0,00;;;;;;;0;;;
OK;Penny_100x140_PA2.JPG;;18/11/2023 01:44:44;131,00;95,05;15;18,7000;DGen Papyrus G5 - 1;BB Inchiostrazione elevata [Solutioncare];720x600;00:00:05;13:27:50;;0,00;€0,00;;;;;;;0;;;
OK;Penny_100x140_PA3.JPG;;18/11/2023 02:05:12;131,00;95,05;15;18,7000;DGen Papyrus G5 - 1;BB Inchiostrazione elevata [Solutioncare];720x600;00:00:06;13:27:50;;0,00;€0,00;;;;;;;0;;;
OK;Penny_100x140_PA4.JPG;;18/11/2023 02:24:47;131,00;95,00;15;18,7000;DGen Papyrus G5 - 1;BB Inchiostrazione elevata [Solutioncare];720x600;00:00:05;13:27:50;;0,00;€0,00;;;;;;;0;;;
OK;Penny_6x6.JPG;;18/11/2023 02:45:21;568,00;570,00;1;32,4000;DGen Papyrus G5 - 1;BB Inchiostrazione elevata [Solutioncare];720x600;00:00:49;13:27:50;;0,00;€0,00;;;;;;;0;;;
OK;Penny_12x3.JPG;;18/11/2023 03:18:51;1.180,00;278,00;1;32,8500;DGen Papyrus G5 - 1;BB Inchiostrazione elevata [Solutioncare];720x600;00:00:36;13:27:50;;0,00;€0,00;;;;;;;0;;;
OK;Penny_140x200_PA1.JPG;;18/11/2023 03:55:05;131,00;194,00;4;10,2000;DGen Papyrus G5 - 1;BB Inchiostrazione elevata [Solutioncare];720x600;00:00:10;13:27:50;;0,00;€0,00;;;;;;;0;;;
OK;Penny_140x200_PA2.JPG;;18/11/2023 04:06:55;131,00;194,00;4;10,2000;DGen Papyrus G5 - 1;BB Inchiostrazione elevata [Solutioncare];720x600;00:00:10;13:27:50;;0,00;€0,00;;;;;;;0;;;
OK;Penny_140x200_PA3.JPG;;18/11/2023 04:17:32;131,00;194,00;4;10,2000;DGen Papyrus G5 - 1;BB Inchiostrazione elevata [Solutioncare];720x600;00:00:11;13:27:50;;0,00;€0,00;;;;;;;0;;;
OK;Penny_140x200_PA4.JPG;;18/11/2023 04:28:14;131,00;194,00;5;12,7500;DGen Papyrus G5 - 1;BB Inchiostrazione elevata [Solutioncare];720x600;00:00:12;13:27:50;;0,00;€0,00;;;;;;;0;;;
OK;ARD_6x3.JPG;;18/11/2023 04:42:24;568,00;280,00;4;63,6500;DGen Papyrus G5 - 1;BB Inchiostrazione elevata [Solutioncare];720x600;00:00:23;13:27:50;;0,00;€0,00;;;;;;;0;;;
OK;Conad_6x3.JPG;;18/11/2023 05:48:52;568,00;280,00;1;15,9500;DGen Papyrus G5 - 1;BB Inchiostrazione elevata [Solutioncare];720x600;00:00:19;13:27:50;;0,00;€0,00;;;;;;;0;;;
OK;SexyShop_6x3.JPG;;18/11/2023 06:06:05;568,00;280,00;1;15,9500;DGen Papyrus G5 - 1;BB Inchiostrazione elevata [Solutioncare];720x600;00:00:18;13:27:50;;0,00;€0,00;;;;;;;0;;;
OK;DaGea_6x6.JPG;;18/11/2023 08:12:45;568,00;570,00;3;97,1500;DGen Papyrus G5 - 1;BB Inchiostrazione elevata [Solutioncare];720x600;00:00:46;01:34:03;;0,00;€0,00;;;;;;;0;;;
OK;Max_6x3_Mizzica.JPG;;18/11/2023 10:13:30;568,00;280,00;5;79,5500;DGen Papyrus G5 - 1;BB Inchiostrazione elevata [Solutioncare];720x600;00:00:20;01:15:03;;0,00;€0,00;;;;;;;0;;;
OK;PalermoFelicissima_12x3.JPG;;18/11/2023 12:23:50;1.180,00;278,00;1;32,8500;DGen Papyrus G5 - 1;BB Inchiostrazione elevata [Solutioncare];720x600;00:00:31;12:24:43;;0,00;€0,00;;;;;;;0;;;
OK;ViaLaMafia_6x3.JPG;;18/11/2023 12:51:26;568,00;280,00;6;95,4500;DGen Papyrus G5 - 1;BB Inchiostrazione elevata [Solutioncare];720x600;00:00:14;12:24:43;;0,00;€0,00;;;;;;;0;;;
OK;ViaLaMafia_100x140.JPG;;18/11/2023 14:32:21;131,00;95,00;66;82,1500;DGen Papyrus G5 - 1;BB Inchiostrazione elevata [Solutioncare];720x600;00:00:04;12:24:43;;0,00;€0,00;;;;;;;0;;;
OK;CoppaAssi_6x3.JPG;;18/11/2023 16:01:39;568,00;280,00;20;318,1000;DGen Papyrus G5 - 1;BB Inchiostrazione elevata [Solutioncare];720x600;00:00:24;12:24:43;;0,00;€0,00;;;;;;;0;;;
OK;CoppaAssi_100x140.JPG;;18/11/2023 21:35:13;131,00;95,00;54;67,2000;DGen Papyrus G5 - 1;BB Inchiostrazione elevata [Solutioncare];720x600;00:00:06;12:24:43;;0,00;€0,00;;;;;;;0;;;
OK;CoppaAssi_420x200.JPG;;18/11/2023 22:47:52;405,00;194,00;7;55,0000;DGen Papyrus G5 - 1;BB Inchiostrazione elevata [Solutioncare];720x600;00:00:24;12:24:43;;0,00;€0,00;;;;;;;0;;;
OK;Max_6x3_Base.JPG;;18/11/2023 23:47:52;568,00;280,00;1;15,9500;DGen Papyrus G5 - 1;BB Inchiostrazione elevata [Solutioncare];720x600;00:00:21;12:24:43;;0,00;€0,00;;;;;;;0;;;
OK;Max_100x140_Mizzica.JPG;;19/11/2023 00:04:54;131,00;95,00;10;12,4500;DGen Papyrus G5 - 1;BB Inchiostrazione elevata [Solutioncare];720x600;00:00:05;12:24:43;;0,00;€0,00;;;;;;;0;;;
OK;Max_140x200_Mizzica.JPG;;19/11/2023 00:18:13;131,00;194,00;11;28,0000;DGen Papyrus G5 - 1;BB Inchiostrazione elevata [Solutioncare];720x600;00:00:08;12:24:43;;0,00;€0,00;;;;;;;0;;;
ERROR;GiBiAuto_6x3_Kuga.JPG;;20/11/2023 10:39:39;568,00;280,00;4;63,6500;DGen Papyrus G5 - 1;BB Inchiostrazione elevata [Solutioncare];720x600;00:00:29;00:39:07;;0,00;€0,00;;;;;;;0;;;
ERROR;GiBiAuto_6x3_Kuga.JPG;;20/11/2023 11:30:33;568,00;280,00;4;63,6500;DGen Papyrus G5 - 1;BB Inchiostrazione elevata [Solutioncare];720x600;00:00:29;00:36:30;;0,00;€0,00;;;;;;;0;;;
OK;GiBiAuto_6x3_Kuga.JPG;;20/11/2023 12:08:05;568,00;280,00;4;63,6500;DGen Papyrus G5 - 1;BB Inchiostrazione elevata [Solutioncare];720x600;00:00:29;01:57:52;;0,00;€0,00;;;;;;;0;;;
OK;GiBiAuto_6x3_Puma.JPG;;20/11/2023 12:25:01;568,00;280,00;6;95,4500;DGen Papyrus G5 - 1;BB Inchiostrazione elevata [Solutioncare];720x600;00:00:26;01:57:52;;0,00;€0,00;;;;;;;0;;;
OK;Pecetta_100x140.JPG;;20/11/2023 14:24:23;5,15;4,00;108;0,2500;DGen Papyrus G5 - 1;BB Inchiostrazione elevata [Solutioncare];720x600;00:00:01;00:46:21;;0,00;€0,00;;;;;;;0;;;
OK;Pecetta_420x200.JPG;;20/11/2023 14:24:25;12,25;9,55;14;0,2000;DGen Papyrus G5 - 1;BB Inchiostrazione elevata [Solutioncare];720x600;00:00:01;00:46:21;;0,00;€0,00;;;;;;;0;;;
OK;Pecetta_x_6x3.JPG;;20/11/2023 14:24:26;18,00;14,05;40;1,0500;DGen Papyrus G5 - 1;BB Inchiostrazione elevata [Solutioncare];720x600;00:00:01;00:46:21;;0,00;€0,00;;;;;;;0;;;
OK;CoppaAssi_280x200-New.JPG;;20/11/2023 14:24:31;270,05;194,00;9;47,1500;DGen Papyrus G5 - 1;BB Inchiostrazione elevata [Solutioncare];720x600;00:00:21;00:46:21;;0,00;€0,00;;;;;;;0;;;
ERROR;Eurospin_6x3_Michelangelo.JPG;;20/11/2023 15:14:03;568,00;280,00;3;47,7500;DGen Papyrus G5 - 1;BB Inchiostrazione elevata [Solutioncare];720x600;00:00:16;00:04:46;;0,00;€0,00;;;;;;;0;;;
OK;Eurospin_6x3_Michelangelo.JPG;;20/11/2023 15:24:31;568,00;280,00;3;47,7500;DGen Papyrus G5 - 1;BB Inchiostrazione elevata [Solutioncare];720x600;00:00:16;00:43:22;;0,00;€0,00;;;;;;;0;;;
OK;SISA_6x3_1.JPG;;20/11/2023 16:48:00;568,00;280,00;30;477,1500;DGen Papyrus G5 - 1;BB Inchiostrazione elevata [Solutioncare];720x600;00:00:26;16:45:54;;0,00;€0,00;;;;;;;0;;;
OK;SISA_6x3_2.JPG;;21/11/2023 01:06:16;568,00;280,00;30;477,1500;DGen Papyrus G5 - 1;BB Inchiostrazione elevata [Solutioncare];720x600;00:00:29;16:45:54;;0,00;€0,00;;;;;;;0;;;
OK;DreamRent_12x3.JPG;;21/11/2023 09:58:49;1.180,00;278,00;2;65,6500;DGen Papyrus G5 - 1;BB Inchiostrazione elevata [Solutioncare];720x600;00:00:38;01:04:34;;0,00;€0,00;;;;;;;0;;;
OK;DreamRent_12x3.JPG;;21/11/2023 11:22:18;1.180,00;278,00;4;131,2500;DGen Papyrus G5 - 1;BB Inchiostrazione elevata [Solutioncare];720x600;00:00:38;02:16:42;;0,00;€0,00;;;;;;;0;;;
OK;DreamRent_12x3.JPG;;21/11/2023 13:48:14;1.180,00;278,00;2;65,6500;DGen Papyrus G5 - 1;BB Inchiostrazione elevata [Solutioncare];720x600;00:00:38;01:04:32;;0,00;€0,00;;;;;;;0;;;
OK;DreamRent_12x3.JPG;;21/11/2023 15:11:01;1.180,00;278,00;1;32,8500;DGen Papyrus G5 - 1;BB Inchiostrazione elevata [Solutioncare];720x600;00:00:38;00:28:28;;0,00;€0,00;;;;;;;0;;;
OK;DreamRent_12x3.JPG;;21/11/2023 16:48:37;1.180,00;278,00;1;32,8500;DGen Papyrus G5 - 1;BB Inchiostrazione elevata [Solutioncare];720x600;00:00:38;05:11:30;;0,00;€0,00;;;;;;;0;;;
OK;IlCentesimo_140x200_1.JPG;;21/11/2023 17:16:08;131,00;194,00;26;66,1000;DGen Papyrus G5 - 1;BB Inchiostrazione elevata [Solutioncare];720x600;00:00:09;05:11:30;;0,00;€0,00;;;;;;;0;;;
OK;IlCentesimo_140x200_2.JPG;;21/11/2023 18:28:15;131,00;194,00;26;66,1000;DGen Papyrus G5 - 1;BB Inchiostrazione elevata [Solutioncare];720x600;00:00:10;05:11:30;;0,00;€0,00;;;;;;;0;;;
OK;IlCentesimo_140x200_3.JPG;;21/11/2023 19:39:21;131,00;194,00;26;66,1000;DGen Papyrus G5 - 1;BB Inchiostrazione elevata [Solutioncare];720x600;00:00:09;05:11:30;;0,00;€0,00;;;;;;;0;;;
OK;IlCentesimo_140x200_4.JPG;;21/11/2023 20:51:29;131,00;194,00;25;63,5500;DGen Papyrus G5 - 1;BB Inchiostrazione elevata [Solutioncare];720x600;00:00:09;05:11:30;;0,00;€0,00;;;;;;;0;;;
ERROR;distribution_poin_22-11-3.PDF;;22/11/2023 11:55:53;568,00;285,00;7;113,3000;DGen Papyrus G5 - 1;BB Inchiostrazione elevata [Solutioncare];720x600;00:00:27;00:00:00;;0,00;€0,00;;;;;;;0;;;
OK;distribution_poin_22-11-3.PDF;;22/11/2023 11:57:27;568,00;285,00;7;113,3000;DGen Papyrus G5 - 1;BB Inchiostrazione elevata [Solutioncare];720x600;00:00:27;01:51:03;;0,00;€0,00;;;;;;;0;;;
ERROR;Todis_6x3_1.JPG;;22/11/2023 16:29:21;568,00;280,00;11;174,9500;DGen Papyrus G5 - 1;BB Inchiostrazione elevata [Solutioncare];720x600;00:00:23;00:02:25;;0,00;€0,00;;;;;;;0;;;
ERROR;Todis_140x200_1.JPG;;23/11/2023 08:13:55;131,00;194,00;42;106,7500;DGen Papyrus G5 - 1;BB Inchiostrazione elevata [Solutioncare];720x600;00:00:11;00:00:00;;0,00;€0,00;;;;;;;0;;;
OK;Todis_140x200_1.JPG;;23/11/2023 08:14:35;131,00;194,00;42;106,7500;DGen Papyrus G5 - 1;BB Inchiostrazione elevata [Solutioncare];720x600;00:00:11;01:45:33;;0,00;€0,00;;;;;;;0;;;
OK;FG_Detersivi_6x3ripristino.JPG;;23/11/2023 10:11:53;568,00;280,00;2;31,8500;DGen Papyrus G5 - 1;BB Inchiostrazione elevata [Solutioncare];720x600;00:00:24;00:33:30;;0,00;€0,00;;;;;;;0;;;
OK;FarmaciaRE_100x140_Dx.JPG;;23/11/2023 10:37:03;131,00;95,00;2;2,5000;DGen Papyrus G5 - 1;BB Inchiostrazione elevata [Solutioncare];720x600;00:00:05;00:33:30;;0,00;€0,00;;;;;;;0;;;
OK;FarmaciaRE_140x200_Dx.JPG;;23/11/2023 10:39:49;131,00;194,00;1;2,5500;DGen Papyrus G5 - 1;BB Inchiostrazione elevata [Solutioncare];720x600;00:00:11;00:33:30;;0,00;€0,00;;;;;;;0;;;
OK;FarmaciaRE_140x200_Sx.JPG;;23/11/2023 10:42:38;131,00;194,00;1;2,5500;DGen Papyrus G5 - 1;BB Inchiostrazione elevata [Solutioncare];720x600;00:00:10;00:33:30;;0,00;€0,00;;;;;;;0;;;
OK;H&B_6x3-Istituz.JPG;;23/11/2023 10:55:38;568,00;280,00;2;31,8500;DGen Papyrus G5 - 1;BB Inchiostrazione elevata [Solutioncare];720x600;00:00:28;01:00:47;;0,00;€0,00;;;;;;;0;;;
OK;IlMondoDelCaffe_6x6.JPG;;23/11/2023 11:22:21;568,00;570,00;1;32,4000;DGen Papyrus G5 - 1;BB Inchiostrazione elevata [Solutioncare];720x600;00:00:47;01:00:47;;0,00;€0,00;;;;;;;0;;;
OK;Todis_6x3_3~1.JPG;;23/11/2023 12:03:06;568,00;280,00;4;63,6500;DGen Papyrus G5 - 1;BB Inchiostrazione elevata [Solutioncare];720x600;00:00:32;01:18:06;;0,00;€0,00;;;;;;;0;;;
OK;Todis_6x3_3.JPG;;23/11/2023 12:04:38;568,00;280,00;12;190,8500;DGen Papyrus G5 - 1;BB Inchiostrazione elevata [Solutioncare];720x600;00:00:32;01:18:06;;0,00;€0,00;;;;;;;0;;;
OK;Todis_140x200_2.JPG;;23/11/2023 13:35:54;131,00;194,00;41;104,2000;DGen Papyrus G5 - 1;BB Inchiostrazione elevata [Solutioncare];720x600;00:00:11;01:43:21;;0,00;€0,00;;;;;;;0;;;
OK;Igea_6x3.JPG;;23/11/2023 15:24:54;568,00;280,00;1;15,9500;DGen Papyrus G5 - 1;BB Inchiostrazione elevata [Solutioncare];720x600;00:00:17;00:11:31;;0,00;€0,00;;;;;;;0;;;
OK;Todis_6x3_2.JPG;;23/11/2023 16:18:15;568,00;280,00;12;190,8500;DGen Papyrus G5 - 1;BB Inchiostrazione elevata [Solutioncare];720x600;00:00:36;12:24:13;;0,00;€0,00;;;;;;;0;;;
OK;Todis_100x140_1.JPG;;23/11/2023 19:31:11;131,00;95,00;64;79,6500;DGen Papyrus G5 - 1;BB Inchiostrazione elevata [Solutioncare];720x600;00:00:05;12:24:13;;0,00;€0,00;;;;;;;0;;;
OK;Todis_100x140_2.JPG;;23/11/2023 20:57:57;131,00;95,00;64;79,6500;DGen Papyrus G5 - 1;BB Inchiostrazione elevata [Solutioncare];720x600;00:00:07;12:24:13;;0,00;€0,00;;;;;;;0;;;
OK;Forum_100x140.JPG;;23/11/2023 22:24:13;131,00;95,00;31;38,6000;DGen Papyrus G5 - 1;BB Inchiostrazione elevata [Solutioncare];720x600;00:00:06;12:24:13;;0,00;€0,00;;;;;;;0;;;
OK;Forum_100x140_Pensiline.JPG;;23/11/2023 23:05:27;131,00;95,00;40;49,8000;DGen Papyrus G5 - 1;BB Inchiostrazione elevata [Solutioncare];720x600;00:00:04;12:24:13;;0,00;€0,00;;;;;;;0;;;
OK;Forum_6x6.JPG;;23/11/2023 23:59:34;568,00;570,00;3;97,1500;DGen Papyrus G5 - 1;BB Inchiostrazione elevata [Solutioncare];720x600;00:00:42;12:24:13;;0,00;€0,00;;;;;;;0;;;
OK;Forum_12x3.JPG;;24/11/2023 01:41:09;1.180,00;278,00;5;164,0500;DGen Papyrus G5 - 1;BB Inchiostrazione elevata [Solutioncare];720x600;00:00:40;12:24:13;;0,00;€0,00;;;;;;;0;;;
OK;PaghiPoco_6x3_Siracusa.JPG;;24/11/2023 09:22:10;568,00;280,00;5;79,5500;DGen Papyrus G5 - 1;BB Inchiostrazione elevata [Solutioncare];720x600;00:00:23;01:14:43;;0,00;€0,00;;;;;;;0;;;
OK;PaghiPoco_6x3_SGIOVANNICt.JPG;;24/11/2023 10:42:39;568,00;280,00;1;15,9500;DGen Papyrus G5 - 1;BB Inchiostrazione elevata [Solutioncare];720x600;00:00:24;00:46:30;;0,00;€0,00;;;;;;;0;;;
OK;FabbricaFinocchiaro_6x3.JPG;;24/11/2023 10:55:31;568,00;280,00;2;31,8500;DGen Papyrus G5 - 1;BB Inchiostrazione elevata [Solutioncare];720x600;00:00:23;00:46:30;;0,00;€0,00;;;;;;;0;;;
OK;PaghiPoco_6x3_Trapani.JPG;;24/11/2023 12:34:23;568,00;280,00;6;95,4500;DGen Papyrus G5 - 1;BB Inchiostrazione elevata [Solutioncare];720x600;00:00:22;01:32:54;;0,00;€0,00;;;;;;;0;;;
OK;PaghiPoco_6x3_Partinico.JPG;;24/11/2023 14:09:59;568,00;280,00;1;15,9500;DGen Papyrus G5 - 1;BB Inchiostrazione elevata [Solutioncare];720x600;00:00:22;00:13:54;;0,00;€0,00;;;;;;;0;;;
OK;PaghiPoco_140x200_TrapaniA.JPG;;24/11/2023 14:29:45;131,00;194,05;17;43,2500;DGen Papyrus G5 - 1;BB Inchiostrazione elevata [Solutioncare];720x600;00:00:09;00:41:37;;0,00;€0,00;;;;;;;0;;;
OK;PaghiPoco_140x200_TrapaniB.JPG;;24/11/2023 15:21:03;131,00;194,05;6;15,2500;DGen Papyrus G5 - 1;BB Inchiostrazione elevata [Solutioncare];720x600;00:00:11;00:08:12;;0,00;€0,00;;;;;;;0;;;
OK;Famila_6x3_A.JPG;;26/11/2023 10:15:16;568,00;280,00;14;222,7000;DGen Papyrus G5 - 1;BB Inchiostrazione elevata [Solutioncare];720x600;00:00:27;16:37:25;;0,00;€0,00;;;;;;;0;;;
OK;Famila_6x3_B.JPG;;26/11/2023 14:02:55;568,00;280,00;14;222,7000;DGen Papyrus G5 - 1;BB Inchiostrazione elevata [Solutioncare];720x600;00:00:27;16:37:25;;0,00;€0,00;;;;;;;0;;;
OK;Famila_140x200_A.JPG;;26/11/2023 18:00:02;131,00;194,00;97;246,5500;DGen Papyrus G5 - 1;BB Inchiostrazione elevata [Solutioncare];720x600;00:00:09;16:37:25;;0,00;€0,00;;;;;;;0;;;
OK;Famila_140x200_B.JPG;;26/11/2023 22:27:21;131,00;194,00;97;246,5500;DGen Papyrus G5 - 1;BB Inchiostrazione elevata [Solutioncare];720x600;00:00:13;16:37:25;;0,00;€0,00;;;;;;;0;;;
ERROR;Famila_6x3_A.JPG;;27/11/2023 07:22:22;568,00;280,00;3;47,7500;DGen Papyrus G5 - 1;BB Inchiostrazione elevata [Solutioncare];720x600;00:00:27;00:02:27;;0,00;€0,00;;;;;;;0;;;
OK;Famila_140x200_A.JPG;;27/11/2023 07:32:55;131,00;194,00;7;17,8000;DGen Papyrus G5 - 1;BB Inchiostrazione elevata [Solutioncare];720x600;00:00:09;00:38:16;;0,00;€0,00;;;;;;;0;;;
OK;Famila_140x200_B.JPG;;27/11/2023 07:42:35;131,00;194,00;7;17,8000;DGen Papyrus G5 - 1;BB Inchiostrazione elevata [Solutioncare];720x600;00:00:13;00:38:16;;0,00;€0,00;;;;;;;0;;;
OK;Famila_100x140_A.JPG;;27/11/2023 08:02:03;131,00;95,00;3;3,7500;DGen Papyrus G5 - 1;BB Inchiostrazione elevata [Solutioncare];720x600;00:00:05;00:38:16;;0,00;€0,00;;;;;;;0;;;
OK;Famila_100x140_B.JPG;;27/11/2023 08:05:59;131,00;95,00;4;5,0000;DGen Papyrus G5 - 1;BB Inchiostrazione elevata [Solutioncare];720x600;00:00:05;00:38:16;;0,00;€0,00;;;;;;;0;;;
ERROR;Famila_6x3_B.JPG;;27/11/2023 08:39:06;568,00;280,00;4;63,6500;DGen Papyrus G5 - 1;BB Inchiostrazione elevata [Solutioncare];720x600;00:00:27;00:00:04;;0,00;€0,00;;;;;;;0;;;
ERROR;Famila_6x3_A.JPG;;27/11/2023 08:39:53;568,00;280,00;3;47,7500;DGen Papyrus G5 - 1;BB Inchiostrazione elevata [Solutioncare];720x600;00:00:27;00:02:28;;0,00;€0,00;;;;;;;0;;;
OK;Famila_6x3_A.JPG;;27/11/2023 08:42:49;568,00;280,00;3;47,7500;DGen Papyrus G5 - 1;BB Inchiostrazione elevata [Solutioncare];720x600;00:00:27;01:47:49;;0,00;€0,00;;;;;;;0;;;
OK;Famila_6x3_B.JPG;;27/11/2023 09:24:02;568,00;280,00;4;63,6500;DGen Papyrus G5 - 1;BB Inchiostrazione elevata [Solutioncare];720x600;00:00:27;01:47:49;;0,00;€0,00;;;;;;;0;;;
OK;Todis_6x3_Rudini.JPG;;27/11/2023 12:04:34;568,00;280,00;1;15,9500;DGen Papyrus G5 - 1;BB Inchiostrazione elevata [Solutioncare];720x600;00:00:22;01:37:40;;0,00;€0,00;;;;;;;0;;;
OK;WWRY_140x200.JPG;;27/11/2023 12:12:12;134,00;194,00;16;41,6000;DGen Papyrus G5 - 1;BB Inchiostrazione elevata [Solutioncare];720x600;00:00:09;01:37:40;;0,00;€0,00;;;;;;;0;;;
OK;Zucchero_140x200.JPG;;27/11/2023 12:56:49;134,00;194,00;16;41,6000;DGen Papyrus G5 - 1;BB Inchiostrazione elevata [Solutioncare];720x600;00:00:13;01:37:40;;0,00;€0,00;;;;;;;0;;;
OK;WWRY_140x200.JPG;;27/11/2023 13:53:12;131,00;194,00;17;43,2500;DGen Papyrus G5 - 1;BB Inchiostrazione elevata [Solutioncare];720x600;00:00:09;01:21:41;;0,00;€0,00;;;;;;;0;;;
OK;Zucchero_140x200.JPG;;27/11/2023 14:30:20;131,00;194,00;16;40,7000;DGen Papyrus G5 - 1;BB Inchiostrazione elevata [Solutioncare];720x600;00:00:13;01:21:41;;0,00;€0,00;;;;;;;0;;;
OK;TessilMarket_6x3.JPG;;27/11/2023 15:21:58;568,00;280,00;1;15,9500;DGen Papyrus G5 - 1;BB Inchiostrazione elevata [Solutioncare];720x600;00:00:17;00:09:55;;0,00;€0,00;;;;;;;0;;;
OK;Oro_in_Euro_12x3.JPG;;27/11/2023 15:41:40;1.180,00;278,00;1;32,8500;DGen Papyrus G5 - 1;BB Inchiostrazione elevata [Solutioncare];720x600;00:00:59;00:26:16;;0,00;€0,00;;;;;;;0;;;
OK;BricoCenter_595x285.JPG;;27/11/2023 16:28:08;595,05;285,00;1;17,0000;DGen Papyrus G5 - 1;BB Inchiostrazione elevata [Solutioncare];720x600;00:00:21;00:09:44;;0,00;€0,00;;;;;;;0;;;
OK;O.G.T._568x390_02_Copie.JPG;;27/11/2023 16:51:31;568,00;390,00;2;44,3500;DGen Papyrus G5 - 1;BB Inchiostrazione elevata [Solutioncare];720x600;00:00:29;02:11:09;;0,00;€0,00;;;;;;;0;;;
OK;Tovaglia_250x450.JPG;;27/11/2023 17:29:32;250,05;450,05;2;22,5500;DGen Papyrus G5 - 1;BB Inchiostrazione elevata [Solutioncare];720x600;00:00:16;02:11:09;;0,00;€0,00;;;;;;;0;;;
OK;Bruno_6x6.JPG;;27/11/2023 17:55:29;568,00;570,00;2;64,8000;DGen Papyrus G5 - 1;BB Inchiostrazione elevata [Solutioncare];720x600;00:00:39;02:11:09;;0,00;€0,00;;;;;;;0;;;
ERROR;IlCentesimo_6x3_2.JPG;;28/11/2023 10:08:11;568,00;280,00;3;47,7500;DGen Papyrus G5 - 1;BB Inchiostrazione elevata [Solutioncare];720x600;00:00:16;00:00:01;;0,00;€0,00;;;;;;;0;;;
OK;IlCentesimo_6x3_1~1.JPG;;28/11/2023 10:09:06;568,00;280,00;2;31,8500;DGen Papyrus G5 - 1;BB Inchiostrazione elevata [Solutioncare];720x600;00:00:17;01:14:35;;0,00;€0,00;;;;;;;0;;;
OK;IlCentesimo_6x3_2.JPG;;28/11/2023 10:33:07;568,00;280,00;3;47,7500;DGen Papyrus G5 - 1;BB Inchiostrazione elevata [Solutioncare];720x600;00:00:16;01:14:35;;0,00;€0,00;;;;;;;0;;;
OK;H&B_6x3-Istituz.JPG;;28/11/2023 11:31:50;568,00;280,00;1;15,9500;DGen Papyrus G5 - 1;BB Inchiostrazione elevata [Solutioncare];720x600;00:00:27;00:11:28;;0,00;€0,00;;;;;;;0;;;
OK;Serena_6x3_1.JPG;;28/11/2023 11:31:57;568,00;280,00;1;15,9500;DGen Papyrus G5 - 1;BB Inchiostrazione elevata [Solutioncare];720x600;00:00:24;00:11:28;;0,00;€0,00;;;;;;;0;;;
OK;IlCentesimo_6x3_1~1.JPG;;28/11/2023 11:57:53;568,00;280,00;6;95,4500;DGen Papyrus G5 - 1;BB Inchiostrazione elevata [Solutioncare];720x600;00:00:18;01:31:03;;0,00;€0,00;;;;;;;0;;;
OK;IlCentesimo_6x3_2.JPG;;28/11/2023 13:29:03;568,00;280,00;6;95,4500;DGen Papyrus G5 - 1;BB Inchiostrazione elevata [Solutioncare];720x600;00:00:17;01:43:54;;0,00;€0,00;;;;;;;0;;;
OK;IlCentesimo_6x3_2.JPG;;28/11/2023 15:22:02;143,50;280,00;1;4,0500;DGen Papyrus G5 - 1;BB Inchiostrazione elevata [Solutioncare];720x600;00:00:17;00:00:14;;0,00;€0,00;;;;;;;0;;;
OK;IlCentesimo_6x3_2.JPG;;28/11/2023 15:57:12;568,00;280,00;10;159,0500;DGen Papyrus G5 - 1;BB Inchiostrazione elevata [Solutioncare];720x600;00:00:17;15:07:29;;0,00;€0,00;;;;;;;0;;;
OK;IlCentesimo_6x3_1~1.JPG;;28/11/2023 18:38:39;568,00;280,00;10;159,0500;DGen Papyrus G5 - 1;BB Inchiostrazione elevata [Solutioncare];720x600;00:00:16;15:07:29;;0,00;€0,00;;;;;;;0;;;
OK;Yamamamy_6x3_1.JPG;;28/11/2023 21:28:29;568,00;280,00;7;111,3500;DGen Papyrus G5 - 1;BB Inchiostrazione elevata [Solutioncare];720x600;00:00:44;15:07:29;;0,00;€0,00;;;;;;;0;;;
OK;Yamamamy_6x3_2.JPG;;28/11/2023 23:27:06;568,00;280,00;7;111,3500;DGen Papyrus G5 - 1;BB Inchiostrazione elevata [Solutioncare];720x600;00:00:40;15:07:29;;0,00;€0,00;;;;;;;0;;;
OK;Yamamamy_6x3_3.JPG;;29/11/2023 01:25:45;568,00;280,00;5;79,5500;DGen Papyrus G5 - 1;BB Inchiostrazione elevata [Solutioncare];720x600;00:00:33;15:07:29;;0,00;€0,00;;;;;;;0;;;
OK;Yamamamy_6x3_4.JPG;;29/11/2023 02:49:33;568,00;280,00;5;79,5500;DGen Papyrus G5 - 1;BB Inchiostrazione elevata [Solutioncare];720x600;00:00:34;15:07:29;;0,00;€0,00;;;;;;;0;;;
OK;Yamamamy_6x3_5.JPG;;29/11/2023 04:14:24;568,00;280,00;5;79,5500;DGen Papyrus G5 - 1;BB Inchiostrazione elevata [Solutioncare];720x600;00:00:37;15:07:29;;0,00;€0,00;;;;;;;0;;;
OK;Yamamamy_6x3_6.JPG;;29/11/2023 05:39:22;568,00;280,00;5;79,5500;DGen Papyrus G5 - 1;BB Inchiostrazione elevata [Solutioncare];720x600;00:00:43;15:07:29;;0,00;€0,00;;;;;;;0;;;
OK;H&B_6x3-Istituz.JPG;;29/11/2023 07:15:34;143,50;141,00;1;2,0500;DGen Papyrus G5 - 1;BB Inchiostrazione elevata [Solutioncare];720x600;00:00:27;00:00:07;;0,00;€0,00;;;;;;;0;;;
OK;Yamamay_140x200_1.JPG;;29/11/2023 07:39:24;131,00;194,00;3;7,6500;DGen Papyrus G5 - 1;BB Inchiostrazione elevata [Solutioncare];720x600;00:00:18;00:37:51;;0,00;€0,00;;;;;;;0;;;
OK;Yamamay_140x200_2.JPG;;29/11/2023 07:40:11;131,00;194,00;3;7,6500;DGen Papyrus G5 - 1;BB Inchiostrazione elevata [Solutioncare];720x600;00:00:17;00:37:51;;0,00;€0,00;;;;;;;0;;;
OK;Yamamay_140x200_3.JPG;;29/11/2023 07:48:11;131,00;194,00;3;7,6500;DGen Papyrus G5 - 1;BB Inchiostrazione elevata [Solutioncare];720x600;00:00:13;00:37:51;;0,00;€0,00;;;;;;;0;;;
OK;Yamamay_140x200_4.JPG;;29/11/2023 07:56:14;131,00;194,00;2;5,1000;DGen Papyrus G5 - 1;BB Inchiostrazione elevata [Solutioncare];720x600;00:00:16;00:37:51;;0,00;€0,00;;;;;;;0;;;
OK;Yamamay_140x200_5.JPG;;29/11/2023 08:01:37;131,00;194,00;2;5,1000;DGen Papyrus G5 - 1;BB Inchiostrazione elevata [Solutioncare];720x600;00:00:16;00:37:51;;0,00;€0,00;;;;;;;0;;;
OK;Yamamay_140x200_6.JPG;;29/11/2023 08:08:00;131,00;194,00;3;7,6500;DGen Papyrus G5 - 1;BB Inchiostrazione elevata [Solutioncare];720x600;00:00:20;00:37:51;;0,00;€0,00;;;;;;;0;;;
OK;n_1_manifesto_cm_60x90_immacolata.JPG;;29/11/2023 08:15:59;60,00;90,05;1;0,5500;DGen Papyrus G5 - 1;BB Inchiostrazione elevata [Solutioncare];720x600;00:00:06;00:37:51;;0,00;€0,00;;;;;;;0;;;
ERROR;Yamamay_100x140_3.JPG;;29/11/2023 10:18:58;131,00;95,00;8;10,0000;DGen Papyrus G5 - 1;BB Inchiostrazione elevata [Solutioncare];720x600;00:00:08;00:00:00;;0,00;€0,00;;;;;;;0;;;
ERROR;Yamamay_100x140_3.JPG;;29/11/2023 10:19:49;131,00;95,00;8;10,0000;DGen Papyrus G5 - 1;BB Inchiostrazione elevata [Solutioncare];720x600;00:00:08;00:07:48;;0,00;€0,00;;;;;;;0;;;
ERROR;Yamamay_100x140_4.JPG;;29/11/2023 10:21:16;131,00;95,00;14;17,4500;DGen Papyrus G5 - 1;BB Inchiostrazione elevata [Solutioncare];720x600;00:00:10;00:07:48;;0,00;€0,00;;;;;;;0;;;
OK;Yamamay_100x140_3.JPG;;29/11/2023 10:31:34;131,00;95,00;5;6,2500;DGen Papyrus G5 - 1;BB Inchiostrazione elevata [Solutioncare];720x600;00:00:08;00:17:08;;0,00;€0,00;;;;;;;0;;;
OK;Yamamay_100x140_4.JPG;;29/11/2023 10:31:55;131,00;95,00;14;17,4500;DGen Papyrus G5 - 1;BB Inchiostrazione elevata [Solutioncare];720x600;00:00:10;00:17:08;;0,00;€0,00;;;;;;;0;;;
OK;H&B_6x3-Istituz.JPG;;29/11/2023 11:21:15;143,50;141,00;1;2,0500;DGen Papyrus G5 - 1;BB Inchiostrazione elevata [Solutioncare];720x600;00:00:25;00:00:07;;0,00;€0,00;;;;;;;0;;;
OK;MILU_prezzi_natalizi_1.JPG;;29/11/2023 11:56:43;135,25;168,50;1;2,3000;DGen Papyrus G5 - 1;BB Inchiostrazione elevata [Solutioncare];720x600;00:00:09;00:00:17;;0,00;€0,00;;;;;;;0;;;
OK;MILU_prezzi_natalizi_2.JPG;;29/11/2023 11:56:51;136,05;168,50;1;2,3000;DGen Papyrus G5 - 1;BB Inchiostrazione elevata [Solutioncare];720x600;00:00:09;00:00:17;;0,00;€0,00;;;;;;;0;;;
OK;Yamamay_100x140_5.JPG;;29/11/2023 12:37:36;131,00;95,00;13;16,2000;DGen Papyrus G5 - 1;BB Inchiostrazione elevata [Solutioncare];720x600;00:00:11;00:07:58;;0,00;€0,00;;;;;;;0;;;
OK;Yamamay_100x140_6.JPG;;29/11/2023 12:46:14;131,00;95,00;13;16,2000;DGen Papyrus G5 - 1;BB Inchiostrazione elevata [Solutioncare];720x600;00:00:12;00:19:03;;0,00;€0,00;;;;;;;0;;;
OK;Ard_6x3.JPG;;29/11/2023 13:18:32;568,00;280,00;2;31,8500;DGen Papyrus G5 - 1;BB Inchiostrazione elevata [Solutioncare];720x600;00:00:25;01:02:01;;0,00;€0,00;;;;;;;0;;;
OK;Ard_6x3~1.JPG;;29/11/2023 13:46:51;568,00;280,00;2;31,8500;DGen Papyrus G5 - 1;BB Inchiostrazione elevata [Solutioncare];720x600;00:00:25;01:02:01;;0,00;€0,00;;;;;;;0;;;
OK;Yamamay_100x140_3.JPG;;29/11/2023 14:32:05;131,00;95,00;6;7,5000;DGen Papyrus G5 - 1;BB Inchiostrazione elevata [Solutioncare];720x600;00:00:08;00:00:28;;0,00;€0,00;;;;;;;0;;;
OK;Expert-Bielle_6x3.JPG;;29/11/2023 14:44:01;568,00;280,00;1;15,9500;DGen Papyrus G5 - 1;BB Inchiostrazione elevata [Solutioncare];720x600;00:00:21;00:10:47;;0,00;€0,00;;;;;;;0;;;
OK;Les_Boutique_6x3.JPG;;29/11/2023 15:01:40;568,00;280,00;1;15,9500;DGen Papyrus G5 - 1;BB Inchiostrazione elevata [Solutioncare];720x600;00:00:17;01:02:59;;0,00;€0,00;;;;;;;0;;;
OK;Seidita_CartoDante_6x3.JPG;;29/11/2023 15:13:29;568,00;280,00;3;47,7500;DGen Papyrus G5 - 1;BB Inchiostrazione elevata [Solutioncare];720x600;00:00:23;01:02:59;;0,00;€0,00;;;;;;;0;;;
ERROR;CAROLINA_140x200.JPG;;29/11/2023 16:57:54;134,00;194,00;59;153,4000;DGen Papyrus G5 - 1;BB Inchiostrazione elevata [Solutioncare];720x600;00:00:10;14:53:08;;0,00;€0,00;;;;;;;0;;;
ERROR;CAROLINA_140x200~1.JPG;;29/11/2023 19:37:34;131,00;194,00;54;137,2500;DGen Papyrus G5 - 1;BB Inchiostrazione elevata [Solutioncare];720x600;00:00:09;14:53:08;;0,00;€0,00;;;;;;;0;;;
ERROR;Conad_6x3.JPG;;29/11/2023 22:06:17;568,00;280,00;26;413,5000;DGen Papyrus G5 - 1;BB Inchiostrazione elevata [Solutioncare];720x600;00:00:31;14:53:08;;0,00;€0,00;;;;;;;0;;;
ERROR;Conad_6x6.JPG;;30/11/2023 05:26:29;568,00;565,00;3;96,3000;DGen Papyrus G5 - 1;BB Inchiostrazione elevata [Solutioncare];720x600;00:00:55;14:53:08;;0,00;€0,00;;;;;;;0;;;
ERROR;Conad_12x3.JPG;;30/11/2023 07:08:48;1.180,00;278,00;1;32,8500;DGen Papyrus G5 - 1;BB Inchiostrazione elevata [Solutioncare];720x600;00:00:48;14:53:08;;0,00;€0,00;;;;;;;0;;;
ERROR;Conad_6x3~1.JPG;;30/11/2023 07:45:43;568,00;280,00;2;31,8500;DGen Papyrus G5 - 1;BB Inchiostrazione elevata [Solutioncare];720x600;00:00:31;14:53:08;;0,00;€0,00;;;;;;;0;;;
OK;Conad_6x3~1.JPG;;30/11/2023 08:07:19;568,00;280,00;2;31,8500;DGen Papyrus G5 - 1;BB Inchiostrazione elevata [Solutioncare];720x600;00:00:31;00:28:21;;0,00;€0,00;;;;;;;0;;;
OK;Conad_140x200.JPG;;30/11/2023 08:49:56;131,05;194,00;61;155,1000;DGen Papyrus G5 - 1;BB Inchiostrazione elevata [Solutioncare];720x600;00:00:11;02:41:35;;0,00;€0,00;;;;;;;0;;;
ERROR;CreoVillabate_140x200.JPG;;30/11/2023 11:39:05;131,00;194,00;58;147,4000;DGen Papyrus G5 - 1;BB Inchiostrazione elevata [Solutioncare];720x600;00:00:10;00:00:07;;0,00;€0,00;;;;;;;0;;;
OK;CreoVillabate_140x200.JPG;;30/11/2023 11:42:30;131,00;194,00;58;147,4000;DGen Papyrus G5 - 1;BB Inchiostrazione elevata [Solutioncare];720x600;00:00:10;02:31:30;;0,00;€0,00;;;;;;;0;;;
OK;CreoVillabate_6x3.JPG;;30/11/2023 14:21:14;568,00;280,00;1;15,9500;DGen Papyrus G5 - 1;BB Inchiostrazione elevata [Solutioncare];720x600;00:00:21;01:37:41;;0,00;€0,00;;;;;;;0;;;
OK;6x3_STAMPA.PDF;;30/11/2023 14:33:47;568,00;285,00;5;80,9500;DGen Papyrus G5 - 1;BB Inchiostrazione elevata [Solutioncare];720x600;00:00:47;01:37:41;;0,00;€0,00;;;;;;;0;;;
ERROR;Conad_6x3.JPG;;30/11/2023 16:46:22;568,00;280,00;44;699,8000;DGen Papyrus G5 - 1;BB Inchiostrazione elevata [Solutioncare];720x600;00:00:25;15:34:16;;0,00;€0,00;;;;;;;0;;;
OK;Yamamay_140x200_1.JPG;;01/12/2023 08:28:05;131,00;194,00;1;2,5500;DGen Papyrus G5 - 1;BB Inchiostrazione elevata [Solutioncare];720x600;00:00:18;00:00:29;;0,00;€0,00;;;;;;;0;;;
OK;Yamamay_140x200_2.JPG;;01/12/2023 08:28:14;131,00;194,00;1;2,5500;DGen Papyrus G5 - 1;BB Inchiostrazione elevata [Solutioncare];720x600;00:00:17;00:00:29;;0,00;€0,00;;;;;;;0;;;
OK;Yamamay_140x200_3.JPG;;01/12/2023 08:28:24;131,00;194,00;1;2,5500;DGen Papyrus G5 - 1;BB Inchiostrazione elevata [Solutioncare];720x600;00:00:13;00:00:29;;0,00;€0,00;;;;;;;0;;;
OK;Carpisa_280x200.JPG;;01/12/2023 08:28:48;270,05;194,05;39;204,3500;DGen Papyrus G5 - 1;BB Inchiostrazione elevata [Solutioncare];720x600;00:00:40;02:11:56;;0,00;€0,00;;;;;;;0;;;
OK;MILU_-_prezzi_natalizi__1copia_.JPG;;01/12/2023 10:41:58;136,05;233,70;1;3,2000;DGen Papyrus G5 - 1;BB Inchiostrazione elevata [Solutioncare];720x600;00:00:11;00:00:32;;0,00;€0,00;;;;;;;0;;;
OK;Conad_6x3.JPG;;01/12/2023 10:43:00;143,50;141,00;18;36,4500;DGen Papyrus G5 - 1;BB Inchiostrazione elevata [Solutioncare];720x600;00:00:25;00:24:44;;0,00;€0,00;;;;;;;0;;;
OK;Conad_6x3.JPG;;01/12/2023 11:21:16;568,00;280,00;10;159,0500;DGen Papyrus G5 - 1;BB Inchiostrazione elevata [Solutioncare];720x600;00:00:25;02:18:14;;0,00;€0,00;;;;;;;0;;;
OK;Conad_6x3.JPG;;01/12/2023 13:40:42;568,00;280,00;2;31,8500;DGen Papyrus G5 - 1;BB Inchiostrazione elevata [Solutioncare];720x600;00:00:25;00:27:58;;0,00;€0,00;;;;;;;0;;;
OK;Serena_6x3_1.JPG;;01/12/2023 14:19:29;568,00;280,00;1;15,9500;DGen Papyrus G5 - 1;BB Inchiostrazione elevata [Solutioncare];720x600;00:00:24;01:37:41;;0,00;€0,00;;;;;;;0;;;
OK;Serena_6x3_2.JPG;;01/12/2023 14:28:26;568,00;280,00;1;15,9500;DGen Papyrus G5 - 1;BB Inchiostrazione elevata [Solutioncare];720x600;00:00:25;01:37:41;;0,00;€0,00;;;;;;;0;;;
OK;Serena_100x140_1.JPG;;01/12/2023 14:39:18;131,00;95,00;1;1,2500;DGen Papyrus G5 - 1;BB Inchiostrazione elevata [Solutioncare];720x600;00:00:06;01:37:41;;0,00;€0,00;;;;;;;0;;;
OK;Serena_100x140_2.JPG;;01/12/2023 14:40:03;131,00;95,05;1;1,2500;DGen Papyrus G5 - 1;BB Inchiostrazione elevata [Solutioncare];720x600;00:00:05;01:37:41;;0,00;€0,00;;;;;;;0;;;
OK;Serena_100x140_3.JPG;;01/12/2023 14:40:48;131,00;95,00;1;1,2500;DGen Papyrus G5 - 1;BB Inchiostrazione elevata [Solutioncare];720x600;00:00:07;01:37:41;;0,00;€0,00;;;;;;;0;;;
OK;Serena_140x200_1.JPG;;01/12/2023 14:41:30;131,00;194,00;2;5,1000;DGen Papyrus G5 - 1;BB Inchiostrazione elevata [Solutioncare];720x600;00:00:10;01:37:41;;0,00;€0,00;;;;;;;0;;;
OK;Serena_140x200_3.JPG;;01/12/2023 14:44:28;131,00;194,00;2;5,1000;DGen Papyrus G5 - 1;BB Inchiostrazione elevata [Solutioncare];720x600;00:00:12;01:37:41;;0,00;€0,00;;;;;;;0;;;
OK;Serena_140x200_2.JPG;;01/12/2023 14:47:23;131,00;194,00;3;7,6500;DGen Papyrus G5 - 1;BB Inchiostrazione elevata [Solutioncare];720x600;00:00:09;01:37:41;;0,00;€0,00;;;;;;;0;;;
OK;Igiene&Freschezza_6x3.JPG;;01/12/2023 14:51:43;568,00;280,00;5;79,5500;DGen Papyrus G5 - 1;BB Inchiostrazione elevata [Solutioncare];720x600;00:00:25;01:37:41;;0,00;€0,00;;;;;;;0;;;
OK;Igiene&Freschezza_100x140.JPG;;01/12/2023 15:37:57;131,00;95,00;7;8,7500;DGen Papyrus G5 - 1;BB Inchiostrazione elevata [Solutioncare];720x600;00:00:06;01:37:41;;0,00;€0,00;;;;;;;0;;;
OK;Igiene&Freschezza_140x200.JPG;;01/12/2023 15:43:04;131,00;194,00;9;22,9000;DGen Papyrus G5 - 1;BB Inchiostrazione elevata [Solutioncare];720x600;00:00:10;01:37:41;;0,00;€0,00;;;;;;;0;;;
OK;Conad_6x6.JPG;;01/12/2023 16:14:58;568,00;570,00;5;161,9000;DGen Papyrus G5 - 1;BB Inchiostrazione elevata [Solutioncare];720x600;00:00:45;15:02:12;;0,00;€0,00;;;;;;;0;;;
OK;Conad_6x3.JPG;;01/12/2023 18:58:52;568,00;280,00;44;699,8000;DGen Papyrus G5 - 1;BB Inchiostrazione elevata [Solutioncare];720x600;00:00:25;15:02:12;;0,00;€0,00;;;;;;;0;;;
OK;Famila_100x140_A.JPG;;02/12/2023 02:38:09;131,00;95,00;24;29,9000;DGen Papyrus G5 - 1;BB Inchiostrazione elevata [Solutioncare];720x600;00:00:06;15:02:12;;0,00;€0,00;;;;;;;0;;;
OK;Famila_100x140_B.JPG;;02/12/2023 03:10:35;131,00;95,00;25;31,1500;DGen Papyrus G5 - 1;BB Inchiostrazione elevata [Solutioncare];720x600;00:00:05;15:02:12;;0,00;€0,00;;;;;;;0;;;
OK;Famila_140x200_A.JPG;;02/12/2023 03:44:08;131,00;194,00;19;48,3000;DGen Papyrus G5 - 1;BB Inchiostrazione elevata [Solutioncare];720x600;00:00:08;15:02:12;;0,00;€0,00;;;;;;;0;;;
OK;Famila_140x200_B.JPG;;02/12/2023 04:36:40;131,00;194,00;19;48,3000;DGen Papyrus G5 - 1;BB Inchiostrazione elevata [Solutioncare];720x600;00:00:12;15:02:12;;0,00;€0,00;;;;;;;0;;;
OK;Conad_12x3.JPG;;02/12/2023 05:29:08;1.180,00;278,00;3;98,4500;DGen Papyrus G5 - 1;BB Inchiostrazione elevata [Solutioncare];720x600;00:00:43;15:02:12;;0,00;€0,00;;;;;;;0;;;
OK;Maddalena_6x3.JPG;;02/12/2023 08:15:14;568,05;280,00;3;47,7500;DGen Papyrus G5 - 1;BB Inchiostrazione elevata [Solutioncare];720x600;00:00:24;01:01:23;;0,00;€0,00;;;;;;;0;;;
OK;Sinergy_6x3.JPG;;02/12/2023 08:59:25;568,05;280,00;1;15,9500;DGen Papyrus G5 - 1;BB Inchiostrazione elevata [Solutioncare];720x600;00:00:21;01:01:23;;0,00;€0,00;;;;;;;0;;;
OK;Conad_6x3.JPG;;02/12/2023 09:27:09;568,00;280,00;2;31,8500;DGen Papyrus G5 - 1;BB Inchiostrazione elevata [Solutioncare];720x600;00:00:25;00:28:00;;0,00;€0,00;;;;;;;0;;;
OK;DonPero_140x200.JPG;;02/12/2023 10:06:59;131,00;194,00;20;50,8500;DGen Papyrus G5 - 1;BB Inchiostrazione elevata [Solutioncare];720x600;00:00:14;00:25:39;;0,00;€0,00;;;;;;;0;;;
OK;Bruno_6x3_1.JPG;;02/12/2023 12:08:15;568,00;280,00;4;63,6500;DGen Papyrus G5 - 1;BB Inchiostrazione elevata [Solutioncare];720x600;00:00:23;15:40:05;;0,00;€0,00;;;;;;;0;;;
OK;Bruno_6x3_2.JPG;;02/12/2023 13:09:39;568,00;280,00;4;63,6500;DGen Papyrus G5 - 1;BB Inchiostrazione elevata [Solutioncare];720x600;00:00:20;15:40:05;;0,00;€0,00;;;;;;;0;;;
OK;Bruno_6x3_3.JPG;;02/12/2023 14:16:11;568,00;280,00;4;63,6500;DGen Papyrus G5 - 1;BB Inchiostrazione elevata [Solutioncare];720x600;00:00:22;15:40:05;;0,00;€0,00;;;;;;;0;;;
OK;Bruno_6x3_4.JPG;;02/12/2023 15:22:50;568,00;280,00;4;63,6500;DGen Papyrus G5 - 1;BB Inchiostrazione elevata [Solutioncare];720x600;00:00:21;15:40:05;;0,00;€0,00;;;;;;;0;;;
OK;Bruno_6x3_5.JPG;;02/12/2023 16:29:37;568,00;280,00;2;31,8500;DGen Papyrus G5 - 1;BB Inchiostrazione elevata [Solutioncare];720x600;00:00:21;15:40:05;;0,00;€0,00;;;;;;;0;;;
OK;Bruno_100x140_1.JPG;;02/12/2023 17:02:54;131,00;95,00;9;11,2000;DGen Papyrus G5 - 1;BB Inchiostrazione elevata [Solutioncare];720x600;00:00:05;15:40:05;;0,00;€0,00;;;;;;;0;;;
OK;Bruno_100x140_2.JPG;;02/12/2023 17:15:47;131,00;95,00;9;11,2000;DGen Papyrus G5 - 1;BB Inchiostrazione elevata [Solutioncare];720x600;00:00:05;15:40:05;;0,00;€0,00;;;;;;;0;;;
OK;Bruno_100x140_3.JPG;;02/12/2023 17:27:31;131,00;95,00;9;11,2000;DGen Papyrus G5 - 1;BB Inchiostrazione elevata [Solutioncare];720x600;00:00:05;15:40:05;;0,00;€0,00;;;;;;;0;;;
OK;Bruno_100x140_4.JPG;;02/12/2023 17:39:09;131,00;95,00;9;11,2000;DGen Papyrus G5 - 1;BB Inchiostrazione elevata [Solutioncare];720x600;00:00:05;15:40:05;;0,00;€0,00;;;;;;;0;;;
OK;Bruno_100x140_5.JPG;;02/12/2023 17:51:58;131,00;95,00;10;12,4500;DGen Papyrus G5 - 1;BB Inchiostrazione elevata [Solutioncare];720x600;00:00:05;15:40:05;;0,00;€0,00;;;;;;;0;;;
OK;Bruno_100x140_6.JPG;;02/12/2023 18:05:01;131,00;95,00;10;12,4500;DGen Papyrus G5 - 1;BB Inchiostrazione elevata [Solutioncare];720x600;00:00:05;15:40:05;;0,00;€0,00;;;;;;;0;;;
OK;Bruno_6x6_1.JPG;;02/12/2023 18:18:57;568,00;570,00;1;32,4000;DGen Papyrus G5 - 1;BB Inchiostrazione elevata [Solutioncare];720x600;00:00:47;15:40:05;;0,00;€0,00;;;;;;;0;;;
OK;Bruno_6x6_2.JPG;;02/12/2023 18:52:32;568,00;570,00;1;32,4000;DGen Papyrus G5 - 1;BB Inchiostrazione elevata [Solutioncare];720x600;00:00:40;15:40:05;;0,00;€0,00;;;;;;;0;;;
OK;Bruno_6x6_3.JPG;;02/12/2023 19:26:25;568,00;570,00;1;32,4000;DGen Papyrus G5 - 1;BB Inchiostrazione elevata [Solutioncare];720x600;00:00:44;15:40:05;;0,00;€0,00;;;;;;;0;;;
OK;Bruno_140x200_1.JPG;;02/12/2023 20:00:16;131,00;194,00;14;35,6000;DGen Papyrus G5 - 1;BB Inchiostrazione elevata [Solutioncare];720x600;00:00:09;15:40:05;;0,00;€0,00;;;;;;;0;;;
OK;Bruno_140x200_2.JPG;;02/12/2023 20:38:44;131,00;194,00;14;35,6000;DGen Papyrus G5 - 1;BB Inchiostrazione elevata [Solutioncare];720x600;00:00:09;15:40:05;;0,00;€0,00;;;;;;;0;;;
OK;Bruno_140x200_3.JPG;;02/12/2023 21:17:59;131,00;194,00;14;35,6000;DGen Papyrus G5 - 1;BB Inchiostrazione elevata [Solutioncare];720x600;00:00:09;15:40:05;;0,00;€0,00;;;;;;;0;;;
OK;Bruno_140x200_4.JPG;;02/12/2023 21:56:04;131,00;194,00;13;33,0500;DGen Papyrus G5 - 1;BB Inchiostrazione elevata [Solutioncare];720x600;00:00:09;15:40:05;;0,00;€0,00;;;;;;;0;;;
OK;Bruno_140x200_5.JPG;;02/12/2023 22:31:43;131,00;194,00;13;33,0500;DGen Papyrus G5 - 1;BB Inchiostrazione elevata [Solutioncare];720x600;00:00:09;15:40:05;;0,00;€0,00;;;;;;;0;;;
OK;Bruno_140x200_6.JPG;;02/12/2023 23:07:20;131,00;194,00;13;33,0500;DGen Papyrus G5 - 1;BB Inchiostrazione elevata [Solutioncare];720x600;00:00:09;15:40:05;;0,00;€0,00;;;;;;;0;;;
OK;MAX_6x3.JPG;;02/12/2023 23:42:49;568,00;280,00;5;79,5500;DGen Papyrus G5 - 1;BB Inchiostrazione elevata [Solutioncare];720x600;00:00:22;15:40:05;;0,00;€0,00;;;;;;;0;;;
OK;MAX_100x140.JPG;;03/12/2023 01:06:24;131,00;95,00;10;12,4500;DGen Papyrus G5 - 1;BB Inchiostrazione elevata [Solutioncare];720x600;00:00:05;15:40:05;;0,00;€0,00;;;;;;;0;;;
OK;MAX_140x200.JPG;;03/12/2023 01:20:39;131,00;194,00;11;28,0000;DGen Papyrus G5 - 1;BB Inchiostrazione elevata [Solutioncare];720x600;00:00:09;15:40:05;;0,00;€0,00;;;;;;;0;;;
OK;GioielleriaScaduto_6x3_Carbon.JPG;;03/12/2023 01:50:55;568,00;280,00;7;111,3500;DGen Papyrus G5 - 1;BB Inchiostrazione elevata [Solutioncare];720x600;00:00:22;15:40:05;;0,00;€0,00;;;;;;;0;;;
ERROR;Mazzone_6x3_new.JPG;;04/12/2023 12:06:18;568,00;280,00;5;79,5500;DGen Papyrus G5 - 1;BB Inchiostrazione elevata [Solutioncare];720x600;00:00:26;00:00:37;;0,00;€0,00;;;;;;;0;;;
OK;Mazzone_6x3_new.JPG;;04/12/2023 12:07:41;568,00;280,00;5;79,5500;DGen Papyrus G5 - 1;BB Inchiostrazione elevata [Solutioncare];720x600;00:00:26;00:06:13;;0,00;€0,00;;;;;;;0;;;
OK;MaxWorld_6x3_Natale4.JPG;;04/12/2023 12:24:00;568,00;280,00;2;31,8500;DGen Papyrus G5 - 1;BB Inchiostrazione elevata [Solutioncare];720x600;00:00:25;00:13:28;;0,00;€0,00;;;;;;;0;;;
OK;distribution.PDF;;04/12/2023 12:47:49;568,00;285,00;1;16,2000;DGen Papyrus G5 - 1;BB Inchiostrazione elevata [Solutioncare];720x600;00:00:52;00:05:08;;0,00;€0,00;;;;;;;0;;;
OK;Antico_Materassificio__6x3.JPG;;04/12/2023 13:06:17;568,00;280,00;16;254,5000;DGen Papyrus G5 - 1;BB Inchiostrazione elevata [Solutioncare];720x600;00:00:22;02:50:08;;0,00;€0,00;;;;;;;0;;;
OK;SISA_6x3-1.JPG;;04/12/2023 16:21:14;568,00;280,00;22;349,9000;DGen Papyrus G5 - 1;BB Inchiostrazione elevata [Solutioncare];720x600;00:00:25;14:31:40;;0,00;€0,00;;;;;;;0;;;
OK;SISA_6x3-2.JPG;;04/12/2023 22:25:30;568,00;280,00;22;349,9000;DGen Papyrus G5 - 1;BB Inchiostrazione elevata [Solutioncare];720x600;00:00:23;14:31:40;;0,00;€0,00;;;;;;;0;;;
OK;SISA_6x3-1~1.JPG;;05/12/2023 04:37:35;568,00;280,00;4;63,6500;DGen Papyrus G5 - 1;BB Inchiostrazione elevata [Solutioncare];720x600;00:00:25;14:31:40;;0,00;€0,00;;;;;;;0;;;
OK;SISA_6x3-2~1.JPG;;05/12/2023 05:45:42;568,00;280,00;4;63,6500;DGen Papyrus G5 - 1;BB Inchiostrazione elevata [Solutioncare];720x600;00:00:23;14:31:40;;0,00;€0,00;;;;;;;0;;;
OK;SISA_6x3-1.JPG;;05/12/2023 08:33:36;568,00;280,00;10;159,0500;DGen Papyrus G5 - 1;BB Inchiostrazione elevata [Solutioncare];720x600;00:00:25;02:06:47;;0,00;€0,00;;;;;;;0;;;
OK;SISA_6x3-1.JPG;;05/12/2023 10:44:39;568,00;280,00;1;15,9500;DGen Papyrus G5 - 1;BB Inchiostrazione elevata [Solutioncare];720x600;00:00:25;00:05:59;;0,00;€0,00;;;;;;;0;;;
OK;Cascino_6x3_Falcone.JPG;;05/12/2023 10:58:11;568,00;280,00;1;15,9500;DGen Papyrus G5 - 1;BB Inchiostrazione elevata [Solutioncare];720x600;00:00:15;00:13:46;;0,00;€0,00;;;;;;;0;;;
OK;Cascino_6x3_Zara.JPG;;05/12/2023 11:02:12;568,00;280,00;1;15,9500;DGen Papyrus G5 - 1;BB Inchiostrazione elevata [Solutioncare];720x600;00:00:18;00:13:46;;0,00;€0,00;;;;;;;0;;;
ERROR;Eurospin_6x3_MMarine-Dx.JPG;;05/12/2023 12:00:50;568,00;280,00;1;15,9500;DGen Papyrus G5 - 1;BB Inchiostrazione elevata [Solutioncare];720x600;00:00:16;00:00:01;;0,00;€0,00;;;;;;;0;;;
OK;Eurospin_6x3_MMarine-Dx.JPG;;05/12/2023 12:01:16;568,00;280,00;1;15,9500;DGen Papyrus G5 - 1;BB Inchiostrazione elevata [Solutioncare];720x600;00:00:16;00:00:31;;0,00;€0,00;;;;;;;0;;;
ERROR;Eurospin_6x3_MMarine-Sx.JPG;;05/12/2023 14:16:37;568,00;280,00;1;15,9500;DGen Papyrus G5 - 1;BB Inchiostrazione elevata [Solutioncare];720x600;00:00:14;00:00:00;;0,00;€0,00;;;;;;;0;;;
OK;Eurospin_6x3_MMarine-Sx.JPG;;05/12/2023 14:17:18;568,00;280,00;1;15,9500;DGen Papyrus G5 - 1;BB Inchiostrazione elevata [Solutioncare];720x600;00:00:14;00:08:21;;0,00;€0,00;;;;;;;0;;;
OK;Eurospin_6x3_MMarine-Dx.JPG;;05/12/2023 14:21:18;568,00;280,00;1;15,9500;DGen Papyrus G5 - 1;BB Inchiostrazione elevata [Solutioncare];720x600;00:00:16;00:08:21;;0,00;€0,00;;;;;;;0;;;
OK;GiBiAuto_6x3.JPG;;05/12/2023 14:59:32;568,00;280,00;4;63,6500;DGen Papyrus G5 - 1;BB Inchiostrazione elevata [Solutioncare];720x600;00:00:22;00:31:20;;0,00;€0,00;;;;;;;0;;;
OK;GiBiAuto_6x3.JPG;;05/12/2023 15:31:30;568,00;280,00;6;95,4500;DGen Papyrus G5 - 1;BB Inchiostrazione elevata [Solutioncare];720x600;00:00:22;00:53:54;;0,00;€0,00;;;;;;;0;;;
OK;PaghiPoco_140x200_A-Palermo.JPG;;05/12/2023 16:30:20;131,00;194,00;19;48,3000;DGen Papyrus G5 - 1;BB Inchiostrazione elevata [Solutioncare];720x600;00:00:10;05:34:42;;0,00;€0,00;;;;;;;0;;;
OK;PaghiPoco_140x200_A-Partinico.JPG;;05/12/2023 17:15:50;131,00;194,00;2;5,1000;DGen Papyrus G5 - 1;BB Inchiostrazione elevata [Solutioncare];720x600;00:00:11;05:34:42;;0,00;€0,00;;;;;;;0;;;
OK;PaghiPoco_140x200_A-Trapani.JPG;;05/12/2023 17:21:05;131,00;194,00;17;43,2500;DGen Papyrus G5 - 1;BB Inchiostrazione elevata [Solutioncare];720x600;00:00:11;05:34:42;;0,00;€0,00;;;;;;;0;;;
OK;PaghiPoco_140x200_B-Palermo.JPG;;05/12/2023 18:08:18;131,00;194,00;18;45,7500;DGen Papyrus G5 - 1;BB Inchiostrazione elevata [Solutioncare];720x600;00:00:11;05:34:42;;0,00;€0,00;;;;;;;0;;;
OK;PaghiPoco_140x200_B-Partinico.JPG;;05/12/2023 18:57:12;131,00;194,00;2;5,1000;DGen Papyrus G5 - 1;BB Inchiostrazione elevata [Solutioncare];720x600;00:00:11;05:34:42;;0,00;€0,00;;;;;;;0;;;
OK;PaghiPoco_140x200_B-Trapani.JPG;;05/12/2023 19:03:23;131,00;194,00;17;43,2500;DGen Papyrus G5 - 1;BB Inchiostrazione elevata [Solutioncare];720x600;00:00:11;05:34:42;;0,00;€0,00;;;;;;;0;;;
OK;Unieuro_6x6_1.JPG;;05/12/2023 19:49:39;568,00;570,00;1;32,4000;DGen Papyrus G5 - 1;BB Inchiostrazione elevata [Solutioncare];720x600;00:00:40;05:34:42;;0,00;€0,00;;;;;;;0;;;
OK;Unieuro_6x6_2.JPG;;05/12/2023 20:23:11;568,00;570,00;1;32,4000;DGen Papyrus G5 - 1;BB Inchiostrazione elevata [Solutioncare];720x600;00:00:43;05:34:42;;0,00;€0,00;;;;;;;0;;;
OK;SISA_6x3-2~1.JPG;;05/12/2023 20:57:11;568,00;280,00;2;31,8500;DGen Papyrus G5 - 1;BB Inchiostrazione elevata [Solutioncare];720x600;00:00:23;05:34:42;;0,00;€0,00;;;;;;;0;;;
OK;SISA_6x3-1~1.JPG;;05/12/2023 21:30:37;568,00;280,00;2;31,8500;DGen Papyrus G5 - 1;BB Inchiostrazione elevata [Solutioncare];720x600;00:00:25;05:34:42;;0,00;€0,00;;;;;;;0;;;
OK;H&B_6x3-Istituz.JPG;;06/12/2023 10:03:31;568,00;280,00;1;15,9500;DGen Papyrus G5 - 1;BB Inchiostrazione elevata [Solutioncare];720x600;00:00:25;00:08:54;;0,00;€0,00;;;;;;;0;;;
OK;6x3_Smart_Partinico_Carini_finoal24dic.PDF;;06/12/2023 10:18:26;567,95;284,95;4;64,7500;DGen Papyrus G5 - 1;BB Inchiostrazione elevata [Solutioncare];720x600;00:00:29;01:06:25;;0,00;€0,00;;;;;;;0;;;
OK;PENNY_6x6_1.JPG;;06/12/2023 12:13:52;568,00;570,00;1;32,4000;DGen Papyrus G5 - 1;BB Inchiostrazione elevata [Solutioncare];720x600;00:00:39;02:50:08;;0,00;€0,00;;;;;;;0;;;
OK;PENNY_6x6_2.JPG;;06/12/2023 12:40:40;568,00;570,00;1;32,4000;DGen Papyrus G5 - 1;BB Inchiostrazione elevata [Solutioncare];720x600;00:00:43;02:50:08;;0,00;€0,00;;;;;;;0;;;
OK;PENNY_12x3.JPG;;06/12/2023 13:14:45;1.180,00;278,00;1;32,8500;DGen Papyrus G5 - 1;BB Inchiostrazione elevata [Solutioncare];720x600;00:00:29;02:50:08;;0,00;€0,00;;;;;;;0;;;
OK;PENNY_12x3~1.JPG;;06/12/2023 13:51:06;1.180,00;278,00;2;65,6500;DGen Papyrus G5 - 1;BB Inchiostrazione elevata [Solutioncare];720x600;00:00:29;02:50:08;;0,00;€0,00;;;;;;;0;;;
OK;Conad_6x6.JPG;;06/12/2023 15:25:04;568,00;565,00;3;96,3000;DGen Papyrus G5 - 1;BB Inchiostrazione elevata [Solutioncare];720x600;00:00:49;16:48:18;;0,00;€0,00;;;;;;;0;;;
OK;Conad_6x3.JPG;;06/12/2023 16:59:46;568,00;280,00;26;413,5000;DGen Papyrus G5 - 1;BB Inchiostrazione elevata [Solutioncare];720x600;00:00:26;16:48:18;;0,00;€0,00;;;;;;;0;;;
OK;Conad_6x3~2.JPG;;07/12/2023 00:18:57;568,00;280,00;26;413,5000;DGen Papyrus G5 - 1;BB Inchiostrazione elevata [Solutioncare];720x600;00:00:26;16:48:18;;0,00;€0,00;;;;;;;0;;;
OK;Conad_6x3~1.JPG;;07/12/2023 07:39:43;568,00;280,00;2;31,8500;DGen Papyrus G5 - 1;BB Inchiostrazione elevata [Solutioncare];720x600;00:00:26;16:48:18;;0,00;€0,00;;;;;;;0;;;
OK;Conad_140x200.JPG;;07/12/2023 08:33:39;131,00;194,00;30;76,2500;DGen Papyrus G5 - 1;BB Inchiostrazione elevata [Solutioncare];720x600;00:00:11;00:41:19;;0,00;€0,00;;;;;;;0;;;
OK;Conad_140x200.JPG;;07/12/2023 09:31:00;131,00;194,00;30;76,2500;DGen Papyrus G5 - 1;BB Inchiostrazione elevata [Solutioncare];720x600;00:00:11;00:40:13;;0,00;€0,00;;;;;;;0;;;
OK;Conad_6x6~1.JPG;;07/12/2023 10:16:21;568,00;570,00;5;161,9000;DGen Papyrus G5 - 1;BB Inchiostrazione elevata [Solutioncare];720x600;00:00:47;01:27:43;;0,00;€0,00;;;;;;;0;;;
OK;Conad_12x3.JPG;;07/12/2023 11:57:14;1.180,00;278,00;2;65,6500;DGen Papyrus G5 - 1;BB Inchiostrazione elevata [Solutioncare];720x600;00:00:44;01:32:52;;0,00;€0,00;;;;;;;0;;;
OK;Conad_12x3~1.JPG;;07/12/2023 12:31:46;1.180,00;278,00;3;98,4500;DGen Papyrus G5 - 1;BB Inchiostrazione elevata [Solutioncare];720x600;00:00:44;01:32:52;;0,00;€0,00;;;;;;;0;;;
OK;IlCentesimo_140x200_4.JPG;;07/12/2023 13:49:44;131,00;194,00;10;25,4500;DGen Papyrus G5 - 1;BB Inchiostrazione elevata [Solutioncare];720x600;00:00:09;00:25:53;;0,00;€0,00;;;;;;;0;;;
OK;IlCentesimo_140x200_3.JPG;;07/12/2023 14:01:07;131,00;194,00;10;25,4500;DGen Papyrus G5 - 1;BB Inchiostrazione elevata [Solutioncare];720x600;00:00:10;00:25:53;;0,00;€0,00;;;;;;;0;;;
OK;IlCentesimo_140x200_3.JPG;;07/12/2023 14:39:15;131,00;194,00;19;48,3000;DGen Papyrus G5 - 1;BB Inchiostrazione elevata [Solutioncare];720x600;00:00:10;07:27:14;;0,00;€0,00;;;;;;;0;;;
OK;IlCentesimo_140x200_4.JPG;;07/12/2023 15:23:46;131,00;194,00;19;48,3000;DGen Papyrus G5 - 1;BB Inchiostrazione elevata [Solutioncare];720x600;00:00:09;07:27:14;;0,00;€0,00;;;;;;;0;;;
OK;IlCentesimo_6x3_2.JPG;;07/12/2023 16:16:14;568,00;280,00;7;111,3500;DGen Papyrus G5 - 1;BB Inchiostrazione elevata [Solutioncare];720x600;00:00:24;07:27:14;;0,00;€0,00;;;;;;;0;;;
OK;IlCentesimo_6x3_1.JPG;;07/12/2023 18:12:59;568,00;280,00;6;95,4500;DGen Papyrus G5 - 1;BB Inchiostrazione elevata [Solutioncare];720x600;00:00:23;07:27:14;;0,00;€0,00;;;;;;;0;;;
OK;IlCentesimo_6x3_2~1.JPG;;07/12/2023 19:53:05;568,00;280,00;4;63,6500;DGen Papyrus G5 - 1;BB Inchiostrazione elevata [Solutioncare];720x600;00:00:28;07:27:14;;0,00;€0,00;;;;;;;0;;;
OK;IlCentesimo_6x3_1~1.JPG;;07/12/2023 20:59:53;568,00;280,00;4;63,6500;DGen Papyrus G5 - 1;BB Inchiostrazione elevata [Solutioncare];720x600;00:00:32;07:27:14;;0,00;€0,00;;;;;;;0;;;
OK;Essepiauto_6x3.JPG;;11/12/2023 09:53:12;568,00;280,00;1;15,9500;DGen Papyrus G5 - 1;BB Inchiostrazione elevata [Solutioncare];720x600;00:00:18;00:08:48;;0,00;€0,00;;;;;;;0;;;
OK;Famila_6x3_1.JPG;;11/12/2023 11:58:16;568,00;280,00;6;95,4500;DGen Papyrus G5 - 1;BB Inchiostrazione elevata [Solutioncare];720x600;00:00:22;01:32:56;;0,00;€0,00;;;;;;;0;;;
OK;Famila_6x3_2.JPG;;11/12/2023 13:54:18;568,00;280,00;6;95,4500;DGen Papyrus G5 - 1;BB Inchiostrazione elevata [Solutioncare];720x600;00:00:22;01:33:44;;0,00;€0,00;;;;;;;0;;;
OK;Famila_6x3_1.JPG;;11/12/2023 15:57:38;568,00;280,00;10;159,0500;DGen Papyrus G5 - 1;BB Inchiostrazione elevata [Solutioncare];720x600;00:00:22;06:04:47;;0,00;€0,00;;;;;;;0;;;
OK;Famila_6x3_2.JPG;;11/12/2023 18:38:57;568,00;280,00;12;190,8500;DGen Papyrus G5 - 1;BB Inchiostrazione elevata [Solutioncare];720x600;00:00:22;06:04:47;;0,00;€0,00;;;;;;;0;;;
OK;FCF_Expert_6x3.JPG;;12/12/2023 08:13:43;568,00;280,00;16;254,5000;DGen Papyrus G5 - 1;BB Inchiostrazione elevata [Solutioncare];720x600;00:00:20;04:22:41;;0,00;€0,00;;;;;;;0;;;
OK;Sinergy_6x3_Rallo.JPG;;12/12/2023 13:03:42;568,00;280,00;3;47,7500;DGen Papyrus G5 - 1;BB Inchiostrazione elevata [Solutioncare];720x600;00:00:22;00:43:41;;0,00;€0,00;;;;;;;0;;;
OK;Sisa_6x3_IsolaFemmine.JPG;;12/12/2023 13:49:46;568,00;280,00;2;31,8500;DGen Papyrus G5 - 1;BB Inchiostrazione elevata [Solutioncare];720x600;00:00:22;00:31:53;;0,00;€0,00;;;;;;;0;;;
ERROR;Todis_6x3_1.JPG;;12/12/2023 15:25:02;568,00;280,00;10;159,0500;DGen Papyrus G5 - 1;BB Inchiostrazione elevata [Solutioncare];720x600;00:00:24;00:00:00;;0,00;€0,00;;;;;;;0;;;
ERROR;Todis_6x3_1.JPG;;12/12/2023 15:26:00;568,00;280,00;10;159,0500;DGen Papyrus G5 - 1;BB Inchiostrazione elevata [Solutioncare];720x600;00:00:24;00:00:20;;0,00;€0,00;;;;;;;0;;;
OK;Todis_6x3_1.JPG;;12/12/2023 15:27:16;568,00;280,00;10;159,0500;DGen Papyrus G5 - 1;BB Inchiostrazione elevata [Solutioncare];720x600;00:00:24;15:27:55;;0,00;€0,00;;;;;;;0;;;
OK;Todis_6x3_2.JPG;;12/12/2023 18:09:12;568,00;280,00;10;159,0500;DGen Papyrus G5 - 1;BB Inchiostrazione elevata [Solutioncare];720x600;00:00:21;15:27:55;;0,00;€0,00;;;;;;;0;;;
OK;Todis_6x3_Tutti.JPG;;12/12/2023 20:57:25;568,00;280,00;10;159,0500;DGen Papyrus G5 - 1;BB Inchiostrazione elevata [Solutioncare];720x600;00:00:23;15:27:55;;0,00;€0,00;;;;;;;0;;;
OK;AMG_420x200.JPG;;12/12/2023 23:46:27;405,00;194,00;10;78,6000;DGen Papyrus G5 - 1;BB Inchiostrazione elevata [Solutioncare];720x600;00:00:33;15:27:55;;0,00;€0,00;;;;;;;0;;;
OK;AMG_6x3.JPG;;13/12/2023 01:12:42;568,00;280,00;7;111,3500;DGen Papyrus G5 - 1;BB Inchiostrazione elevata [Solutioncare];720x600;00:00:34;15:27:55;;0,00;€0,00;;;;;;;0;;;
OK;AMG_280x200.JPG;;13/12/2023 03:11:18;270,05;194,00;39;204,3000;DGen Papyrus G5 - 1;BB Inchiostrazione elevata [Solutioncare];720x600;00:00:32;15:27:55;;0,00;€0,00;;;;;;;0;;;
OK;Abitare-Morgana_100x140.JPG;;13/12/2023 08:02:51;131,00;95,00;32;39,8500;DGen Papyrus G5 - 1;BB Inchiostrazione elevata [Solutioncare];720x600;00:00:07;00:35:15;;0,00;€0,00;;;;;;;0;;;
OK;Consolato_Zambia_Manifesto.JPG;;13/12/2023 08:44:11;29,75;42,00;5;0,6500;DGen Papyrus G5 - 1;BB Inchiostrazione elevata [Solutioncare];720x600;00:00:03;00:32:32;;0,00;€0,00;;;;;;;0;;;
OK;Consolato_Zambia_Manifesto~1.JPG;;13/12/2023 08:44:13;70,00;100,00;5;3,5000;DGen Papyrus G5 - 1;BB Inchiostrazione elevata [Solutioncare];720x600;00:00:04;00:32:32;;0,00;€0,00;;;;;;;0;;;
OK;Expert_6x3_Bielle.JPG;;13/12/2023 08:44:29;568,00;280,00;2;31,8500;DGen Papyrus G5 - 1;BB Inchiostrazione elevata [Solutioncare];720x600;00:00:20;00:32:32;;0,00;€0,00;;;;;;;0;;;
OK;Energy_100x140_Democracy.JPG;;13/12/2023 09:36:04;131,00;95,00;38;47,3000;DGen Papyrus G5 - 1;BB Inchiostrazione elevata [Solutioncare];720x600;00:00:05;00:44:06;;0,00;€0,00;;;;;;;0;;;
OK;Energy_100x140_Democracy.JPG;;13/12/2023 10:27:32;131,00;95,00;20;24,9000;DGen Papyrus G5 - 1;BB Inchiostrazione elevata [Solutioncare];720x600;00:00:05;00:20:10;;0,00;€0,00;;;;;;;0;;;
OK;Energy_100x140_Democracy.JPG;;13/12/2023 11:30:41;131,00;95,00;27;33,6000;DGen Papyrus G5 - 1;BB Inchiostrazione elevata [Solutioncare];720x600;00:00:05;00:27:47;;0,00;€0,00;;;;;;;0;;;
OK;Energy_100x140_Unity.JPG;;13/12/2023 12:09:42;131,00;95,00;85;105,8000;DGen Papyrus G5 - 1;BB Inchiostrazione elevata [Solutioncare];720x600;00:00:06;01:46:08;;0,00;€0,00;;;;;;;0;;;
OK;Expert-TP_6x3.JPG;;13/12/2023 14:00:55;568,00;280,00;3;47,7500;DGen Papyrus G5 - 1;BB Inchiostrazione elevata [Solutioncare];720x600;00:00:20;00:46:02;;0,00;€0,00;;;;;;;0;;;
OK;Energy_6x3_Unity.JPG;;13/12/2023 15:11:32;568,00;280,00;14;222,7000;DGen Papyrus G5 - 1;BB Inchiostrazione elevata [Solutioncare];720x600;00:00:21;16:45:21;;0,00;€0,00;;;;;;;0;;;
OK;Energy_6x3_Stability.JPG;;13/12/2023 19:00:46;568,00;280,00;16;254,5000;DGen Papyrus G5 - 1;BB Inchiostrazione elevata [Solutioncare];720x600;00:00:24;16:45:21;;0,00;€0,00;;;;;;;0;;;
OK;Energy_6x3_Freedom.JPG;;13/12/2023 23:31:16;568,00;280,00;16;254,5000;DGen Papyrus G5 - 1;BB Inchiostrazione elevata [Solutioncare];720x600;00:00:26;16:45:21;;0,00;€0,00;;;;;;;0;;;
OK;Energy_6x3_Democracy.JPG;;14/12/2023 04:01:08;568,00;280,00;14;222,7000;DGen Papyrus G5 - 1;BB Inchiostrazione elevata [Solutioncare];720x600;00:00:22;16:45:21;;0,00;€0,00;;;;;;;0;;;
OK;Energy_6x3_Unity.JPG;;14/12/2023 08:16:46;568,00;280,00;4;63,6500;DGen Papyrus G5 - 1;BB Inchiostrazione elevata [Solutioncare];720x600;00:00:21;00:59:15;;0,00;€0,00;;;;;;;0;;;
OK;Conad_6x3.JPG;;14/12/2023 09:29:50;568,00;280,00;1;15,9500;DGen Papyrus G5 - 1;BB Inchiostrazione elevata [Solutioncare];720x600;00:00:23;00:04:43;;0,00;€0,00;;;;;;;0;;;
OK;Conad_6x3.JPG;;14/12/2023 09:53:34;568,00;280,00;2;31,8500;DGen Papyrus G5 - 1;BB Inchiostrazione elevata [Solutioncare];720x600;00:00:23;00:20:31;;0,00;€0,00;;;;;;;0;;;
OK;Conad_6x3.JPG;;14/12/2023 10:26:01;568,00;280,00;12;190,8500;DGen Papyrus G5 - 1;BB Inchiostrazione elevata [Solutioncare];720x600;00:00:23;01:44:29;;0,00;€0,00;;;;;;;0;;;
OK;Conad_6x3.JPG;;14/12/2023 12:27:22;568,00;280,00;10;159,0500;DGen Papyrus G5 - 1;BB Inchiostrazione elevata [Solutioncare];720x600;00:00:23;01:25:45;;0,00;€0,00;;;;;;;0;;;
OK;Conad_6x3.JPG;;14/12/2023 14:07:33;568,00;280,00;6;95,4500;DGen Papyrus G5 - 1;BB Inchiostrazione elevata [Solutioncare];720x600;00:00:23;00:49:41;;0,00;€0,00;;;;;;;0;;;
OK;Conad_140x200.JPG;;14/12/2023 16:03:02;131,00;194,00;62;157,6000;DGen Papyrus G5 - 1;BB Inchiostrazione elevata [Solutioncare];720x600;00:00:10;16:16:33;;0,00;€0,00;;;;;;;0;;;
OK;LeBontaSurgelate_6x3.JPG;;14/12/2023 18:45:49;568,00;280,00;1;15,9500;DGen Papyrus G5 - 1;BB Inchiostrazione elevata [Solutioncare];720x600;00:00:23;16:16:33;;0,00;€0,00;;;;;;;0;;;
OK;PaghiPoco_6x3_Bagh.JPG;;14/12/2023 19:01:43;568,00;280,00;1;15,9500;DGen Papyrus G5 - 1;BB Inchiostrazione elevata [Solutioncare];720x600;00:00:24;16:16:33;;0,00;€0,00;;;;;;;0;;;
OK;PaghiPoco_6x3_Marsala.JPG;;14/12/2023 19:18:58;568,00;280,00;2;31,8500;DGen Papyrus G5 - 1;BB Inchiostrazione elevata [Solutioncare];720x600;00:00:27;16:16:33;;0,00;€0,00;;;;;;;0;;;
OK;PaghiPoco_6x3_PA.JPG;;14/12/2023 19:52:20;568,00;280,00;10;159,0500;DGen Papyrus G5 - 1;BB Inchiostrazione elevata [Solutioncare];720x600;00:00:25;16:16:33;;0,00;€0,00;;;;;;;0;;;
OK;PaghiPoco_6x3_Part.JPG;;14/12/2023 22:41:40;568,00;280,00;1;15,9500;DGen Papyrus G5 - 1;BB Inchiostrazione elevata [Solutioncare];720x600;00:00:25;16:16:33;;0,00;€0,00;;;;;;;0;;;
OK;PaghiPoco_6x3_TP.JPG;;14/12/2023 22:57:56;568,00;280,00;6;95,4500;DGen Papyrus G5 - 1;BB Inchiostrazione elevata [Solutioncare];720x600;00:00:24;16:16:33;;0,00;€0,00;;;;;;;0;;;
OK;PaghiPoco_140x200_PA1.JPG;;15/12/2023 00:38:54;131,00;194,00;18;45,7500;DGen Papyrus G5 - 1;BB Inchiostrazione elevata [Solutioncare];720x600;00:00:10;16:16:33;;0,00;€0,00;;;;;;;0;;;
OK;PaghiPoco_140x200_PA2.JPG;;15/12/2023 01:28:13;131,00;194,00;19;48,3000;DGen Papyrus G5 - 1;BB Inchiostrazione elevata [Solutioncare];720x600;00:00:10;16:16:33;;0,00;€0,00;;;;;;;0;;;
OK;PaghiPoco_140x200_Part1.JPG;;15/12/2023 02:20:40;131,00;194,00;2;5,1000;DGen Papyrus G5 - 1;BB Inchiostrazione elevata [Solutioncare];720x600;00:00:10;16:16:33;;0,00;€0,00;;;;;;;0;;;
OK;PaghiPoco_140x200_Part2.JPG;;15/12/2023 02:26:01;131,00;194,00;2;5,1000;DGen Papyrus G5 - 1;BB Inchiostrazione elevata [Solutioncare];720x600;00:00:10;16:16:33;;0,00;€0,00;;;;;;;0;;;
OK;PaghiPoco_140x200_TP1.JPG;;15/12/2023 02:31:23;131,00;194,00;17;43,2500;DGen Papyrus G5 - 1;BB Inchiostrazione elevata [Solutioncare];720x600;00:00:09;16:16:33;;0,00;€0,00;;;;;;;0;;;
OK;PaghiPoco_140x200_TP2.JPG;;15/12/2023 03:18:29;131,00;194,05;17;43,2500;DGen Papyrus G5 - 1;BB Inchiostrazione elevata [Solutioncare];720x600;00:00:11;16:16:33;;0,00;€0,00;;;;;;;0;;;
OK;PaghiPoco_12x3_PA.JPG;;15/12/2023 04:04:34;1.180,00;278,00;3;98,4500;DGen Papyrus G5 - 1;BB Inchiostrazione elevata [Solutioncare];720x600;00:00:42;16:16:33;;0,00;€0,00;;;;;;;0;;;
OK;ASPMI_6x3_Servizi.JPG;;15/12/2023 05:53:32;568,00;280,00;1;15,9500;DGen Papyrus G5 - 1;BB Inchiostrazione elevata [Solutioncare];720x600;00:00:20;16:16:33;;0,00;€0,00;;;;;;;0;;;
OK;ASPMI_6x3_Voce.JPG;;15/12/2023 06:10:33;568,00;280,00;2;31,8500;DGen Papyrus G5 - 1;BB Inchiostrazione elevata [Solutioncare];720x600;00:00:21;16:16:33;;0,00;€0,00;;;;;;;0;;;
OK;ASPMI_100x140_Servizi.JPG;;15/12/2023 06:44:37;131,00;95,00;12;14,9500;DGen Papyrus G5 - 1;BB Inchiostrazione elevata [Solutioncare];720x600;00:00:05;16:16:33;;0,00;€0,00;;;;;;;0;;;
OK;ASPMI_100x140_Voce.JPG;;15/12/2023 07:00:42;131,00;95,00;12;14,9500;DGen Papyrus G5 - 1;BB Inchiostrazione elevata [Solutioncare];720x600;00:00:05;16:16:33;;0,00;€0,00;;;;;;;0;;;
OK;ASPMI_140x200_Servizi.JPG;;15/12/2023 07:17:12;131,00;194,00;5;12,7500;DGen Papyrus G5 - 1;BB Inchiostrazione elevata [Solutioncare];720x600;00:00:08;16:16:33;;0,00;€0,00;;;;;;;0;;;
OK;ASPMI_140x200_Voce.JPG;;15/12/2023 07:30:28;131,00;194,00;4;10,2000;DGen Papyrus G5 - 1;BB Inchiostrazione elevata [Solutioncare];720x600;00:00:08;16:16:33;;0,00;€0,00;;;;;;;0;;;
OK;BPSA_100x140-1.JPG;;15/12/2023 07:42:16;131,00;95,00;14;17,4500;DGen Papyrus G5 - 1;BB Inchiostrazione elevata [Solutioncare];720x600;00:00:07;16:16:33;;0,00;€0,00;;;;;;;0;;;
OK;BPSA_100x140-2.JPG;;15/12/2023 08:00:25;131,00;95,00;14;17,4500;DGen Papyrus G5 - 1;BB Inchiostrazione elevata [Solutioncare];720x600;00:00:06;16:16:33;;0,00;€0,00;;;;;;;0;;;
OK;Conad_6x3.JPG;;15/12/2023 08:37:38;568,00;280,00;6;95,4500;DGen Papyrus G5 - 1;BB Inchiostrazione elevata [Solutioncare];720x600;00:00:23;00:59:50;;0,00;€0,00;;;;;;;0;;;
OK;Conad_6x3.JPG;;15/12/2023 09:44:46;568,00;280,00;10;159,0500;DGen Papyrus G5 - 1;BB Inchiostrazione elevata [Solutioncare];720x600;00:00:23;01:26:31;;0,00;€0,00;;;;;;;0;;;
OK;Conad_6x3.JPG;;15/12/2023 11:35:30;568,00;280,00;10;159,0500;DGen Papyrus G5 - 1;BB Inchiostrazione elevata [Solutioncare];720x600;00:00:23;01:26:41;;0,00;€0,00;;;;;;;0;;;
OK;Conad_6x3.JPG;;15/12/2023 13:17:40;568,00;280,00;4;63,6500;DGen Papyrus G5 - 1;BB Inchiostrazione elevata [Solutioncare];720x600;00:00:23;00:31:59;;0,00;€0,00;;;;;;;0;;;
OK;LaMaddalena_6x3.JPG;;15/12/2023 13:56:09;568,00;280,00;3;47,7500;DGen Papyrus G5 - 1;BB Inchiostrazione elevata [Solutioncare];720x600;00:00:21;00:31:58;;0,00;€0,00;;;;;;;0;;;
OK;NSA_6x3.JPG;;15/12/2023 14:19:19;568,00;280,00;1;15,9500;DGen Papyrus G5 - 1;BB Inchiostrazione elevata [Solutioncare];720x600;00:00:21;00:31:58;;0,00;€0,00;;;;;;;0;;;
OK;Conad_6x6.JPG;;15/12/2023 15:27:25;568,00;570,00;5;161,9000;DGen Papyrus G5 - 1;BB Inchiostrazione elevata [Solutioncare];720x600;00:00:48;17:29:20;;0,00;€0,00;;;;;;;0;;;
OK;Conad_12x3.JPG;;15/12/2023 18:11:07;1.180,00;278,00;2;65,6500;DGen Papyrus G5 - 1;BB Inchiostrazione elevata [Solutioncare];720x600;00:00:40;17:29:20;;0,00;€0,00;;;;;;;0;;;
OK;Conad_12x3~1.JPG;;15/12/2023 19:23:13;1.180,00;278,00;2;65,6500;DGen Papyrus G5 - 1;BB Inchiostrazione elevata [Solutioncare];720x600;00:00:40;17:29:20;;0,00;€0,00;;;;;;;0;;;
OK;Conad_12x3~2.JPG;;15/12/2023 20:36:13;1.180,00;278,00;1;32,8500;DGen Papyrus G5 - 1;BB Inchiostrazione elevata [Solutioncare];720x600;00:00:40;17:29:20;;0,00;€0,00;;;;;;;0;;;
OK;Conad_6x3.JPG;;15/12/2023 21:12:10;568,00;280,00;42;668,0000;DGen Papyrus G5 - 1;BB Inchiostrazione elevata [Solutioncare];720x600;00:00:23;17:29:20;;0,00;€0,00;;;;;;;0;;;
OK;IlCentesimo_6x3.JPG;;16/12/2023 11:16:19;568,00;280,00;39;620,2500;DGen Papyrus G5 - 1;BB Inchiostrazione elevata [Solutioncare];720x600;00:00:18;16:35:04;;0,00;€0,00;;;;;;;0;;;
OK;IlCentesimo_140x200_1.JPG;;16/12/2023 22:08:31;131,00;194,00;29;73,7000;DGen Papyrus G5 - 1;BB Inchiostrazione elevata [Solutioncare];720x600;00:00:09;16:35:04;;0,00;€0,00;;;;;;;0;;;
OK;IlCentesimo_140x200_2.JPG;;16/12/2023 23:29:06;131,00;194,00;29;73,7000;DGen Papyrus G5 - 1;BB Inchiostrazione elevata [Solutioncare];720x600;00:00:10;16:35:04;;0,00;€0,00;;;;;;;0;;;
OK;IlCentesimo_140x200_3.JPG;;17/12/2023 00:48:07;131,00;194,00;28;71,2000;DGen Papyrus G5 - 1;BB Inchiostrazione elevata [Solutioncare];720x600;00:00:10;16:35:04;;0,00;€0,00;;;;;;;0;;;
OK;IlCentesimo_140x200_4.JPG;;17/12/2023 02:05:27;131,00;194,00;28;71,2000;DGen Papyrus G5 - 1;BB Inchiostrazione elevata [Solutioncare];720x600;00:00:10;16:35:04;;0,00;€0,00;;;;;;;0;;;
OK;IlCentesimo_100x140_1.JPG;;17/12/2023 03:21:50;131,00;95,00;5;6,2500;DGen Papyrus G5 - 1;BB Inchiostrazione elevata [Solutioncare];720x600;00:00:06;16:35:04;;0,00;€0,00;;;;;;;0;;;
OK;IlCentesimo_100x140_2.JPG;;17/12/2023 03:29:17;131,00;95,00;5;6,2500;DGen Papyrus G5 - 1;BB Inchiostrazione elevata [Solutioncare];720x600;00:00:06;16:35:04;;0,00;€0,00;;;;;;;0;;;
OK;IlCentesimo_100x140_3.JPG;;17/12/2023 03:35:50;131,00;95,00;6;7,5000;DGen Papyrus G5 - 1;BB Inchiostrazione elevata [Solutioncare];720x600;00:00:06;16:35:04;;0,00;€0,00;;;;;;;0;;;
OK;IlCentesimo_100x140_4.JPG;;17/12/2023 03:43:36;131,00;95,00;6;7,5000;DGen Papyrus G5 - 1;BB Inchiostrazione elevata [Solutioncare];720x600;00:00:06;16:35:04;;0,00;€0,00;;;;;;;0;;;
OK;Essepiauto_6x3~1.JPG;;18/12/2023 08:18:56;568,00;280,00;2;31,8500;DGen Papyrus G5 - 1;BB Inchiostrazione elevata [Solutioncare];720x600;00:00:18;00:25:09;;0,00;€0,00;;;;;;;0;;;
OK;Essepiauto_6x3~1.JPG;;18/12/2023 08:49:15;568,00;280,00;1;15,9500;DGen Papyrus G5 - 1;BB Inchiostrazione elevata [Solutioncare];720x600;00:00:18;00:12:31;;0,00;€0,00;;;;;;;0;;;
OK;CashCarry_100x140.JPG;;18/12/2023 09:12:50;131,00;95,00;19;23,6500;DGen Papyrus G5 - 1;BB Inchiostrazione elevata [Solutioncare];720x600;00:00:05;00:18:17;;0,00;€0,00;;;;;;;0;;;
OK;Gea_6x3_Divano.JPG;;18/12/2023 10:09:17;568,00;280,00;4;63,6500;DGen Papyrus G5 - 1;BB Inchiostrazione elevata [Solutioncare];720x600;00:00:23;02:07:31;;0,00;€0,00;;;;;;;0;;;
OK;Gea_6x3_Microonde_new.JPG;;18/12/2023 11:08:22;568,00;280,00;4;63,6500;DGen Papyrus G5 - 1;BB Inchiostrazione elevata [Solutioncare];720x600;00:00:24;02:07:31;;0,00;€0,00;;;;;;;0;;;
OK;NuovaSicilAuto_100x140_Citroen.JPG;;18/12/2023 12:33:23;131,00;95,00;80;99,6000;DGen Papyrus G5 - 1;BB Inchiostrazione elevata [Solutioncare];720x600;00:00:04;01:39:37;;0,00;€0,00;;;;;;;0;;;
OK;Sispi_6x3.JPG;;18/12/2023 14:33:00;568,00;280,00;5;79,5500;DGen Papyrus G5 - 1;BB Inchiostrazione elevata [Solutioncare];720x600;00:00:21;01:16:18;;0,00;€0,00;;;;;;;0;;;
OK;Handball_6x3.JPG;;18/12/2023 15:50:47;568,00;280,00;1;15,9500;DGen Papyrus G5 - 1;BB Inchiostrazione elevata [Solutioncare];720x600;00:00:24;00:16:18;;0,00;€0,00;;;;;;;0;;;
OK;Sisa_6x3.JPG;;18/12/2023 16:47:47;568,00;280,00;52;827,0000;DGen Papyrus G5 - 1;BB Inchiostrazione elevata [Solutioncare];720x600;00:00:27;14:29:58;;0,00;€0,00;;;;;;;0;;;
OK;AMG_280x200.JPG;;19/12/2023 08:25:46;136,00;194,00;1;2,6500;DGen Papyrus G5 - 1;BB Inchiostrazione elevata [Solutioncare];720x600;00:00:26;00:00:09;;0,00;€0,00;;;;;;;0;;;
OK;AMG_280x200.JPG;;19/12/2023 08:29:08;136,00;194,00;1;2,6500;DGen Papyrus G5 - 1;BB Inchiostrazione elevata [Solutioncare];720x600;00:00:26;00:00:10;;0,00;€0,00;;;;;;;0;;;
OK;CRAI_6x3_Isola.JPG;;19/12/2023 10:03:04;568,00;280,00;2;31,8500;DGen Papyrus G5 - 1;BB Inchiostrazione elevata [Solutioncare];720x600;00:00:24;00:25:21;;0,00;€0,00;;;;;;;0;;;
OK;GedShopping_6x3_Giuseppe.JPG;;19/12/2023 10:46:31;568,00;280,00;5;79,5500;DGen Papyrus G5 - 1;BB Inchiostrazione elevata [Solutioncare];720x600;00:00:22;01:16:19;;0,00;€0,00;;;;;;;0;;;
OK;GedShopping_6x3_Katia.JPG;;19/12/2023 12:11:18;568,00;280,00;5;79,5500;DGen Papyrus G5 - 1;BB Inchiostrazione elevata [Solutioncare];720x600;00:00:23;01:17:26;;0,00;€0,00;;;;;;;0;;;
ERROR;GedShopping_6x3_Fabio.JPG;;19/12/2023 13:31:23;568,00;280,00;1;15,9500;DGen Papyrus G5 - 1;BB Inchiostrazione elevata [Solutioncare];720x600;00:00:22;00:05:21;;0,00;€0,00;;;;;;;0;;;
OK;Bruno_LT_6x6_1.JPG;;19/12/2023 13:58:11;568,00;570,00;1;32,4000;DGen Papyrus G5 - 1;BB Inchiostrazione elevata [Solutioncare];720x600;00:00:40;01:48:31;;0,00;€0,00;;;;;;;0;;;
OK;Bruno_LT_6x6_2.JPG;;19/12/2023 14:25:00;568,00;570,00;1;32,4000;DGen Papyrus G5 - 1;BB Inchiostrazione elevata [Solutioncare];720x600;00:00:39;01:48:31;;0,00;€0,00;;;;;;;0;;;
OK;OGT_568X390_BEKO.JPG;;19/12/2023 14:59:14;568,00;390,00;1;22,2000;DGen Papyrus G5 - 1;BB Inchiostrazione elevata [Solutioncare];720x600;00:00:31;01:48:31;;0,00;€0,00;;;;;;;0;;;
OK;OGT_568X390_IPHONE.JPG;;19/12/2023 15:22:56;568,00;390,00;1;22,2000;DGen Papyrus G5 - 1;BB Inchiostrazione elevata [Solutioncare];720x600;00:00:29;01:48:31;;0,00;€0,00;;;;;;;0;;;
OK;GeD_140x200_Branc2.JPG;;19/12/2023 15:47:12;131,00;95,00;2;2,5000;DGen Papyrus G5 - 1;BB Inchiostrazione elevata [Solutioncare];720x600;00:00:09;00:02:09;;0,00;€0,00;;;;;;;0;;;
OK;GedShopping_6x3_Fabio.JPG;;19/12/2023 16:05:11;568,00;280,00;1;15,9500;DGen Papyrus G5 - 1;BB Inchiostrazione elevata [Solutioncare];720x600;00:00:22;06:30:50;;0,00;€0,00;;;;;;;0;;;
OK;GeDStore_6x3_-_CIM.64.JPG;;19/12/2023 16:14:07;568,00;280,00;1;15,9500;DGen Papyrus G5 - 1;BB Inchiostrazione elevata [Solutioncare];720x600;00:00:26;06:30:50;;0,00;€0,00;;;;;;;0;;;
OK;GeDStore_6x3_-_CIM.67.JPG;;19/12/2023 16:31:36;568,00;280,00;1;15,9500;DGen Papyrus G5 - 1;BB Inchiostrazione elevata [Solutioncare];720x600;00:00:26;06:30:50;;0,00;€0,00;;;;;;;0;;;
OK;GeDStore_6x3_-_CIM.74.JPG;;19/12/2023 16:48:58;568,00;280,00;1;15,9500;DGen Papyrus G5 - 1;BB Inchiostrazione elevata [Solutioncare];720x600;00:00:24;06:30:50;;0,00;€0,00;;;;;;;0;;;
OK;GeDStore_6x3_-_CIM.114.JPG;;19/12/2023 17:05:19;568,00;280,00;1;15,9500;DGen Papyrus G5 - 1;BB Inchiostrazione elevata [Solutioncare];720x600;00:00:25;06:30:50;;0,00;€0,00;;;;;;;0;;;
OK;GeDStore_6x3_-_CIM.281.JPG;;19/12/2023 17:22:45;568,00;280,00;1;15,9500;DGen Papyrus G5 - 1;BB Inchiostrazione elevata [Solutioncare];720x600;00:00:24;06:30:50;;0,00;€0,00;;;;;;;0;;;
OK;GeDStore_6x3_-_CIM.310.JPG;;19/12/2023 17:39:07;568,00;280,00;1;15,9500;DGen Papyrus G5 - 1;BB Inchiostrazione elevata [Solutioncare];720x600;00:00:24;06:30:50;;0,00;€0,00;;;;;;;0;;;
OK;GeDStore_6x3_-_CIM.920.JPG;;19/12/2023 17:56:23;568,00;280,00;1;15,9500;DGen Papyrus G5 - 1;BB Inchiostrazione elevata [Solutioncare];720x600;00:00:26;06:30:50;;0,00;€0,00;;;;;;;0;;;
OK;GeDStore_6x3_-_CIM.952.JPG;;19/12/2023 18:12:40;568,00;280,00;1;15,9500;DGen Papyrus G5 - 1;BB Inchiostrazione elevata [Solutioncare];720x600;00:00:24;06:30:50;;0,00;€0,00;;;;;;;0;;;
OK;GeDStore_6x3_-_CIM.1010.JPG;;19/12/2023 18:29:56;568,00;280,00;1;15,9500;DGen Papyrus G5 - 1;BB Inchiostrazione elevata [Solutioncare];720x600;00:00:39;06:30:50;;0,00;€0,00;;;;;;;0;;;
OK;GeDStore_6x3_-_CIM.2263.JPG;;19/12/2023 18:46:21;568,00;280,00;1;15,9500;DGen Papyrus G5 - 1;BB Inchiostrazione elevata [Solutioncare];720x600;00:00:27;06:30:50;;0,00;€0,00;;;;;;;0;;;
OK;GeDStore_6x3_-_CIM.9026.JPG;;19/12/2023 19:03:33;568,00;280,00;1;15,9500;DGen Papyrus G5 - 1;BB Inchiostrazione elevata [Solutioncare];720x600;00:00:39;06:30:50;;0,00;€0,00;;;;;;;0;;;
OK;GeDStore_6x6_-_CIM._667.JPG;;19/12/2023 19:20:58;568,00;570,00;2;64,8000;DGen Papyrus G5 - 1;BB Inchiostrazione elevata [Solutioncare];720x600;00:01:12;06:30:50;;0,00;€0,00;;;;;;;0;;;
OK;GeDStore_6x6_-_CIM._954.JPG;;19/12/2023 20:29:21;568,00;570,00;2;64,8000;DGen Papyrus G5 - 1;BB Inchiostrazione elevata [Solutioncare];720x600;00:00:56;06:30:50;;0,00;€0,00;;;;;;;0;;;
OK;GeD_140x200_1.JPG;;19/12/2023 21:37:46;131,00;194,00;4;10,2000;DGen Papyrus G5 - 1;BB Inchiostrazione elevata [Solutioncare];720x600;00:00:11;06:30:50;;0,00;€0,00;;;;;;;0;;;
OK;GeD_140x200_2.JPG;;19/12/2023 21:48:47;131,00;194,00;4;10,2000;DGen Papyrus G5 - 1;BB Inchiostrazione elevata [Solutioncare];720x600;00:00:13;06:30:50;;0,00;€0,00;;;;;;;0;;;
OK;GeD_140x200_3.JPG;;19/12/2023 22:00:27;131,00;194,00;4;10,2000;DGen Papyrus G5 - 1;BB Inchiostrazione elevata [Solutioncare];720x600;00:00:13;06:30:50;;0,00;€0,00;;;;;;;0;;;
OK;GeD_140x200_4.JPG;;19/12/2023 22:11:06;131,00;194,00;4;10,2000;DGen Papyrus G5 - 1;BB Inchiostrazione elevata [Solutioncare];720x600;00:00:12;06:30:50;;0,00;€0,00;;;;;;;0;;;
OK;GeD_140x200_5.JPG;;19/12/2023 22:22:43;131,00;194,00;5;12,7500;DGen Papyrus G5 - 1;BB Inchiostrazione elevata [Solutioncare];720x600;00:00:13;06:30:50;;0,00;€0,00;;;;;;;0;;;
OK;PennyMarket_6x3_1.JPG;;20/12/2023 09:44:04;568,00;280,00;3;47,7500;DGen Papyrus G5 - 1;BB Inchiostrazione elevata [Solutioncare];720x600;00:00:23;03:17:35;;0,00;€0,00;;;;;;;0;;;
OK;PennyMarket_6x3_2.JPG;;20/12/2023 10:26:45;568,00;280,00;3;47,7500;DGen Papyrus G5 - 1;BB Inchiostrazione elevata [Solutioncare];720x600;00:00:26;03:17:35;;0,00;€0,00;;;;;;;0;;;
OK;PennyMarket_6x6.JPG;;20/12/2023 11:17:37;568,00;570,00;1;32,4000;DGen Papyrus G5 - 1;BB Inchiostrazione elevata [Solutioncare];720x600;00:00:49;03:17:35;;0,00;€0,00;;;;;;;0;;;
OK;PennyMarket_12x3.JPG;;20/12/2023 11:51:38;1.180,00;278,00;1;32,8500;DGen Papyrus G5 - 1;BB Inchiostrazione elevata [Solutioncare];720x600;00:00:43;03:17:35;;0,00;€0,00;;;;;;;0;;;
OK;PennyMarket_100x140_1.JPG;;20/12/2023 12:27:56;131,00;95,05;2;2,5000;DGen Papyrus G5 - 1;BB Inchiostrazione elevata [Solutioncare];720x600;00:00:05;03:17:35;;0,00;€0,00;;;;;;;0;;;
OK;PennyMarket_100x140_2.JPG;;20/12/2023 12:30:33;131,00;95,05;2;2,5000;DGen Papyrus G5 - 1;BB Inchiostrazione elevata [Solutioncare];720x600;00:00:05;03:17:35;;0,00;€0,00;;;;;;;0;;;
OK;PennyMarket_100x140_3.JPG;;20/12/2023 12:33:13;131,00;95,00;3;3,7500;DGen Papyrus G5 - 1;BB Inchiostrazione elevata [Solutioncare];720x600;00:00:04;03:17:35;;0,00;€0,00;;;;;;;0;;;
OK;PennyMarket_100x140_4.JPG;;20/12/2023 12:37:11;131,00;95,05;3;3,7500;DGen Papyrus G5 - 1;BB Inchiostrazione elevata [Solutioncare];720x600;00:00:04;03:17:35;;0,00;€0,00;;;;;;;0;;;
OK;PennyMarket_140x200_1.JPG;;20/12/2023 12:41:04;131,00;194,00;2;5,1000;DGen Papyrus G5 - 1;BB Inchiostrazione elevata [Solutioncare];720x600;00:00:09;03:17:35;;0,00;€0,00;;;;;;;0;;;
OK;PennyMarket_140x200_2.JPG;;20/12/2023 12:47:20;131,00;194,00;2;5,1000;DGen Papyrus G5 - 1;BB Inchiostrazione elevata [Solutioncare];720x600;00:00:07;03:17:35;;0,00;€0,00;;;;;;;0;;;
OK;PennyMarket_140x200_3.JPG;;20/12/2023 12:52:41;131,00;194,00;1;2,5500;DGen Papyrus G5 - 1;BB Inchiostrazione elevata [Solutioncare];720x600;00:00:07;03:17:35;;0,00;€0,00;;;;;;;0;;;
OK;PennyMarket_140x200_4.JPG;;20/12/2023 12:55:17;131,00;194,00;1;2,5500;DGen Papyrus G5 - 1;BB Inchiostrazione elevata [Solutioncare];720x600;00:00:07;03:17:35;;0,00;€0,00;;;;;;;0;;;
OK;PennyMarket_150x70_1.JPG;;20/12/2023 12:57:55;143,00;67,00;1;1,0000;DGen Papyrus G5 - 1;BB Inchiostrazione elevata [Solutioncare];720x600;00:00:04;03:17:35;;0,00;€0,00;;;;;;;0;;;
OK;PennyMarket_150x70_2.JPG;;20/12/2023 12:58:55;143,00;67,05;1;1,0000;DGen Papyrus G5 - 1;BB Inchiostrazione elevata [Solutioncare];720x600;00:00:03;03:17:35;;0,00;€0,00;;;;;;;0;;;
OK;PennyMarket_150x70_3.JPG;;20/12/2023 12:59:47;143,00;67,05;1;1,0000;DGen Papyrus G5 - 1;BB Inchiostrazione elevata [Solutioncare];720x600;00:00:03;03:17:35;;0,00;€0,00;;;;;;;0;;;
OK;PennyMarket_150x70_4.JPG;;20/12/2023 13:00:40;143,00;67,05;1;1,0000;DGen Papyrus G5 - 1;BB Inchiostrazione elevata [Solutioncare];720x600;00:00:03;03:17:35;;0,00;€0,00;;;;;;;0;;;
OK;Cascino_6x6_1.JPG;;21/12/2023 11:47:25;568,00;570,00;1;32,4000;DGen Papyrus G5 - 1;BB Inchiostrazione elevata [Solutioncare];720x600;00:00:33;01:08:21;;0,00;€0,00;;;;;;;0;;;
OK;Cascino_6x6_2.JPG;;21/12/2023 12:00:27;568,00;570,00;1;32,4000;DGen Papyrus G5 - 1;BB Inchiostrazione elevata [Solutioncare];720x600;00:00:34;01:08:21;;0,00;€0,00;;;;;;;0;;;
OK;Cascino_6x6_Natale.JPG;;21/12/2023 12:19:15;568,00;570,00;2;64,8000;DGen Papyrus G5 - 1;BB Inchiostrazione elevata [Solutioncare];720x600;00:00:37;01:08:21;;0,00;€0,00;;;;;;;0;;;
OK;SicilyForum_12x3.JPG;;21/12/2023 12:59:10;1.180,00;278,00;1;32,8500;DGen Papyrus G5 - 1;BB Inchiostrazione elevata [Solutioncare];720x600;00:00:37;00:15:31;;0,00;€0,00;;;;;;;0;;;
ERROR;SicilyForum_12x3.JPG;;21/12/2023 13:17:24;1.180,00;278,00;2;65,6500;DGen Papyrus G5 - 1;BB Inchiostrazione elevata [Solutioncare];720x600;00:00:37;00:13:24;;0,00;€0,00;;;;;;;0;;;
OK;CittaMetro_6x3.JPG;;22/12/2023 03:01:52;568,00;280,00;24;381,7000;DGen Papyrus G5 - 1;BB Inchiostrazione elevata [Solutioncare];720x600;00:00:18;06:30:10;;0,00;€0,00;;;;;;;0;;;
OK;CittaMetro_4x3.JPG;;22/12/2023 09:59:05;398,00;290,05;1;11,5500;DGen Papyrus G5 - 1;BB Inchiostrazione elevata [Solutioncare];720x600;00:00:10;00:04:05;;0,00;€0,00;;;;;;;0;;;
OK;CittaMetro_6x3.JPG;;22/12/2023 10:21:17;568,00;280,00;5;79,5500;DGen Papyrus G5 - 1;BB Inchiostrazione elevata [Solutioncare];720x600;00:00:18;01:16:10;;0,00;€0,00;;;;;;;0;;;
ERROR;Matranga_McDonalds_125x275_7copie.JPG;;22/12/2023 11:46:55;125,00;275,00;7;24,1000;DGen Papyrus G5 - 1;BB Inchiostrazione elevata [Solutioncare];720x600;00:00:11;00:03:07;;0,00;€0,00;;;;;;;0;;;
OK;Matranga_McDonalds_125x275_7copie.JPG;;22/12/2023 11:50:28;125,00;275,00;7;24,1000;DGen Papyrus G5 - 1;BB Inchiostrazione elevata [Solutioncare];720x600;00:00:11;00:29:08;;0,00;€0,00;;;;;;;0;;;
OK;GedShopping_6x6_Foglio.JPG;;22/12/2023 12:09:13;281,85;187,20;2;10,5500;DGen Papyrus G5 - 1;BB Inchiostrazione elevata [Solutioncare];720x600;00:00:13;00:29:08;;0,00;€0,00;;;;;;;0;;;
ERROR;GedShopping_6x6_Foglio.JPG;;22/12/2023 12:35:20;141,95;187,20;2;5,3500;DGen Papyrus G5 - 1;BB Inchiostrazione elevata [Solutioncare];720x600;00:00:13;00:00:01;;0,00;€0,00;;;;;;;0;;;
OK;GedShopping_6x6_Foglio.JPG;;22/12/2023 12:35:43;141,95;187,20;2;5,3500;DGen Papyrus G5 - 1;BB Inchiostrazione elevata [Solutioncare];720x600;00:00:13;00:00:44;;0,00;€0,00;;;;;;;0;;;
OK;CittaMetro_12x3.JPG;;22/12/2023 12:48:37;1.180,00;278,00;2;65,6500;DGen Papyrus G5 - 1;BB Inchiostrazione elevata [Solutioncare];720x600;00:00:35;00:52:31;;0,00;€0,00;;;;;;;0;;;
OK;CittaMetro_12x3~1.JPG;;22/12/2023 13:22:18;1.180,00;278,00;1;32,8500;DGen Papyrus G5 - 1;BB Inchiostrazione elevata [Solutioncare];720x600;00:00:35;00:52:31;;0,00;€0,00;;;;;;;0;;;
ERROR;MondoSposi_6x3.JPG;;22/12/2023 15:38:55;568,00;280,00;1;15,9500;DGen Papyrus G5 - 1;BB Inchiostrazione elevata [Solutioncare];720x600;00:00:30;00:01:39;;0,00;€0,00;;;;;;;0;;;
OK;MondoSposi_6x3.JPG;;22/12/2023 15:41:12;568,00;280,00;1;15,9500;DGen Papyrus G5 - 1;BB Inchiostrazione elevata [Solutioncare];720x600;00:00:30;13:21:33;;0,00;€0,00;;;;;;;0;;;
OK;MondoSposi_6x6.JPG;;22/12/2023 15:48:56;568,00;570,00;4;129,5500;DGen Papyrus G5 - 1;BB Inchiostrazione elevata [Solutioncare];720x600;00:00:52;13:21:33;;0,00;€0,00;;;;;;;0;;;
OK;MondoSposi_12x3.JPG;;22/12/2023 18:05:39;1.180,00;278,00;4;131,2500;DGen Papyrus G5 - 1;BB Inchiostrazione elevata [Solutioncare];720x600;00:00:52;13:21:33;;0,00;€0,00;;;;;;;0;;;
OK;Ist.Platone_100x140.JPG;;22/12/2023 20:30:33;131,00;95,00;159;197,9000;DGen Papyrus G5 - 1;BB Inchiostrazione elevata [Solutioncare];720x600;00:00:04;13:21:33;;0,00;€0,00;;;;;;;0;;;
OK;Ist.Platone_140x200.JPG;;23/12/2023 00:04:31;131,00;194,00;2;5,1000;DGen Papyrus G5 - 1;BB Inchiostrazione elevata [Solutioncare];720x600;00:00:08;13:21:33;;0,00;€0,00;;;;;;;0;;;
OK;Ist.Platone_280x200.JPG;;23/12/2023 00:09:49;270,05;194,00;36;188,6000;DGen Papyrus G5 - 1;BB Inchiostrazione elevata [Solutioncare];720x600;00:00:16;13:21:33;;0,00;€0,00;;;;;;;0;;;
OK;Ist.Platone_420x200.JPG;;23/12/2023 03:36:22;405,00;194,00;10;78,6000;DGen Papyrus G5 - 1;BB Inchiostrazione elevata [Solutioncare];720x600;00:00:18;13:21:33;;0,00;€0,00;;;;;;;0;;;
OK;IlCentesimo_6x3.JPG;;27/12/2023 08:45:56;568,00;280,00;5;79,5500;DGen Papyrus G5 - 1;BB Inchiostrazione elevata [Solutioncare];720x600;00:00:16;01:43:15;;0,00;€0,00;;;;;;;0;;;
OK;IlCentesimo_140x200_4.JPG;;27/12/2023 10:01:08;131,00;194,00;2;5,1000;DGen Papyrus G5 - 1;BB Inchiostrazione elevata [Solutioncare];720x600;00:00:09;01:43:15;;0,00;€0,00;;;;;;;0;;;
OK;IlCentesimo_140x200_3.JPG;;27/12/2023 10:06:48;131,00;194,00;2;5,1000;DGen Papyrus G5 - 1;BB Inchiostrazione elevata [Solutioncare];720x600;00:00:10;01:43:15;;0,00;€0,00;;;;;;;0;;;
OK;IlCentesimo_140x200_2.JPG;;27/12/2023 10:12:17;131,00;194,00;3;7,6500;DGen Papyrus G5 - 1;BB Inchiostrazione elevata [Solutioncare];720x600;00:00:09;01:43:15;;0,00;€0,00;;;;;;;0;;;
OK;IlCentesimo_140x200_1.JPG;;27/12/2023 10:21:12;131,00;194,00;3;7,6500;DGen Papyrus G5 - 1;BB Inchiostrazione elevata [Solutioncare];720x600;00:00:08;01:43:15;;0,00;€0,00;;;;;;;0;;;
OK;IlCentesimo_100x140_1.JPG;;27/12/2023 10:43:07;131,00;95,00;4;5,0000;DGen Papyrus G5 - 1;BB Inchiostrazione elevata [Solutioncare];720x600;00:00:05;00:15:26;;0,00;€0,00;;;;;;;0;;;
OK;IlCentesimo_100x140_2.JPG;;27/12/2023 10:43:24;131,00;95,00;4;5,0000;DGen Papyrus G5 - 1;BB Inchiostrazione elevata [Solutioncare];720x600;00:00:06;00:15:26;;0,00;€0,00;;;;;;;0;;;
OK;IlCentesimo_100x140_3.JPG;;27/12/2023 10:44:34;131,00;95,00;5;6,2500;DGen Papyrus G5 - 1;BB Inchiostrazione elevata [Solutioncare];720x600;00:00:06;00:15:26;;0,00;€0,00;;;;;;;0;;;
OK;IlCentesimo_100x140_4.JPG;;27/12/2023 10:51:05;131,00;95,00;5;6,2500;DGen Papyrus G5 - 1;BB Inchiostrazione elevata [Solutioncare];720x600;00:00:06;00:15:26;;0,00;€0,00;;;;;;;0;;;
OK;IlCentesimo_6x3.JPG;;27/12/2023 11:17:41;568,00;280,00;6;95,4500;DGen Papyrus G5 - 1;BB Inchiostrazione elevata [Solutioncare];720x600;00:00:16;01:32:38;;0,00;€0,00;;;;;;;0;;;
OK;IlCentesimo_6x3.JPG;;27/12/2023 12:56:43;568,00;280,00;2;31,8500;DGen Papyrus G5 - 1;BB Inchiostrazione elevata [Solutioncare];720x600;00:00:16;00:28:17;;0,00;€0,00;;;;;;;0;;;
OK;Penny_12x3.JPG;;27/12/2023 13:38:25;1.180,00;278,00;1;32,8500;DGen Papyrus G5 - 1;BB Inchiostrazione elevata [Solutioncare];720x600;00:00:37;00:27:59;;0,00;€0,00;;;;;;;0;;;
OK;Penny_150x70_1.JPG;;27/12/2023 14:18:54;144,00;67,05;1;1,0000;DGen Papyrus G5 - 1;BB Inchiostrazione elevata [Solutioncare];720x600;00:00:03;00:32:12;;0,00;€0,00;;;;;;;0;;;
OK;Penny_150x70_2.JPG;;27/12/2023 14:18:58;144,00;67,05;2;1,9500;DGen Papyrus G5 - 1;BB Inchiostrazione elevata [Solutioncare];720x600;00:00:03;00:32:12;;0,00;€0,00;;;;;;;0;;;
OK;Penny_150x70_3.JPG;;27/12/2023 14:19:04;144,00;67,05;1;1,0000;DGen Papyrus G5 - 1;BB Inchiostrazione elevata [Solutioncare];720x600;00:00:03;00:32:12;;0,00;€0,00;;;;;;;0;;;
OK;Penny_150x70_4.JPG;;27/12/2023 14:19:08;144,00;67,05;1;1,0000;DGen Papyrus G5 - 1;BB Inchiostrazione elevata [Solutioncare];720x600;00:00:03;00:32:12;;0,00;€0,00;;;;;;;0;;;
OK;Penny_6x6.JPG;;27/12/2023 14:19:11;568,00;570,00;1;32,4000;DGen Papyrus G5 - 1;BB Inchiostrazione elevata [Solutioncare];720x600;00:00:36;00:32:12;;0,00;€0,00;;;;;;;0;;;
OK;EuroSpin_12x3_Rizzotto.JPG;;27/12/2023 15:04:20;1.180,00;278,00;1;32,8500;DGen Papyrus G5 - 1;BB Inchiostrazione elevata [Solutioncare];720x600;00:00:37;00:26:48;;0,00;€0,00;;;;;;;0;;;
OK;Eurospin_6x3_Rizzotto.JPG;;28/12/2023 11:12:26;568,05;280,00;1;15,9500;DGen Papyrus G5 - 1;BB Inchiostrazione elevata [Solutioncare];720x600;00:00:14;00:06:09;;0,00;€0,00;;;;;;;0;;;
OK;BonBon_6x3_new.JPG;;29/12/2023 10:13:02;568,00;280,00;5;79,5500;DGen Papyrus G5 - 1;BB Inchiostrazione elevata [Solutioncare];720x600;00:00:16;01:33:58;;0,00;€0,00;;;;;;;0;;;
OK;BonBon_12x3_new.JPG;;29/12/2023 11:16:29;1.180,00;278,00;1;32,8500;DGen Papyrus G5 - 1;BB Inchiostrazione elevata [Solutioncare];720x600;00:00:30;01:33:58;;0,00;€0,00;;;;;;;0;;;
OK;BonBon_140x200_new.JPG;;29/12/2023 12:16:32;131,00;194,00;23;58,4500;DGen Papyrus G5 - 1;BB Inchiostrazione elevata [Solutioncare];720x600;00:00:08;01:55:58;;0,00;€0,00;;;;;;;0;;;
OK;Max_6x3_Mizzica.JPG;;29/12/2023 13:02:31;568,00;280,00;5;79,5500;DGen Papyrus G5 - 1;BB Inchiostrazione elevata [Solutioncare];720x600;00:00:20;01:55:58;;0,00;€0,00;;;;;;;0;;;
OK;manifesto_md__6x3_27-7_gennaio.PDF;;29/12/2023 14:21:37;568,00;285,00;2;32,4000;DGen Papyrus G5 - 1;BB Inchiostrazione elevata [Solutioncare];720x600;00:00:32;00:20:43;;0,00;€0,00;;;;;;;0;;;
OK;Max_100x140_Mizzica.JPG;;29/12/2023 14:54:50;131,00;95,00;10;12,4500;DGen Papyrus G5 - 1;BB Inchiostrazione elevata [Solutioncare];720x600;00:00:05;12:15:05;;0,00;€0,00;;;;;;;0;;;
OK;Max_140x200_Mizzica.JPG;;29/12/2023 14:59:45;131,00;194,00;11;28,0000;DGen Papyrus G5 - 1;BB Inchiostrazione elevata [Solutioncare];720x600;00:00:08;12:15:05;;0,00;€0,00;;;;;;;0;;;
OK;Bruno_6x6_1.JPG;;29/12/2023 15:29:54;568,00;570,00;1;32,4000;DGen Papyrus G5 - 1;BB Inchiostrazione elevata [Solutioncare];720x600;00:00:44;12:15:05;;0,00;€0,00;;;;;;;0;;;
OK;Bruno_6x6_2.JPG;;29/12/2023 16:03:28;568,00;570,00;1;32,4000;DGen Papyrus G5 - 1;BB Inchiostrazione elevata [Solutioncare];720x600;00:00:43;12:15:05;;0,00;€0,00;;;;;;;0;;;
OK;O.G.T._568x390_Acer.JPG;;29/12/2023 16:37:29;568,00;390,00;1;22,2000;DGen Papyrus G5 - 1;BB Inchiostrazione elevata [Solutioncare];720x600;00:00:34;12:15:05;;0,00;€0,00;;;;;;;0;;;
OK;O.G.T._568x390_Lavatrice.JPG;;29/12/2023 17:01:02;568,00;390,00;1;22,2000;DGen Papyrus G5 - 1;BB Inchiostrazione elevata [Solutioncare];720x600;00:00:33;12:15:05;;0,00;€0,00;;;;;;;0;;;
OK;Famila_100x140_1.JPG;;29/12/2023 17:24:31;131,00;95,00;3;3,7500;DGen Papyrus G5 - 1;BB Inchiostrazione elevata [Solutioncare];720x600;00:00:05;12:15:05;;0,00;€0,00;;;;;;;0;;;
OK;Famila_100x140_2.JPG;;29/12/2023 17:28:41;131,00;95,00;3;3,7500;DGen Papyrus G5 - 1;BB Inchiostrazione elevata [Solutioncare];720x600;00:00:07;12:15:05;;0,00;€0,00;;;;;;;0;;;
OK;Famila_140x200_1.JPG;;29/12/2023 17:32:45;131,00;194,00;105;266,8500;DGen Papyrus G5 - 1;BB Inchiostrazione elevata [Solutioncare];720x600;00:00:09;12:15:05;;0,00;€0,00;;;;;;;0;;;
OK;Famila_140x200_2.JPG;;29/12/2023 22:20:57;131,00;194,00;105;266,8500;DGen Papyrus G5 - 1;BB Inchiostrazione elevata [Solutioncare];720x600;00:00:09;12:15:05;;0,00;€0,00;;;;;;;0;;;
OK;Senza_titolo-1.JPG;;24/11/2023 09:06:52;143,00;300,00;1;4,3000;DGen Papyrus G5 - 2;Ahlstrom Chantaffiche 250g [Double CM profiles];720x1200;00:00:06;00:00:28;;0,00;€0,00;;;;;;;0;;;
ERROR;Senza_titolo-1.JPG;;24/11/2023 09:08:38;143,00;300,00;3;12,9000;DGen Papyrus G5 - 2;Ahlstrom Chantaffiche 250g [Double CM profiles];720x1200;00:00:06;00:41:56;;0,00;€0,00;;;;;;;0;;;
OK;140X200_STUFA_ALOGENA.JPG;;04/12/2023 10:49:31;134,00;194,00;1;2,6000;DGen Papyrus G5 - 2;Ahlstrom Chantaffiche 250g [Double CM profiles];720x1200;00:00:14;00:00:22;;0,00;€0,00;;;;;;;0;;;
OK;140X200_STUFA_ALOGENA.JPG;;04/12/2023 10:50:51;134,00;194,00;1;2,6000;DGen Papyrus G5 - 2;Blueback [Double CM profiles];720x600;00:00:10;00:00:11;;0,00;€0,00;;;;;;;0;;;
OK;140X200_STUFA_ALOGENA.JPG;;04/12/2023 10:51:59;134,00;194,00;1;2,6000;DGen Papyrus G5 - 2;Blueback [Double CM profiles];720x600;00:00:10;00:00:10;;0,00;€0,00;;;;;;;0;;;
ERROR;PaghiPoco_6x3_Bagheria.JPG;;05/12/2023 16:42:44;568,00;280,00;1;15,9500;DGen Papyrus G5 - 2;Ahlstrom Chantaffiche 250g [Double CM profiles];720x1200;00:00:35;00:01:30;;0,00;€0,00;;;;;;;0;;;
OK;PaghiPoco_6x3_Bagheria.JPG;;05/12/2023 16:44:43;568,00;280,00;1;15,9500;DGen Papyrus G5 - 2;Ahlstrom Chantaffiche 250g [Double CM profiles];720x1200;00:00:35;00:23:57;;0,00;€0,00;;;;;;;0;;;
ERROR;Conad_6x6.JPG;;06/12/2023 10:22:51;568,00;565,00;3;96,3000;DGen Papyrus G5 - 2;Ahlstrom Chantaffiche 250g [Double CM profiles];720x1200;00:01:10;00:05:15;;0,00;€0,00;;;;;;;0;;;
ERROR;Conad_6x6.JPG;;06/12/2023 10:33:35;568,00;565,00;3;96,3000;DGen Papyrus G5 - 2;Ahlstrom Chantaffiche 250g [Double CM profiles];720x1200;00:01:10;00:01:40;;0,00;€0,00;;;;;;;0;;;
ERROR;Conad_6x6.JPG;;06/12/2023 10:35:34;568,00;565,00;3;96,3000;DGen Papyrus G5 - 2;Ahlstrom Chantaffiche 250g [Double CM profiles];720x1200;00:01:10;00:01:17;;0,00;€0,00;;;;;;;0;;;
ERROR;Conad_6x6.JPG;;06/12/2023 10:37:28;568,00;565,00;3;96,3000;DGen Papyrus G5 - 2;Ahlstrom Chantaffiche 250g [Double CM profiles];720x1200;00:01:10;00:13:19;;0,00;€0,00;;;;;;;0;;;
OK;PENNY_150x70_1.JPG;;06/12/2023 14:04:48;144,05;67,05;1;1,0000;DGen Papyrus G5 - 2;Ahlstrom Chantaffiche 250g [Double CM profiles];720x1200;00:00:05;00:00:29;;0,00;€0,00;;;;;;;0;;;
OK;PENNY_150x70_2.JPG;;06/12/2023 14:04:55;144,05;67,05;1;1,0000;DGen Papyrus G5 - 2;Ahlstrom Chantaffiche 250g [Double CM profiles];720x1200;00:00:05;00:00:29;;0,00;€0,00;;;;;;;0;;;
OK;PENNY_150x70_3.JPG;;06/12/2023 14:05:03;144,05;67,05;1;1,0000;DGen Papyrus G5 - 2;Ahlstrom Chantaffiche 250g [Double CM profiles];720x1200;00:00:05;00:00:29;;0,00;€0,00;;;;;;;0;;;
OK;PENNY_150x70_4.JPG;;06/12/2023 14:05:10;144,05;67,05;1;1,0000;DGen Papyrus G5 - 2;Ahlstrom Chantaffiche 250g [Double CM profiles];720x1200;00:00:05;00:00:29;;0,00;€0,00;;;;;;;0;;;
